state,location,groupedCourseID,groupedCourseName,groupParticipants,groupMax,complete,instanceID,startDate,name,code,participants,maxParticipants,vacancy,enrolmentOpen
has_room,ADELAIDE,107756,CPR/PFA/EFA,8,20,true,2058037,2026-08-29T08:00:00+10:00,Provide CPR (AM),CPR-009,3,20,17,true
has_room,ADELAIDE,107756,CPR/PFA/EFA,8,20,true,2058042,2026-08-29T08:00:00+10:00,Provide First Aid (AM),PFA-011,3,20,17,true
has_room,ADELAIDE,107756,CPR/PFA/EFA,8,20,true,2058047,2026-08-29T08:00:00+10:00,Childcare First Aid (AM),EFA-012,2,20,18,true
has_room,ADELAIDE,108712,CPR/PFA/EFA,3,20,true,2060927,2026-09-05T08:00:00+10:00,Provide CPR (AM),CPR-009,1,20,19,true
has_room,ADELAIDE,108712,CPR/PFA/EFA,3,20,true,2060931,2026-09-05T08:00:00+10:00,Provide First Aid (AM),PFA-011,1,20,19,true
has_room,ADELAIDE,108712,CPR/PFA/EFA,3,20,true,2060935,2026-09-05T08:00:00+10:00,Childcare First Aid (AM),EFA-012,1,20,19,true
has_room,ADELAIDE,108713,CPR/PFA/EFA,5,20,true,2060928,2026-09-12T08:00:00+10:00,Provide CPR (AM),CPR-009,1,20,19,true
has_room,ADELAIDE,108713,CPR/PFA/EFA,5,20,true,2060932,2026-09-12T08:00:00+10:00,Provide First Aid (AM),PFA-011,2,20,18,true
has_room,ADELAIDE,108713,CPR/PFA/EFA,5,20,true,2060936,2026-09-12T08:00:00+10:00,Childcare First Aid (AM),EFA-012,2,20,18,true
has_room,ADELAIDE,108714,CPR/PFA/EFA,1,20,true,2060929,2026-09-19T08:00:00+10:00,Provide CPR (AM),CPR-009,0,20,20,true
has_room,ADELAIDE,108714,CPR/PFA/EFA,1,20,true,2060933,2026-09-19T08:00:00+10:00,Provide First Aid (AM),PFA-011,1,20,19,true
has_room,ADELAIDE,108714,CPR/PFA/EFA,1,20,true,2060937,2026-09-19T08:00:00+10:00,Childcare First Aid (AM),EFA-012,0,20,20,true
has_room,ADELAIDE,108715,CPR/PFA/EFA,0,20,true,2060930,2026-09-26T08:00:00+10:00,Provide CPR (AM),CPR-009,0,20,20,true
has_room,ADELAIDE,108715,CPR/PFA/EFA,0,20,true,2060934,2026-09-26T08:00:00+10:00,Provide First Aid (AM),PFA-011,0,20,20,true
has_room,ADELAIDE,108715,CPR/PFA/EFA,0,20,true,2060938,2026-09-26T08:00:00+10:00,Childcare First Aid (AM),EFA-012,0,20,20,true
has_room,ADELAIDE,108716,CPR & PFA (AM),7,20,true,2060939,2026-09-02T08:00:00+10:00,Provide CPR (AM),CPR-009,2,20,18,true
has_room,ADELAIDE,108716,CPR & PFA (AM),7,20,true,2060944,2026-09-02T08:00:00+10:00,Provide First Aid (AM),PFA-011,5,20,15,true
has_room,ADELAIDE,108717,CPR & PFA (AM),4,20,true,2060940,2026-09-09T08:00:00+10:00,Provide CPR (AM),CPR-009,1,20,19,true
has_room,ADELAIDE,108717,CPR & PFA (AM),4,20,true,2060945,2026-09-09T08:00:00+10:00,Provide First Aid (AM),PFA-011,3,20,17,true
has_room,ADELAIDE,108718,CPR & PFA (AM),3,20,true,2060941,2026-09-17T08:00:00+10:00,Provide CPR (AM),CPR-009,1,20,19,true
has_room,ADELAIDE,108718,CPR & PFA (AM),3,20,true,2060946,2026-09-17T08:00:00+10:00,Provide First Aid (AM),PFA-011,2,20,18,true
has_room,ADELAIDE,108719,CPR & PFA (AM),2,20,true,2060942,2026-09-24T08:00:00+10:00,Provide CPR (AM),CPR-009,1,20,19,true
has_room,ADELAIDE,108719,CPR & PFA (AM),2,20,true,2060947,2026-09-24T08:00:00+10:00,Provide First Aid (AM),PFA-011,1,20,19,true
has_room,ADELAIDE,108720,CPR & PFA (AM),1,20,true,2060943,2026-09-30T08:00:00+10:00,Provide CPR (AM),CPR-009,0,20,20,true
has_room,ADELAIDE,108720,CPR & PFA (AM),1,20,true,2060948,2026-09-30T08:00:00+10:00,Provide First Aid (AM),PFA-011,1,20,19,true
has_room,ADELAIDE,109170,CPR/PFA/EFA,0,20,true,2062327,2026-10-03T08:00:00+10:00,Provide CPR (AM),CPR-009,0,20,20,true
has_room,ADELAIDE,109170,CPR/PFA/EFA,0,20,true,2062332,2026-10-03T08:00:00+10:00,Provide First Aid (AM),PFA-011,0,20,20,true
has_room,ADELAIDE,109170,CPR/PFA/EFA,0,20,true,2062337,2026-10-03T08:00:00+10:00,Childcare First Aid (AM),EFA-012,0,20,20,true
has_room,ADELAIDE,109171,CPR/PFA/EFA,0,20,true,2062328,2026-10-10T08:00:00+10:00,Provide CPR (AM),CPR-009,0,20,20,true
has_room,ADELAIDE,109171,CPR/PFA/EFA,0,20,true,2062333,2026-10-10T08:00:00+10:00,Provide First Aid (AM),PFA-011,0,20,20,true
has_room,ADELAIDE,109171,CPR/PFA/EFA,0,20,true,2062338,2026-10-10T08:00:00+10:00,Childcare First Aid (AM),EFA-012,0,20,20,true
has_room,ADELAIDE,109172,CPR/PFA/EFA,0,20,true,2062329,2026-10-17T08:00:00+10:00,Provide CPR (AM),CPR-009,0,20,20,true
has_room,ADELAIDE,109172,CPR/PFA/EFA,0,20,true,2062334,2026-10-17T08:00:00+10:00,Provide First Aid (AM),PFA-011,0,20,20,true
has_room,ADELAIDE,109172,CPR/PFA/EFA,0,20,true,2062339,2026-10-17T08:00:00+10:00,Childcare First Aid (AM),EFA-012,0,20,20,true
has_room,ADELAIDE,109173,CPR/PFA/EFA,0,20,true,2062330,2026-10-24T08:00:00+10:00,Provide CPR (AM),CPR-009,0,20,20,true
has_room,ADELAIDE,109173,CPR/PFA/EFA,0,20,true,2062335,2026-10-24T08:00:00+10:00,Provide First Aid (AM),PFA-011,0,20,20,true
has_room,ADELAIDE,109173,CPR/PFA/EFA,0,20,true,2062340,2026-10-24T08:00:00+10:00,Childcare First Aid (AM),EFA-012,0,20,20,true
has_room,ADELAIDE,109174,CPR/PFA/EFA,0,20,true,2062331,2026-10-31T08:00:00+10:00,Provide CPR (AM),CPR-009,0,20,20,true
has_room,ADELAIDE,109174,CPR/PFA/EFA,0,20,true,2062336,2026-10-31T08:00:00+10:00,Provide First Aid (AM),PFA-011,0,20,20,true
has_room,ADELAIDE,109174,CPR/PFA/EFA,0,20,true,2062341,2026-10-31T08:00:00+10:00,Childcare First Aid (AM),EFA-012,0,20,20,true
has_room,ADELAIDE,109175,CPR & PFA (AM),0,20,true,2062345,2026-10-07T08:00:00+10:00,Provide CPR (AM),CPR-009,0,20,20,true
has_room,ADELAIDE,109175,CPR & PFA (AM),0,20,true,2062348,2026-10-07T08:00:00+10:00,Provide First Aid (AM),PFA-011,0,20,20,true
has_room,ADELAIDE,109176,CPR & PFA (AM),0,20,true,2062346,2026-10-15T08:00:00+10:00,Provide CPR (AM),CPR-009,0,20,20,true
has_room,ADELAIDE,109176,CPR & PFA (AM),0,20,true,2062349,2026-10-15T08:00:00+10:00,Provide First Aid (AM),PFA-011,0,20,20,true
has_room,ADELAIDE,109177,CPR & PFA (AM),1,20,true,2062347,2026-10-28T08:00:00+10:00,Provide CPR (AM),CPR-009,1,20,19,true
has_room,ADELAIDE,109177,CPR & PFA (AM),1,20,true,2062350,2026-10-28T08:00:00+10:00,Provide First Aid (AM),PFA-011,0,20,20,true
has_room,ALBION PARK,108367,CPR/PFA/EFA,7,24,true,2059867,2026-09-20T09:00:00+10:00,Provide CPR (AM),CPR-009,1,24,23,true
has_room,ALBION PARK,108367,CPR/PFA/EFA,7,24,true,2059868,2026-09-20T09:00:00+10:00,Provide First Aid (AM),PFA-011,5,24,19,true
has_room,ALBION PARK,108367,CPR/PFA/EFA,7,24,true,2059869,2026-09-20T09:00:00+10:00,Childcare First Aid (AM),EFA-012,1,24,23,true
has_room,ALBION PARK,108368,CPR & PFA (AM),6,24,true,2059870,2026-09-02T09:00:00+10:00,Provide CPR (AM),CPR-009,2,24,22,true
has_room,ALBION PARK,108368,CPR & PFA (AM),6,24,true,2059874,2026-09-02T09:00:00+10:00,Provide First Aid (AM),PFA-011,4,24,20,true
has_room,ALBION PARK,108370,CPR & PFA (AM),2,24,true,2059872,2026-09-23T09:00:00+10:00,Provide CPR (AM),CPR-009,1,24,23,true
has_room,ALBION PARK,108370,CPR & PFA (AM),2,24,true,2059876,2026-09-23T09:00:00+10:00,Provide First Aid (AM),PFA-011,1,24,23,true
has_room,ALBION PARK,108371,CPR & PFA (AM),2,24,true,2059873,2026-09-30T09:00:00+10:00,Provide CPR (AM),CPR-009,1,24,23,true
has_room,ALBION PARK,108371,CPR & PFA (AM),2,24,true,2059877,2026-09-30T09:00:00+10:00,Provide First Aid (AM),PFA-011,1,24,23,true
has_room,ALBION PARK,108729,CPR & PFA (AM),0,24,true,2060986,2026-09-07T09:00:00+10:00,Provide CPR (AM),CPR-009,0,24,24,true
has_room,ALBION PARK,108729,CPR & PFA (AM),0,24,true,2060987,2026-09-07T09:00:00+10:00,Provide First Aid (AM),PFA-011,0,24,24,true
has_room,ALTONA,107562,CPR & PFA (AM),14,24,true,2057457,2026-08-27T09:00:00+10:00,Provide CPR (AM),CPR-009,6,24,18,true
has_room,ALTONA,107562,CPR & PFA (AM),14,24,true,2057461,2026-08-27T09:00:00+10:00,Provide First Aid (AM),PFA-011,8,24,16,true
has_room,ALTONA,108516,CPR & PFA (AM),11,24,true,2060332,2026-09-03T09:00:00+10:00,Provide CPR (AM),CPR-009,4,24,20,true
has_room,ALTONA,108516,CPR & PFA (AM),11,24,true,2060336,2026-09-03T09:00:00+10:00,Provide First Aid (AM),PFA-011,7,24,17,true
has_room,ALTONA,108518,CPR & PFA (AM),4,24,true,2060334,2026-09-17T09:00:00+10:00,Provide CPR (AM),CPR-009,1,24,23,true
has_room,ALTONA,108518,CPR & PFA (AM),4,24,true,2060338,2026-09-17T09:00:00+10:00,Provide First Aid (AM),PFA-011,3,24,21,true
has_room,ALTONA,109270,CPR & PFA (AM),0,24,true,2062633,2026-10-01T09:00:00+10:00,Provide CPR (AM),CPR-009,0,24,24,true
has_room,ALTONA,109270,CPR & PFA (AM),0,24,true,2062638,2026-10-01T09:00:00+10:00,Provide First Aid (AM),PFA-011,0,24,24,true
has_room,ALTONA,109271,CPR & PFA (AM),0,24,true,2062634,2026-10-08T09:00:00+10:00,Provide CPR (AM),CPR-009,0,24,24,true
has_room,ALTONA,109271,CPR & PFA (AM),0,24,true,2062639,2026-10-08T09:00:00+10:00,Provide First Aid (AM),PFA-011,0,24,24,true
has_room,ALTONA,109272,CPR & PFA (AM),0,24,true,2062635,2026-10-15T09:00:00+10:00,Provide CPR (AM),CPR-009,0,24,24,true
has_room,ALTONA,109272,CPR & PFA (AM),0,24,true,2062640,2026-10-15T09:00:00+10:00,Provide First Aid (AM),PFA-011,0,24,24,true
has_room,ALTONA,109273,CPR & PFA (AM),0,24,true,2062636,2026-10-22T09:00:00+10:00,Provide CPR (AM),CPR-009,0,24,24,true
has_room,ALTONA,109273,CPR & PFA (AM),0,24,true,2062641,2026-10-22T09:00:00+10:00,Provide First Aid (AM),PFA-011,0,24,24,true
has_room,ALTONA,109274,CPR & PFA (AM),0,24,true,2062637,2026-10-29T09:00:00+10:00,Provide CPR (AM),CPR-009,0,24,24,true
has_room,ALTONA,109274,CPR & PFA (AM),0,24,true,2062642,2026-10-29T09:00:00+10:00,Provide First Aid (AM),PFA-011,0,24,24,true
over_cap,ARMADALE,107668,CPR/PFA/EFA,24,10,true,2057779,2026-08-29T09:00:00+10:00,Provide CPR (AM),CPR-009,10,10,0,true
over_cap,ARMADALE,107668,CPR/PFA/EFA,24,10,true,2057781,2026-08-29T09:00:00+10:00,Provide First Aid (AM),PFA-011,9,9,0,true
over_cap,ARMADALE,107668,CPR/PFA/EFA,24,10,true,2057783,2026-08-29T09:00:00+10:00,Childcare First Aid (AM),EFA-012,5,5,0,true
has_room,ARMADALE,107675,CPR & PFA (AM),23,24,true,2057790,2026-08-27T09:00:00+10:00,Provide CPR (AM),CPR-009,7,10,3,true
has_room,ARMADALE,107675,CPR & PFA (AM),23,24,true,2057797,2026-08-27T09:00:00+10:00,Provide First Aid (AM),PFA-011,16,24,8,true
has_room,ARMADALE,108625,CPR/PFA/EFA,8,24,true,2060660,2026-09-12T09:00:00+10:00,Provide CPR (AM),CPR-009,2,24,22,true
has_room,ARMADALE,108625,CPR/PFA/EFA,8,24,true,2060662,2026-09-12T09:00:00+10:00,Provide First Aid (AM),PFA-011,4,24,20,true
has_room,ARMADALE,108625,CPR/PFA/EFA,8,24,true,2060664,2026-09-12T09:00:00+10:00,Childcare First Aid (AM),EFA-012,2,24,22,true
has_room,ARMADALE,108626,CPR/PFA/EFA,2,24,true,2060661,2026-09-26T09:00:00+10:00,Provide CPR (AM),CPR-009,1,24,23,true
has_room,ARMADALE,108626,CPR/PFA/EFA,2,24,true,2060663,2026-09-26T09:00:00+10:00,Provide First Aid (AM),PFA-011,1,24,23,true
has_room,ARMADALE,108626,CPR/PFA/EFA,2,24,true,2060665,2026-09-26T09:00:00+10:00,Childcare First Aid (AM),EFA-012,0,24,24,true
has_room,ARMADALE,108627,CPR & PFA (AM),21,24,true,2060666,2026-09-02T09:00:00+10:00,Provide CPR (AM),CPR-009,6,10,4,true
has_room,ARMADALE,108627,CPR & PFA (AM),21,24,true,2060672,2026-09-02T09:00:00+10:00,Provide First Aid (AM),PFA-011,15,24,9,true
has_room,ARMADALE,108628,CPR & PFA (AM),2,24,true,2060667,2026-09-14T09:00:00+10:00,Provide CPR (AM),CPR-009,1,10,9,true
has_room,ARMADALE,108628,CPR & PFA (AM),2,24,true,2060673,2026-09-14T09:00:00+10:00,Provide First Aid (AM),PFA-011,1,24,23,true
has_room,ARMADALE,108629,CPR & PFA (AM),8,24,true,2060668,2026-09-17T09:00:00+10:00,Provide CPR (AM),CPR-009,6,10,4,true
has_room,ARMADALE,108629,CPR & PFA (AM),8,24,true,2060674,2026-09-17T09:00:00+10:00,Provide First Aid (AM),PFA-011,2,24,22,true
has_room,ARMADALE,108630,CPR & PFA (AM),2,24,true,2060669,2026-09-21T09:00:00+10:00,Provide CPR (AM),CPR-009,2,10,8,true
has_room,ARMADALE,108630,CPR & PFA (AM),2,24,true,2060675,2026-09-21T09:00:00+10:00,Provide First Aid (AM),PFA-011,0,24,24,true
has_room,ARMADALE,108631,CPR & PFA (AM),2,24,true,2060670,2026-09-24T09:00:00+10:00,Provide CPR (AM),CPR-009,0,10,10,true
has_room,ARMADALE,108631,CPR & PFA (AM),2,24,true,2060676,2026-09-24T09:00:00+10:00,Provide First Aid (AM),PFA-011,2,24,22,true
has_room,ARMADALE,108632,CPR & PFA (AM),1,24,true,2060671,2026-09-30T09:00:00+10:00,Provide CPR (AM),CPR-009,1,10,9,true
has_room,ARMADALE,108632,CPR & PFA (AM),1,24,true,2060677,2026-09-30T09:00:00+10:00,Provide First Aid (AM),PFA-011,0,24,24,true
has_room,ARMADALE,109087,CPR & PFA (AM),0,24,true,2062081,2026-10-05T09:00:00+10:00,Provide CPR (AM),CPR-009,0,10,10,true
has_room,ARMADALE,109087,CPR & PFA (AM),0,24,true,2062089,2026-10-05T09:00:00+10:00,Provide First Aid (AM),PFA-011,0,24,24,true
has_room,ARMADALE,109088,CPR & PFA (AM),0,24,true,2062082,2026-10-08T09:00:00+10:00,Provide CPR (AM),CPR-009,0,10,10,true
has_room,ARMADALE,109088,CPR & PFA (AM),0,24,true,2062090,2026-10-08T09:00:00+10:00,Provide First Aid (AM),PFA-011,0,24,24,true
has_room,ARMADALE,109089,CPR & PFA (AM),0,24,true,2062083,2026-10-13T09:00:00+10:00,Provide CPR (AM),CPR-009,0,10,10,true
has_room,ARMADALE,109089,CPR & PFA (AM),0,24,true,2062091,2026-10-13T09:00:00+10:00,Provide First Aid (AM),PFA-011,0,24,24,true
has_room,ARMADALE,109090,CPR & PFA (AM),0,24,true,2062084,2026-10-15T09:00:00+10:00,Provide CPR (AM),CPR-009,0,10,10,true
has_room,ARMADALE,109090,CPR & PFA (AM),0,24,true,2062092,2026-10-15T09:00:00+10:00,Provide First Aid (AM),PFA-011,0,24,24,true
has_room,ARMADALE,109091,CPR & PFA (AM),0,24,true,2062085,2026-10-20T09:00:00+10:00,Provide CPR (AM),CPR-009,0,10,10,true
has_room,ARMADALE,109091,CPR & PFA (AM),0,24,true,2062093,2026-10-20T09:00:00+10:00,Provide First Aid (AM),PFA-011,0,24,24,true
has_room,ARMADALE,109092,CPR & PFA (AM),0,24,true,2062086,2026-10-22T09:00:00+10:00,Provide CPR (AM),CPR-009,0,10,10,true
has_room,ARMADALE,109092,CPR & PFA (AM),0,24,true,2062094,2026-10-22T09:00:00+10:00,Provide First Aid (AM),PFA-011,0,24,24,true
has_room,ARMADALE,109093,CPR & PFA (AM),0,24,true,2062087,2026-10-27T09:00:00+10:00,Provide CPR (AM),CPR-009,0,10,10,true
has_room,ARMADALE,109093,CPR & PFA (AM),0,24,true,2062095,2026-10-27T09:00:00+10:00,Provide First Aid (AM),PFA-011,0,24,24,true
has_room,ARMADALE,109094,CPR & PFA (AM),0,24,true,2062088,2026-10-29T09:00:00+10:00,Provide CPR (AM),CPR-009,0,10,10,true
has_room,ARMADALE,109094,CPR & PFA (AM),0,24,true,2062096,2026-10-29T09:00:00+10:00,Provide First Aid (AM),PFA-011,0,24,24,true
has_room,ARMADALE,109095,CPR/PFA/EFA,0,24,true,2062097,2026-10-03T09:00:00+10:00,Provide CPR (AM),CPR-009,0,24,24,true
has_room,ARMADALE,109095,CPR/PFA/EFA,0,24,true,2062099,2026-10-03T09:00:00+10:00,Provide First Aid (AM),PFA-011,0,24,24,true
has_room,ARMADALE,109095,CPR/PFA/EFA,0,24,true,2062101,2026-10-03T09:00:00+10:00,Childcare First Aid (AM),EFA-012,0,24,24,true
has_room,ARMADALE,109096,CPR/PFA/EFA,0,24,true,2062098,2026-10-31T09:00:00+10:00,Provide CPR (AM),CPR-009,0,24,24,true
has_room,ARMADALE,109096,CPR/PFA/EFA,0,24,true,2062100,2026-10-31T09:00:00+10:00,Provide First Aid (AM),PFA-011,0,24,24,true
has_room,ARMADALE,109096,CPR/PFA/EFA,0,24,true,2062102,2026-10-31T09:00:00+10:00,Childcare First Aid (AM),EFA-012,0,24,24,true
has_room,BALLARAT,107523,CPR & PFA (AM),16,24,true,2057332,2026-08-28T09:00:00+10:00,Provide CPR (AM),CPR-009,4,10,6,true
has_room,BALLARAT,107523,CPR & PFA (AM),16,24,true,2057341,2026-08-28T09:00:00+10:00,Provide First Aid (AM),PFA-011,12,24,12,true
has_room,BALLARAT,107524,CPR & PFA (AM),13,24,true,2057333,2026-08-31T09:00:00+10:00,Provide CPR (AM),CPR-009,3,10,7,true
has_room,BALLARAT,107524,CPR & PFA (AM),13,24,true,2057342,2026-08-31T09:00:00+10:00,Provide First Aid (AM),PFA-011,10,24,14,true
has_room,BALLARAT,108466,CPR/PFA/EFA,11,24,true,2060164,2026-09-05T09:00:00+10:00,Provide CPR (AM),CPR-009,4,8,4,true
has_room,BALLARAT,108466,CPR/PFA/EFA,11,24,true,2060166,2026-09-05T09:00:00+10:00,Provide First Aid (AM),PFA-011,4,24,20,true
has_room,BALLARAT,108466,CPR/PFA/EFA,11,24,true,2060168,2026-09-05T09:00:00+10:00,Childcare First Aid (AM),EFA-012,3,24,21,true
has_room,BALLARAT,108467,CPR/PFA/EFA,3,24,true,2060165,2026-09-19T09:00:00+10:00,Provide CPR (AM),CPR-009,0,8,8,true
has_room,BALLARAT,108467,CPR/PFA/EFA,3,24,true,2060167,2026-09-19T09:00:00+10:00,Provide First Aid (AM),PFA-011,3,24,21,true
has_room,BALLARAT,108467,CPR/PFA/EFA,3,24,true,2060169,2026-09-19T09:00:00+10:00,Childcare First Aid (AM),EFA-012,0,24,24,true
has_room,BALLARAT,108468,CPR & PFA (AM),8,24,true,2060170,2026-09-03T09:00:00+10:00,Provide CPR (AM),CPR-009,4,10,6,true
has_room,BALLARAT,108468,CPR & PFA (AM),8,24,true,2060179,2026-09-03T09:00:00+10:00,Provide First Aid (AM),PFA-011,4,24,20,true
has_room,BALLARAT,108469,CPR & PFA (AM),5,24,true,2060171,2026-09-08T09:00:00+10:00,Provide CPR (AM),CPR-009,2,10,8,true
has_room,BALLARAT,108469,CPR & PFA (AM),5,24,true,2060180,2026-09-08T09:00:00+10:00,Provide First Aid (AM),PFA-011,3,24,21,true
has_room,BALLARAT,108470,CPR & PFA (AM),3,24,true,2060172,2026-09-11T09:00:00+10:00,Provide CPR (AM),CPR-009,2,10,8,true
has_room,BALLARAT,108470,CPR & PFA (AM),3,24,true,2060181,2026-09-11T09:00:00+10:00,Provide First Aid (AM),PFA-011,1,24,23,true
has_room,BALLARAT,108471,CPR & PFA (AM),2,24,true,2060173,2026-09-14T09:00:00+10:00,Provide CPR (AM),CPR-009,0,10,10,true
has_room,BALLARAT,108471,CPR & PFA (AM),2,24,true,2060182,2026-09-14T09:00:00+10:00,Provide First Aid (AM),PFA-011,2,24,22,true
has_room,BALLARAT,108472,CPR & PFA (AM),4,24,true,2060174,2026-09-16T09:00:00+10:00,Provide CPR (AM),CPR-009,1,10,9,true
has_room,BALLARAT,108472,CPR & PFA (AM),4,24,true,2060183,2026-09-16T09:00:00+10:00,Provide First Aid (AM),PFA-011,3,24,21,true
has_room,BALLARAT,108473,CPR & PFA (AM),2,24,true,2060175,2026-09-22T09:00:00+10:00,Provide CPR (AM),CPR-009,0,10,10,true
has_room,BALLARAT,108473,CPR & PFA (AM),2,24,true,2060184,2026-09-22T09:00:00+10:00,Provide First Aid (AM),PFA-011,2,24,22,true
has_room,BALLARAT,108474,CPR & PFA (AM),1,24,true,2060176,2026-09-24T09:00:00+10:00,Provide CPR (AM),CPR-009,0,10,10,true
has_room,BALLARAT,108474,CPR & PFA (AM),1,24,true,2060185,2026-09-24T09:00:00+10:00,Provide First Aid (AM),PFA-011,1,24,23,true
has_room,BALLARAT,108475,CPR & PFA (AM),0,24,true,2060177,2026-09-28T09:00:00+10:00,Provide CPR (AM),CPR-009,0,10,10,true
has_room,BALLARAT,108475,CPR & PFA (AM),0,24,true,2060186,2026-09-28T09:00:00+10:00,Provide First Aid (AM),PFA-011,0,24,24,true
has_room,BALLARAT,108476,CPR & PFA (AM),1,24,true,2060178,2026-09-30T09:00:00+10:00,Provide CPR (AM),CPR-009,1,10,9,true
has_room,BALLARAT,108476,CPR & PFA (AM),1,24,true,2060187,2026-09-30T09:00:00+10:00,Provide First Aid (AM),PFA-011,0,24,24,true
has_room,BALLARAT,109227,CPR & PFA (AM),0,24,true,2062507,2026-10-06T09:00:00+10:00,Provide CPR (AM),CPR-009,0,10,10,true
has_room,BALLARAT,109227,CPR & PFA (AM),0,24,true,2062515,2026-10-06T09:00:00+10:00,Provide First Aid (AM),PFA-011,0,24,24,true
has_room,BALLARAT,109228,CPR & PFA (AM),0,24,true,2062508,2026-10-08T09:00:00+10:00,Provide CPR (AM),CPR-009,0,10,10,true
has_room,BALLARAT,109228,CPR & PFA (AM),0,24,true,2062516,2026-10-08T09:00:00+10:00,Provide First Aid (AM),PFA-011,0,24,24,true
has_room,BALLARAT,109229,CPR & PFA (AM),0,24,true,2062509,2026-10-12T09:00:00+10:00,Provide CPR (AM),CPR-009,0,10,10,true
has_room,BALLARAT,109229,CPR & PFA (AM),0,24,true,2062517,2026-10-12T09:00:00+10:00,Provide First Aid (AM),PFA-011,0,24,24,true
has_room,BALLARAT,109230,CPR & PFA (AM),0,24,true,2062510,2026-10-14T09:00:00+10:00,Provide CPR (AM),CPR-009,0,10,10,true
has_room,BALLARAT,109230,CPR & PFA (AM),0,24,true,2062518,2026-10-14T09:00:00+10:00,Provide First Aid (AM),PFA-011,0,24,24,true
has_room,BALLARAT,109231,CPR & PFA (AM),0,24,true,2062511,2026-10-20T09:00:00+10:00,Provide CPR (AM),CPR-009,0,10,10,true
has_room,BALLARAT,109231,CPR & PFA (AM),0,24,true,2062519,2026-10-20T09:00:00+10:00,Provide First Aid (AM),PFA-011,0,24,24,true
has_room,BALLARAT,109232,CPR & PFA (AM),0,24,true,2062512,2026-10-23T09:00:00+10:00,Provide CPR (AM),CPR-009,0,10,10,true
has_room,BALLARAT,109232,CPR & PFA (AM),0,24,true,2062520,2026-10-23T09:00:00+10:00,Provide First Aid (AM),PFA-011,0,24,24,true
has_room,BALLARAT,109233,CPR & PFA (AM),0,24,true,2062513,2026-10-26T09:00:00+10:00,Provide CPR (AM),CPR-009,0,10,10,true
has_room,BALLARAT,109233,CPR & PFA (AM),0,24,true,2062521,2026-10-26T09:00:00+10:00,Provide First Aid (AM),PFA-011,0,24,24,true
has_room,BALLARAT,109234,CPR & PFA (AM),0,24,true,2062514,2026-10-29T09:00:00+10:00,Provide CPR (AM),CPR-009,0,10,10,true
has_room,BALLARAT,109234,CPR & PFA (AM),0,24,true,2062522,2026-10-29T09:00:00+10:00,Provide First Aid (AM),PFA-011,0,24,24,true
has_room,BALLARAT,109235,CPR/PFA/EFA,0,24,true,2062523,2026-10-03T09:00:00+10:00,Provide CPR (AM),CPR-009,0,8,8,true
has_room,BALLARAT,109235,CPR/PFA/EFA,0,24,true,2062526,2026-10-03T09:00:00+10:00,Provide First Aid (AM),PFA-011,0,24,24,true
has_room,BALLARAT,109235,CPR/PFA/EFA,0,24,true,2062529,2026-10-03T09:00:00+10:00,Childcare First Aid (AM),EFA-012,0,24,24,true
has_room,BALLARAT,109236,CPR/PFA/EFA,0,24,true,2062524,2026-10-17T09:00:00+10:00,Provide CPR (AM),CPR-009,0,8,8,true
has_room,BALLARAT,109236,CPR/PFA/EFA,0,24,true,2062527,2026-10-17T09:00:00+10:00,Provide First Aid (AM),PFA-011,0,24,24,true
has_room,BALLARAT,109236,CPR/PFA/EFA,0,24,true,2062530,2026-10-17T09:00:00+10:00,Childcare First Aid (AM),EFA-012,0,24,24,true
has_room,BALLARAT,109237,CPR/PFA/EFA,0,24,true,2062525,2026-10-31T09:00:00+10:00,Provide CPR (AM),CPR-009,0,8,8,true
has_room,BALLARAT,109237,CPR/PFA/EFA,0,24,true,2062528,2026-10-31T09:00:00+10:00,Provide First Aid (AM),PFA-011,0,24,24,true
has_room,BALLARAT,109237,CPR/PFA/EFA,0,24,true,2062531,2026-10-31T09:00:00+10:00,Childcare First Aid (AM),EFA-012,0,24,24,true
has_room,BANKSTOWN,107366,CPR & PFA (AM),4,18,true,2056873,2026-08-31T09:00:00+10:00,Provide CPR (AM),CPR-009,2,8,6,true
has_room,BANKSTOWN,107366,CPR & PFA (AM),4,18,true,2056879,2026-08-31T09:00:00+10:00,Provide First Aid (AM),PFA-011,2,18,16,true
has_room,BANKSTOWN,108303,CPR/PFA/EFA,5,18,true,2059683,2026-09-11T09:00:00+10:00,Provide CPR (AM),CPR-009,3,8,5,true
has_room,BANKSTOWN,108303,CPR/PFA/EFA,5,18,true,2059684,2026-09-11T09:00:00+10:00,Provide First Aid (AM),PFA-011,1,18,17,true
has_room,BANKSTOWN,108303,CPR/PFA/EFA,5,18,true,2059685,2026-09-11T09:00:00+10:00,Childcare First Aid (AM),EFA-012,1,18,17,true
has_room,BANKSTOWN,108304,CPR & PFA (AM),8,18,true,2059686,2026-09-02T09:00:00+10:00,Provide CPR (AM),CPR-009,2,8,6,true
has_room,BANKSTOWN,108304,CPR & PFA (AM),8,18,true,2059693,2026-09-02T09:00:00+10:00,Provide First Aid (AM),PFA-011,6,18,12,true
has_room,BANKSTOWN,108305,CPR & PFA (AM),3,18,true,2059687,2026-09-08T09:00:00+10:00,Provide CPR (AM),CPR-009,1,8,7,true
has_room,BANKSTOWN,108305,CPR & PFA (AM),3,18,true,2059694,2026-09-08T09:00:00+10:00,Provide First Aid (AM),PFA-011,2,18,16,true
has_room,BANKSTOWN,108306,CPR & PFA (AM),1,18,true,2059688,2026-09-14T09:00:00+10:00,Provide CPR (AM),CPR-009,1,8,7,true
has_room,BANKSTOWN,108306,CPR & PFA (AM),1,18,true,2059695,2026-09-14T09:00:00+10:00,Provide First Aid (AM),PFA-011,0,18,18,true
has_room,BANKSTOWN,108307,CPR & PFA (AM),2,18,true,2059689,2026-09-18T09:00:00+10:00,Provide CPR (AM),CPR-009,0,8,8,true
has_room,BANKSTOWN,108307,CPR & PFA (AM),2,18,true,2059696,2026-09-18T09:00:00+10:00,Provide First Aid (AM),PFA-011,2,18,16,true
has_room,BANKSTOWN,108308,CPR & PFA (AM),0,18,true,2059690,2026-09-21T09:00:00+10:00,Provide CPR (AM),CPR-009,0,8,8,true
has_room,BANKSTOWN,108308,CPR & PFA (AM),0,18,true,2059697,2026-09-21T09:00:00+10:00,Provide First Aid (AM),PFA-011,0,18,18,true
has_room,BANKSTOWN,108309,CPR & PFA (AM),0,18,true,2059691,2026-09-24T09:00:00+10:00,Provide CPR (AM),CPR-009,0,8,8,true
has_room,BANKSTOWN,108309,CPR & PFA (AM),0,18,true,2059698,2026-09-24T09:00:00+10:00,Provide First Aid (AM),PFA-011,0,18,18,true
has_room,BANKSTOWN,108310,CPR & PFA (AM),1,18,true,2059692,2026-09-28T09:00:00+10:00,Provide CPR (AM),CPR-009,0,8,8,true
has_room,BANKSTOWN,108310,CPR & PFA (AM),1,18,true,2059699,2026-09-28T09:00:00+10:00,Provide First Aid (AM),PFA-011,1,18,17,true
has_room,BANKSTOWN,108938,CPR & PFA (AM),0,18,true,2061638,2026-10-06T09:00:00+10:00,Provide CPR (AM),CPR-009,0,8,8,true
has_room,BANKSTOWN,108938,CPR & PFA (AM),0,18,true,2061644,2026-10-06T09:00:00+10:00,Provide First Aid (AM),PFA-011,0,18,18,true
has_room,BANKSTOWN,108939,CPR & PFA (AM),0,18,true,2061639,2026-10-12T09:00:00+10:00,Provide CPR (AM),CPR-009,0,8,8,true
has_room,BANKSTOWN,108939,CPR & PFA (AM),0,18,true,2061645,2026-10-12T09:00:00+10:00,Provide First Aid (AM),PFA-011,0,18,18,true
has_room,BANKSTOWN,108940,CPR & PFA (AM),0,18,true,2061640,2026-10-16T09:00:00+10:00,Provide CPR (AM),CPR-009,0,8,8,true
has_room,BANKSTOWN,108940,CPR & PFA (AM),0,18,true,2061646,2026-10-16T09:00:00+10:00,Provide First Aid (AM),PFA-011,0,18,18,true
has_room,BANKSTOWN,108941,CPR & PFA (AM),0,18,true,2061641,2026-10-19T09:00:00+10:00,Provide CPR (AM),CPR-009,0,8,8,true
has_room,BANKSTOWN,108941,CPR & PFA (AM),0,18,true,2061647,2026-10-19T09:00:00+10:00,Provide First Aid (AM),PFA-011,0,18,18,true
has_room,BANKSTOWN,108942,CPR & PFA (AM),0,18,true,2061642,2026-10-22T09:00:00+10:00,Provide CPR (AM),CPR-009,0,8,8,true
has_room,BANKSTOWN,108942,CPR & PFA (AM),0,18,true,2061648,2026-10-22T09:00:00+10:00,Provide First Aid (AM),PFA-011,0,18,18,true
has_room,BANKSTOWN,108943,CPR & PFA (AM),0,18,true,2061643,2026-10-26T09:00:00+10:00,Provide CPR (AM),CPR-009,0,8,8,true
has_room,BANKSTOWN,108943,CPR & PFA (AM),0,18,true,2061649,2026-10-26T09:00:00+10:00,Provide First Aid (AM),PFA-011,0,18,18,true
has_room,BANKSTOWN,108944,CPR/PFA/EFA,0,18,true,2061650,2026-10-09T09:00:00+10:00,Provide CPR (AM),CPR-009,0,8,8,true
has_room,BANKSTOWN,108944,CPR/PFA/EFA,0,18,true,2061651,2026-10-09T09:00:00+10:00,Provide First Aid (AM),PFA-011,0,18,18,true
has_room,BANKSTOWN,108944,CPR/PFA/EFA,0,18,true,2061652,2026-10-09T09:00:00+10:00,Childcare First Aid (AM),EFA-012,0,18,18,true
has_room,BEAUDESERT,107856,CPR/PFA/EFA,12,24,true,2058354,2026-09-07T09:00:00+10:00,Provide CPR (AM),CPR-009,3,8,5,true
has_room,BEAUDESERT,107856,CPR/PFA/EFA,12,24,true,2058355,2026-09-07T09:00:00+10:00,Provide First Aid (AM),PFA-011,4,24,20,true
has_room,BEAUDESERT,107856,CPR/PFA/EFA,12,24,true,2058356,2026-09-07T09:00:00+10:00,Childcare First Aid (AM),EFA-012,5,24,19,true
has_room,BEAUDESERT,107857,CPR & PFA (AM),13,24,true,2058357,2026-09-02T09:00:00+10:00,Provide CPR (AM),CPR-009,7,9,2,true
has_room,BEAUDESERT,107857,CPR & PFA (AM),13,24,true,2058361,2026-09-02T09:00:00+10:00,Provide First Aid (AM),PFA-011,6,24,18,true
has_room,BEAUDESERT,107858,CPR & PFA (AM),3,24,true,2058358,2026-09-14T09:00:00+10:00,Provide CPR (AM),CPR-009,1,8,7,true
has_room,BEAUDESERT,107858,CPR & PFA (AM),3,24,true,2058362,2026-09-14T09:00:00+10:00,Provide First Aid (AM),PFA-011,2,24,22,true
has_room,BEAUDESERT,107859,CPR & PFA (AM),5,24,true,2058359,2026-09-23T09:00:00+10:00,Provide CPR (AM),CPR-009,3,8,5,true
has_room,BEAUDESERT,107859,CPR & PFA (AM),5,24,true,2058363,2026-09-23T09:00:00+10:00,Provide First Aid (AM),PFA-011,2,24,22,true
has_room,BEAUDESERT,107860,CPR & PFA (AM),2,24,true,2058360,2026-09-30T09:00:00+10:00,Provide CPR (AM),CPR-009,1,8,7,true
has_room,BEAUDESERT,107860,CPR & PFA (AM),2,24,true,2058364,2026-09-30T09:00:00+10:00,Provide First Aid (AM),PFA-011,1,24,23,true
has_room,BEAUDESERT,109416,CPR & PFA (AM),0,24,true,2063065,2026-10-12T09:00:00+10:00,Provide CPR (AM),CPR-009,0,8,8,true
has_room,BEAUDESERT,109416,CPR & PFA (AM),0,24,true,2063068,2026-10-12T09:00:00+10:00,Provide First Aid (AM),PFA-011,0,24,24,true
has_room,BEAUDESERT,109417,CPR & PFA (AM),0,24,true,2063066,2026-10-21T09:00:00+10:00,Provide CPR (AM),CPR-009,0,8,8,true
has_room,BEAUDESERT,109417,CPR & PFA (AM),0,24,true,2063069,2026-10-21T09:00:00+10:00,Provide First Aid (AM),PFA-011,0,24,24,true
has_room,BEAUDESERT,109418,CPR & PFA (AM),1,24,true,2063067,2026-10-28T09:00:00+10:00,Provide CPR (AM),CPR-009,0,8,8,true
has_room,BEAUDESERT,109418,CPR & PFA (AM),1,24,true,2063070,2026-10-28T09:00:00+10:00,Provide First Aid (AM),PFA-011,1,24,23,true
has_room,BEAUDESERT,109419,CPR/PFA/EFA,0,24,true,2063076,2026-10-05T09:00:00+10:00,Provide CPR (AM),CPR-009,0,8,8,true
has_room,BEAUDESERT,109419,CPR/PFA/EFA,0,24,true,2063077,2026-10-05T09:00:00+10:00,Provide First Aid (AM),PFA-011,0,24,24,true
has_room,BEAUDESERT,109419,CPR/PFA/EFA,0,24,true,2063078,2026-10-05T09:00:00+10:00,Childcare First Aid (AM),EFA-012,0,24,24,true
has_room,BELMONT,107644,CPR/PFA/EFA,18,28,true,2057697,2026-08-29T09:00:00+10:00,Provide CPR (AM),CPR-009,5,28,23,true
has_room,BELMONT,107644,CPR/PFA/EFA,18,28,true,2057705,2026-08-29T09:00:00+10:00,Provide First Aid (AM),PFA-011,9,28,19,true
has_room,BELMONT,107644,CPR/PFA/EFA,18,28,true,2057713,2026-08-29T09:00:00+10:00,Childcare First Aid (AM),EFA-012,4,28,24,true
has_room,BELMONT,107645,CPR/PFA/EFA,14,28,true,2057698,2026-08-30T09:00:00+10:00,Provide CPR (AM),CPR-009,5,28,23,true
has_room,BELMONT,107645,CPR/PFA/EFA,14,28,true,2057706,2026-08-30T09:00:00+10:00,Provide First Aid (AM),PFA-011,6,28,22,true
has_room,BELMONT,107645,CPR/PFA/EFA,14,28,true,2057714,2026-08-30T09:00:00+10:00,Childcare First Aid (AM),EFA-012,3,28,25,true
has_room,BELMONT,107664,CPR & PFA (AM),22,28,true,2057733,2026-08-27T09:00:00+10:00,Provide CPR (AM),CPR-009,7,10,3,true
has_room,BELMONT,107664,CPR & PFA (AM),22,28,true,2057754,2026-08-27T09:00:00+10:00,Provide First Aid (AM),PFA-011,15,28,13,true
has_room,BELMONT,107665,CPR & PFA (AM),17,28,true,2057734,2026-08-28T09:00:00+10:00,Provide CPR (AM),CPR-009,5,10,5,true
has_room,BELMONT,107665,CPR & PFA (AM),17,28,true,2057755,2026-08-28T09:00:00+10:00,Provide First Aid (AM),PFA-011,12,28,16,true
has_room,BELMONT,107666,CPR & PFA (AM),6,28,true,2057735,2026-08-31T09:00:00+10:00,Provide CPR (AM),CPR-009,3,10,7,true
has_room,BELMONT,107666,CPR & PFA (AM),6,28,true,2057756,2026-08-31T09:00:00+10:00,Provide First Aid (AM),PFA-011,3,28,25,true
has_room,BELMONT,108597,CPR/PFA/EFA,5,28,true,2060576,2026-09-05T09:00:00+10:00,Provide CPR (AM),CPR-009,2,28,26,true
has_room,BELMONT,108597,CPR/PFA/EFA,5,28,true,2060582,2026-09-05T09:00:00+10:00,Provide First Aid (AM),PFA-011,3,28,25,true
has_room,BELMONT,108597,CPR/PFA/EFA,5,28,true,2060588,2026-09-05T09:00:00+10:00,Childcare First Aid (AM),EFA-012,0,28,28,true
has_room,BELMONT,108598,CPR/PFA/EFA,0,28,true,2060577,2026-09-12T09:00:00+10:00,Provide CPR (AM),CPR-009,0,28,28,true
has_room,BELMONT,108598,CPR/PFA/EFA,0,28,true,2060583,2026-09-12T09:00:00+10:00,Provide First Aid (AM),PFA-011,0,28,28,true
has_room,BELMONT,108598,CPR/PFA/EFA,0,28,true,2060589,2026-09-12T09:00:00+10:00,Childcare First Aid (AM),EFA-012,0,28,28,true
has_room,BELMONT,108599,CPR/PFA/EFA,3,28,true,2060578,2026-09-13T09:00:00+10:00,Provide CPR (AM),CPR-009,0,28,28,true
has_room,BELMONT,108599,CPR/PFA/EFA,3,28,true,2060584,2026-09-13T09:00:00+10:00,Provide First Aid (AM),PFA-011,0,28,28,true
has_room,BELMONT,108599,CPR/PFA/EFA,3,28,true,2060590,2026-09-13T09:00:00+10:00,Childcare First Aid (AM),EFA-012,3,28,25,true
has_room,BELMONT,108600,CPR/PFA/EFA,0,28,true,2060579,2026-09-19T09:00:00+10:00,Provide CPR (AM),CPR-009,0,28,28,true
has_room,BELMONT,108600,CPR/PFA/EFA,0,28,true,2060585,2026-09-19T09:00:00+10:00,Provide First Aid (AM),PFA-011,0,28,28,true
has_room,BELMONT,108600,CPR/PFA/EFA,0,28,true,2060591,2026-09-19T09:00:00+10:00,Childcare First Aid (AM),EFA-012,0,28,28,true
has_room,BELMONT,108601,CPR/PFA/EFA,0,28,true,2060580,2026-09-26T09:00:00+10:00,Provide CPR (AM),CPR-009,0,28,28,true
has_room,BELMONT,108601,CPR/PFA/EFA,0,28,true,2060586,2026-09-26T09:00:00+10:00,Provide First Aid (AM),PFA-011,0,28,28,true
has_room,BELMONT,108601,CPR/PFA/EFA,0,28,true,2060592,2026-09-26T09:00:00+10:00,Childcare First Aid (AM),EFA-012,0,28,28,true
has_room,BELMONT,108602,CPR/PFA/EFA,0,28,true,2060581,2026-09-27T09:00:00+10:00,Provide CPR (AM),CPR-009,0,28,28,true
has_room,BELMONT,108602,CPR/PFA/EFA,0,28,true,2060587,2026-09-27T09:00:00+10:00,Provide First Aid (AM),PFA-011,0,28,28,true
has_room,BELMONT,108602,CPR/PFA/EFA,0,28,true,2060593,2026-09-27T09:00:00+10:00,Childcare First Aid (AM),EFA-012,0,28,28,true
has_room,BELMONT,108603,CPR & PFA (AM),17,28,true,2060594,2026-09-01T09:00:00+10:00,Provide CPR (AM),CPR-009,9,10,1,true
has_room,BELMONT,108603,CPR & PFA (AM),17,28,true,2060616,2026-09-01T09:00:00+10:00,Provide First Aid (AM),PFA-011,8,28,20,true
has_room,BELMONT,108604,CPR & PFA (AM),6,28,true,2060595,2026-09-02T09:00:00+10:00,Provide CPR (AM),CPR-009,3,10,7,true
has_room,BELMONT,108604,CPR & PFA (AM),6,28,true,2060617,2026-09-02T09:00:00+10:00,Provide First Aid (AM),PFA-011,3,28,25,true
has_room,BELMONT,108605,CPR & PFA (AM),4,28,true,2060596,2026-09-03T09:00:00+10:00,Provide CPR (AM),CPR-009,1,10,9,true
has_room,BELMONT,108605,CPR & PFA (AM),4,28,true,2060618,2026-09-03T09:00:00+10:00,Provide First Aid (AM),PFA-011,3,28,25,true
has_room,BELMONT,108606,CPR & PFA (AM),4,28,true,2060597,2026-09-04T09:00:00+10:00,Provide CPR (AM),CPR-009,1,10,9,true
has_room,BELMONT,108606,CPR & PFA (AM),4,28,true,2060619,2026-09-04T09:00:00+10:00,Provide First Aid (AM),PFA-011,3,28,25,true
has_room,BELMONT,108607,CPR & PFA (AM),7,28,true,2060598,2026-09-07T09:00:00+10:00,Provide CPR (AM),CPR-009,3,10,7,true
has_room,BELMONT,108607,CPR & PFA (AM),7,28,true,2060620,2026-09-07T09:00:00+10:00,Provide First Aid (AM),PFA-011,4,28,24,true
has_room,BELMONT,108608,CPR & PFA (AM),3,28,true,2060599,2026-09-08T09:00:00+10:00,Provide CPR (AM),CPR-009,0,10,10,true
has_room,BELMONT,108608,CPR & PFA (AM),3,28,true,2060621,2026-09-08T09:00:00+10:00,Provide First Aid (AM),PFA-011,3,28,25,true
has_room,BELMONT,108609,CPR & PFA (AM),6,28,true,2060600,2026-09-09T09:00:00+10:00,Provide CPR (AM),CPR-009,0,10,10,true
has_room,BELMONT,108609,CPR & PFA (AM),6,28,true,2060622,2026-09-09T09:00:00+10:00,Provide First Aid (AM),PFA-011,6,28,22,true
has_room,BELMONT,108610,CPR & PFA (AM),5,28,true,2060601,2026-09-10T09:00:00+10:00,Provide CPR (AM),CPR-009,3,10,7,true
has_room,BELMONT,108610,CPR & PFA (AM),5,28,true,2060623,2026-09-10T09:00:00+10:00,Provide First Aid (AM),PFA-011,2,28,26,true
has_room,BELMONT,108611,CPR & PFA (AM),3,28,true,2060602,2026-09-11T09:00:00+10:00,Provide CPR (AM),CPR-009,0,10,10,true
has_room,BELMONT,108611,CPR & PFA (AM),3,28,true,2060624,2026-09-11T09:00:00+10:00,Provide First Aid (AM),PFA-011,3,28,25,true
has_room,BELMONT,108612,CPR & PFA (AM),3,28,true,2060603,2026-09-14T09:00:00+10:00,Provide CPR (AM),CPR-009,0,10,10,true
has_room,BELMONT,108612,CPR & PFA (AM),3,28,true,2060625,2026-09-14T09:00:00+10:00,Provide First Aid (AM),PFA-011,3,28,25,true
has_room,BELMONT,108613,CPR & PFA (AM),3,28,true,2060604,2026-09-15T09:00:00+10:00,Provide CPR (AM),CPR-009,0,10,10,true
has_room,BELMONT,108613,CPR & PFA (AM),3,28,true,2060626,2026-09-15T09:00:00+10:00,Provide First Aid (AM),PFA-011,3,28,25,true
has_room,BELMONT,108614,CPR & PFA (AM),1,28,true,2060605,2026-09-16T09:00:00+10:00,Provide CPR (AM),CPR-009,1,10,9,true
has_room,BELMONT,108614,CPR & PFA (AM),1,28,true,2060627,2026-09-16T09:00:00+10:00,Provide First Aid (AM),PFA-011,0,28,28,true
has_room,BELMONT,108615,CPR & PFA (AM),6,28,true,2060606,2026-09-17T09:00:00+10:00,Provide CPR (AM),CPR-009,2,10,8,true
has_room,BELMONT,108615,CPR & PFA (AM),6,28,true,2060628,2026-09-17T09:00:00+10:00,Provide First Aid (AM),PFA-011,4,28,24,true
has_room,BELMONT,108616,CPR & PFA (AM),2,28,true,2060607,2026-09-18T09:00:00+10:00,Provide CPR (AM),CPR-009,2,10,8,true
has_room,BELMONT,108616,CPR & PFA (AM),2,28,true,2060629,2026-09-18T09:00:00+10:00,Provide First Aid (AM),PFA-011,0,28,28,true
has_room,BELMONT,108617,CPR & PFA (AM),0,28,true,2060608,2026-09-21T09:00:00+10:00,Provide CPR (AM),CPR-009,0,10,10,true
has_room,BELMONT,108617,CPR & PFA (AM),0,28,true,2060630,2026-09-21T09:00:00+10:00,Provide First Aid (AM),PFA-011,0,28,28,true
has_room,BELMONT,108618,CPR & PFA (AM),0,28,true,2060609,2026-09-22T09:00:00+10:00,Provide CPR (AM),CPR-009,0,10,10,true
has_room,BELMONT,108618,CPR & PFA (AM),0,28,true,2060631,2026-09-22T09:00:00+10:00,Provide First Aid (AM),PFA-011,0,28,28,true
has_room,BELMONT,108619,CPR & PFA (AM),2,28,true,2060610,2026-09-23T09:00:00+10:00,Provide CPR (AM),CPR-009,2,10,8,true
has_room,BELMONT,108619,CPR & PFA (AM),2,28,true,2060632,2026-09-23T09:00:00+10:00,Provide First Aid (AM),PFA-011,0,28,28,true
has_room,BELMONT,108620,CPR & PFA (AM),3,28,true,2060611,2026-09-24T09:00:00+10:00,Provide CPR (AM),CPR-009,0,10,10,true
has_room,BELMONT,108620,CPR & PFA (AM),3,28,true,2060633,2026-09-24T09:00:00+10:00,Provide First Aid (AM),PFA-011,3,28,25,true
has_room,BELMONT,108621,CPR & PFA (AM),0,28,true,2060612,2026-09-25T09:00:00+10:00,Provide CPR (AM),CPR-009,0,10,10,true
has_room,BELMONT,108621,CPR & PFA (AM),0,28,true,2060634,2026-09-25T09:00:00+10:00,Provide First Aid (AM),PFA-011,0,28,28,true
has_room,BELMONT,108622,CPR & PFA (AM),1,28,true,2060613,2026-09-28T09:00:00+10:00,Provide CPR (AM),CPR-009,0,10,10,true
has_room,BELMONT,108622,CPR & PFA (AM),1,28,true,2060635,2026-09-28T09:00:00+10:00,Provide First Aid (AM),PFA-011,1,28,27,true
has_room,BELMONT,108623,CPR & PFA (AM),2,28,true,2060614,2026-09-29T09:00:00+10:00,Provide CPR (AM),CPR-009,0,10,10,true
has_room,BELMONT,108623,CPR & PFA (AM),2,28,true,2060636,2026-09-29T09:00:00+10:00,Provide First Aid (AM),PFA-011,2,28,26,true
has_room,BELMONT,108624,CPR & PFA (AM),1,28,true,2060615,2026-09-30T09:00:00+10:00,Provide CPR (AM),CPR-009,1,10,9,true
has_room,BELMONT,108624,CPR & PFA (AM),1,28,true,2060637,2026-09-30T09:00:00+10:00,Provide First Aid (AM),PFA-011,0,28,28,true
has_room,BELMONT,109058,CPR & PFA (AM),0,28,true,2062008,2026-10-01T09:00:00+10:00,Provide CPR (AM),CPR-009,0,10,10,true
has_room,BELMONT,109058,CPR & PFA (AM),0,28,true,2062030,2026-10-01T09:00:00+10:00,Provide First Aid (AM),PFA-011,0,28,28,true
has_room,BELMONT,109059,CPR & PFA (AM),1,28,true,2062009,2026-10-02T09:00:00+10:00,Provide CPR (AM),CPR-009,0,10,10,true
has_room,BELMONT,109059,CPR & PFA (AM),1,28,true,2062031,2026-10-02T09:00:00+10:00,Provide First Aid (AM),PFA-011,1,28,27,true
has_room,BELMONT,109060,CPR & PFA (AM),0,28,true,2062010,2026-10-05T09:00:00+10:00,Provide CPR (AM),CPR-009,0,10,10,true
has_room,BELMONT,109060,CPR & PFA (AM),0,28,true,2062032,2026-10-05T09:00:00+10:00,Provide First Aid (AM),PFA-011,0,28,28,true
has_room,BELMONT,109061,CPR & PFA (AM),0,28,true,2062011,2026-10-06T09:00:00+10:00,Provide CPR (AM),CPR-009,0,10,10,true
has_room,BELMONT,109061,CPR & PFA (AM),0,28,true,2062033,2026-10-06T09:00:00+10:00,Provide First Aid (AM),PFA-011,0,28,28,true
has_room,BELMONT,109062,CPR & PFA (AM),0,28,true,2062012,2026-10-07T09:00:00+10:00,Provide CPR (AM),CPR-009,0,10,10,true
has_room,BELMONT,109062,CPR & PFA (AM),0,28,true,2062034,2026-10-07T09:00:00+10:00,Provide First Aid (AM),PFA-011,0,28,28,true
has_room,BELMONT,109063,CPR & PFA (AM),0,28,true,2062013,2026-10-08T09:00:00+10:00,Provide CPR (AM),CPR-009,0,10,10,true
has_room,BELMONT,109063,CPR & PFA (AM),0,28,true,2062035,2026-10-08T09:00:00+10:00,Provide First Aid (AM),PFA-011,0,28,28,true
has_room,BELMONT,109064,CPR & PFA (AM),0,28,true,2062014,2026-10-09T09:00:00+10:00,Provide CPR (AM),CPR-009,0,10,10,true
has_room,BELMONT,109064,CPR & PFA (AM),0,28,true,2062036,2026-10-09T09:00:00+10:00,Provide First Aid (AM),PFA-011,0,28,28,true
has_room,BELMONT,109065,CPR & PFA (AM),0,28,true,2062015,2026-10-12T09:00:00+10:00,Provide CPR (AM),CPR-009,0,10,10,true
has_room,BELMONT,109065,CPR & PFA (AM),0,28,true,2062037,2026-10-12T09:00:00+10:00,Provide First Aid (AM),PFA-011,0,28,28,true
has_room,BELMONT,109066,CPR & PFA (AM),0,28,true,2062016,2026-10-13T09:00:00+10:00,Provide CPR (AM),CPR-009,0,10,10,true
has_room,BELMONT,109066,CPR & PFA (AM),0,28,true,2062038,2026-10-13T09:00:00+10:00,Provide First Aid (AM),PFA-011,0,28,28,true
has_room,BELMONT,109067,CPR & PFA (AM),0,28,true,2062017,2026-10-14T09:00:00+10:00,Provide CPR (AM),CPR-009,0,10,10,true
has_room,BELMONT,109067,CPR & PFA (AM),0,28,true,2062039,2026-10-14T09:00:00+10:00,Provide First Aid (AM),PFA-011,0,28,28,true
has_room,BELMONT,109068,CPR & PFA (AM),0,28,true,2062018,2026-10-15T09:00:00+10:00,Provide CPR (AM),CPR-009,0,10,10,true
has_room,BELMONT,109068,CPR & PFA (AM),0,28,true,2062040,2026-10-15T09:00:00+10:00,Provide First Aid (AM),PFA-011,0,28,28,true
has_room,BELMONT,109069,CPR & PFA (AM),0,28,true,2062019,2026-10-16T09:00:00+10:00,Provide CPR (AM),CPR-009,0,10,10,true
has_room,BELMONT,109069,CPR & PFA (AM),0,28,true,2062041,2026-10-16T09:00:00+10:00,Provide First Aid (AM),PFA-011,0,28,28,true
has_room,BELMONT,109070,CPR & PFA (AM),0,28,true,2062020,2026-10-19T09:00:00+10:00,Provide CPR (AM),CPR-009,0,10,10,true
has_room,BELMONT,109070,CPR & PFA (AM),0,28,true,2062042,2026-10-19T09:00:00+10:00,Provide First Aid (AM),PFA-011,0,28,28,true
has_room,BELMONT,109071,CPR & PFA (AM),0,28,true,2062021,2026-10-20T09:00:00+10:00,Provide CPR (AM),CPR-009,0,10,10,true
has_room,BELMONT,109071,CPR & PFA (AM),0,28,true,2062043,2026-10-20T09:00:00+10:00,Provide First Aid (AM),PFA-011,0,28,28,true
has_room,BELMONT,109072,CPR & PFA (AM),0,28,true,2062022,2026-10-21T09:00:00+10:00,Provide CPR (AM),CPR-009,0,10,10,true
has_room,BELMONT,109072,CPR & PFA (AM),0,28,true,2062044,2026-10-21T09:00:00+10:00,Provide First Aid (AM),PFA-011,0,28,28,true
has_room,BELMONT,109073,CPR & PFA (AM),0,28,true,2062023,2026-10-22T09:00:00+10:00,Provide CPR (AM),CPR-009,0,10,10,true
has_room,BELMONT,109073,CPR & PFA (AM),0,28,true,2062045,2026-10-22T09:00:00+10:00,Provide First Aid (AM),PFA-011,0,28,28,true
has_room,BELMONT,109074,CPR & PFA (AM),0,28,true,2062024,2026-10-23T09:00:00+10:00,Provide CPR (AM),CPR-009,0,10,10,true
has_room,BELMONT,109074,CPR & PFA (AM),0,28,true,2062046,2026-10-23T09:00:00+10:00,Provide First Aid (AM),PFA-011,0,28,28,true
has_room,BELMONT,109075,CPR & PFA (AM),0,28,true,2062025,2026-10-26T09:00:00+10:00,Provide CPR (AM),CPR-009,0,10,10,true
has_room,BELMONT,109075,CPR & PFA (AM),0,28,true,2062047,2026-10-26T09:00:00+10:00,Provide First Aid (AM),PFA-011,0,28,28,true
has_room,BELMONT,109076,CPR & PFA (AM),0,28,true,2062026,2026-10-27T09:00:00+10:00,Provide CPR (AM),CPR-009,0,10,10,true
has_room,BELMONT,109076,CPR & PFA (AM),0,28,true,2062048,2026-10-27T09:00:00+10:00,Provide First Aid (AM),PFA-011,0,28,28,true
has_room,BELMONT,109077,CPR & PFA (AM),0,28,true,2062027,2026-10-28T09:00:00+10:00,Provide CPR (AM),CPR-009,0,10,10,true
has_room,BELMONT,109077,CPR & PFA (AM),0,28,true,2062049,2026-10-28T09:00:00+10:00,Provide First Aid (AM),PFA-011,0,28,28,true
has_room,BELMONT,109078,CPR & PFA (AM),0,28,true,2062028,2026-10-29T09:00:00+10:00,Provide CPR (AM),CPR-009,0,10,10,true
has_room,BELMONT,109078,CPR & PFA (AM),0,28,true,2062050,2026-10-29T09:00:00+10:00,Provide First Aid (AM),PFA-011,0,28,28,true
has_room,BELMONT,109079,CPR & PFA (AM),0,28,true,2062029,2026-10-30T09:00:00+10:00,Provide CPR (AM),CPR-009,0,10,10,true
has_room,BELMONT,109079,CPR & PFA (AM),0,28,true,2062051,2026-10-30T09:00:00+10:00,Provide First Aid (AM),PFA-011,0,28,28,true
has_room,BELMONT,109080,CPR/PFA/EFA,0,28,true,2062052,2026-10-03T09:00:00+10:00,Provide CPR (AM),CPR-009,0,28,28,true
has_room,BELMONT,109080,CPR/PFA/EFA,0,28,true,2062059,2026-10-03T09:00:00+10:00,Provide First Aid (AM),PFA-011,0,28,28,true
has_room,BELMONT,109080,CPR/PFA/EFA,0,28,true,2062066,2026-10-03T09:00:00+10:00,Childcare First Aid (AM),EFA-012,0,28,28,true
has_room,BELMONT,109081,CPR/PFA/EFA,2,28,true,2062053,2026-10-04T09:00:00+10:00,Provide CPR (AM),CPR-009,2,28,26,true
has_room,BELMONT,109081,CPR/PFA/EFA,2,28,true,2062060,2026-10-04T09:00:00+10:00,Provide First Aid (AM),PFA-011,0,28,28,true
has_room,BELMONT,109081,CPR/PFA/EFA,2,28,true,2062067,2026-10-04T09:00:00+10:00,Childcare First Aid (AM),EFA-012,0,28,28,true
has_room,BELMONT,109082,CPR/PFA/EFA,0,28,true,2062054,2026-10-10T09:00:00+10:00,Provide CPR (AM),CPR-009,0,28,28,true
has_room,BELMONT,109082,CPR/PFA/EFA,0,28,true,2062061,2026-10-10T09:00:00+10:00,Provide First Aid (AM),PFA-011,0,28,28,true
has_room,BELMONT,109082,CPR/PFA/EFA,0,28,true,2062068,2026-10-10T09:00:00+10:00,Childcare First Aid (AM),EFA-012,0,28,28,true
has_room,BELMONT,109083,CPR/PFA/EFA,0,28,true,2062055,2026-10-17T09:00:00+10:00,Provide CPR (AM),CPR-009,0,28,28,true
has_room,BELMONT,109083,CPR/PFA/EFA,0,28,true,2062062,2026-10-17T09:00:00+10:00,Provide First Aid (AM),PFA-011,0,28,28,true
has_room,BELMONT,109083,CPR/PFA/EFA,0,28,true,2062069,2026-10-17T09:00:00+10:00,Childcare First Aid (AM),EFA-012,0,28,28,true
has_room,BELMONT,109084,CPR/PFA/EFA,0,28,true,2062056,2026-10-18T09:00:00+10:00,Provide CPR (AM),CPR-009,0,28,28,true
has_room,BELMONT,109084,CPR/PFA/EFA,0,28,true,2062063,2026-10-18T09:00:00+10:00,Provide First Aid (AM),PFA-011,0,28,28,true
has_room,BELMONT,109084,CPR/PFA/EFA,0,28,true,2062070,2026-10-18T09:00:00+10:00,Childcare First Aid (AM),EFA-012,0,28,28,true
has_room,BELMONT,109085,CPR/PFA/EFA,0,28,true,2062057,2026-10-24T09:00:00+10:00,Provide CPR (AM),CPR-009,0,28,28,true
has_room,BELMONT,109085,CPR/PFA/EFA,0,28,true,2062064,2026-10-24T09:00:00+10:00,Provide First Aid (AM),PFA-011,0,28,28,true
has_room,BELMONT,109085,CPR/PFA/EFA,0,28,true,2062071,2026-10-24T09:00:00+10:00,Childcare First Aid (AM),EFA-012,0,28,28,true
has_room,BELMONT,109086,CPR/PFA/EFA,0,28,true,2062058,2026-10-31T09:00:00+10:00,Provide CPR (AM),CPR-009,0,28,28,true
has_room,BELMONT,109086,CPR/PFA/EFA,0,28,true,2062065,2026-10-31T09:00:00+10:00,Provide First Aid (AM),PFA-011,0,28,28,true
has_room,BELMONT,109086,CPR/PFA/EFA,0,28,true,2062072,2026-10-31T09:00:00+10:00,Childcare First Aid (AM),EFA-012,0,28,28,true
has_room,BENDIGO,107527,CPR/PFA/EFA,24,25,true,2057354,2026-08-29T09:00:00+10:00,Provide CPR (AM),CPR-009,8,25,17,true
has_room,BENDIGO,107527,CPR/PFA/EFA,24,25,true,2057357,2026-08-29T09:00:00+10:00,Provide First Aid (AM),PFA-011,11,25,14,true
has_room,BENDIGO,107527,CPR/PFA/EFA,24,25,true,2057360,2026-08-29T09:00:00+10:00,Childcare First Aid (AM),EFA-012,5,25,20,true
has_room,BENDIGO,108477,CPR/PFA/EFA,9,25,true,2060197,2026-09-12T09:00:00+10:00,Provide CPR (AM),CPR-009,5,25,20,true
has_room,BENDIGO,108477,CPR/PFA/EFA,9,25,true,2060200,2026-09-12T09:00:00+10:00,Provide First Aid (AM),PFA-011,3,25,22,true
has_room,BENDIGO,108477,CPR/PFA/EFA,9,25,true,2060203,2026-09-12T09:00:00+10:00,Childcare First Aid (AM),EFA-012,1,25,24,true
has_room,BENDIGO,108478,CPR/PFA/EFA,5,25,true,2060198,2026-09-19T09:00:00+10:00,Provide CPR (AM),CPR-009,3,25,22,true
has_room,BENDIGO,108478,CPR/PFA/EFA,5,25,true,2060201,2026-09-19T09:00:00+10:00,Provide First Aid (AM),PFA-011,0,25,25,true
has_room,BENDIGO,108478,CPR/PFA/EFA,5,25,true,2060204,2026-09-19T09:00:00+10:00,Childcare First Aid (AM),EFA-012,2,25,23,true
has_room,BENDIGO,108479,CPR/PFA/EFA,2,25,true,2060199,2026-09-26T09:00:00+10:00,Provide CPR (AM),CPR-009,1,25,24,true
has_room,BENDIGO,108479,CPR/PFA/EFA,2,25,true,2060202,2026-09-26T09:00:00+10:00,Provide First Aid (AM),PFA-011,0,25,25,true
has_room,BENDIGO,108479,CPR/PFA/EFA,2,25,true,2060205,2026-09-26T09:00:00+10:00,Childcare First Aid (AM),EFA-012,1,25,24,true
over_cap,BENDIGO,108480,CPR & PFA (AM),25,17,true,2060206,2026-09-01T09:00:00+10:00,Provide CPR (AM),CPR-009,8,8,0,true
over_cap,BENDIGO,108480,CPR & PFA (AM),25,17,true,2060213,2026-09-01T09:00:00+10:00,Provide First Aid (AM),PFA-011,17,17,0,true
has_room,BENDIGO,108481,CPR & PFA (AM),17,25,true,2060207,2026-09-08T09:00:00+10:00,Provide CPR (AM),CPR-009,7,10,3,true
has_room,BENDIGO,108481,CPR & PFA (AM),17,25,true,2060214,2026-09-08T09:00:00+10:00,Provide First Aid (AM),PFA-011,10,25,15,true
has_room,BENDIGO,108482,CPR & PFA (AM),15,25,true,2060208,2026-09-11T09:00:00+10:00,Provide CPR (AM),CPR-009,3,10,7,true
has_room,BENDIGO,108482,CPR & PFA (AM),15,25,true,2060215,2026-09-11T09:00:00+10:00,Provide First Aid (AM),PFA-011,12,25,13,true
has_room,BENDIGO,108483,CPR & PFA (AM),2,25,true,2060209,2026-09-14T09:00:00+10:00,Provide CPR (AM),CPR-009,1,10,9,true
has_room,BENDIGO,108483,CPR & PFA (AM),2,25,true,2060216,2026-09-14T09:00:00+10:00,Provide First Aid (AM),PFA-011,1,25,24,true
has_room,BENDIGO,108484,CPR & PFA (AM),3,25,true,2060210,2026-09-16T09:00:00+10:00,Provide CPR (AM),CPR-009,1,10,9,true
has_room,BENDIGO,108484,CPR & PFA (AM),3,25,true,2060217,2026-09-16T09:00:00+10:00,Provide First Aid (AM),PFA-011,2,25,23,true
has_room,BENDIGO,108485,CPR & PFA (AM),3,25,true,2060211,2026-09-22T09:00:00+10:00,Provide CPR (AM),CPR-009,1,10,9,true
has_room,BENDIGO,108485,CPR & PFA (AM),3,25,true,2060218,2026-09-22T09:00:00+10:00,Provide First Aid (AM),PFA-011,2,25,23,true
has_room,BENDIGO,108486,CPR & PFA (AM),3,25,true,2060212,2026-09-29T09:00:00+10:00,Provide CPR (AM),CPR-009,0,10,10,true
has_room,BENDIGO,108486,CPR & PFA (AM),3,25,true,2060219,2026-09-29T09:00:00+10:00,Provide First Aid (AM),PFA-011,3,25,22,true
has_room,BENDIGO,109238,CPR/PFA/EFA,0,25,true,2062532,2026-10-10T09:00:00+10:00,Provide CPR (AM),CPR-009,0,25,25,true
has_room,BENDIGO,109238,CPR/PFA/EFA,0,25,true,2062534,2026-10-10T09:00:00+10:00,Provide First Aid (AM),PFA-011,0,25,25,true
has_room,BENDIGO,109238,CPR/PFA/EFA,0,25,true,2062536,2026-10-10T09:00:00+10:00,Childcare First Aid (AM),EFA-012,0,25,25,true
has_room,BENDIGO,109239,CPR/PFA/EFA,0,25,true,2062533,2026-10-24T09:00:00+10:00,Provide CPR (AM),CPR-009,0,25,25,true
has_room,BENDIGO,109239,CPR/PFA/EFA,0,25,true,2062535,2026-10-24T09:00:00+10:00,Provide First Aid (AM),PFA-011,0,25,25,true
has_room,BENDIGO,109239,CPR/PFA/EFA,0,25,true,2062537,2026-10-24T09:00:00+10:00,Childcare First Aid (AM),EFA-012,0,25,25,true
has_room,BENDIGO,109240,CPR & PFA (AM),0,25,true,2062545,2026-10-05T09:00:00+10:00,Provide CPR (AM),CPR-009,0,10,10,true
has_room,BENDIGO,109240,CPR & PFA (AM),0,25,true,2062552,2026-10-05T09:00:00+10:00,Provide First Aid (AM),PFA-011,0,25,25,true
has_room,BENDIGO,109241,CPR & PFA (AM),0,25,true,2062546,2026-10-09T09:00:00+10:00,Provide CPR (AM),CPR-009,0,10,10,true
has_room,BENDIGO,109241,CPR & PFA (AM),0,25,true,2062553,2026-10-09T09:00:00+10:00,Provide First Aid (AM),PFA-011,0,25,25,true
has_room,BENDIGO,109242,CPR & PFA (AM),0,25,true,2062547,2026-10-13T09:00:00+10:00,Provide CPR (AM),CPR-009,0,10,10,true
has_room,BENDIGO,109242,CPR & PFA (AM),0,25,true,2062554,2026-10-13T09:00:00+10:00,Provide First Aid (AM),PFA-011,0,25,25,true
has_room,BENDIGO,109243,CPR & PFA (AM),0,25,true,2062548,2026-10-19T09:00:00+10:00,Provide CPR (AM),CPR-009,0,10,10,true
has_room,BENDIGO,109243,CPR & PFA (AM),0,25,true,2062555,2026-10-19T09:00:00+10:00,Provide First Aid (AM),PFA-011,0,25,25,true
has_room,BENDIGO,109244,CPR & PFA (AM),0,25,true,2062549,2026-10-22T09:00:00+10:00,Provide CPR (AM),CPR-009,0,10,10,true
has_room,BENDIGO,109244,CPR & PFA (AM),0,25,true,2062556,2026-10-22T09:00:00+10:00,Provide First Aid (AM),PFA-011,0,25,25,true
has_room,BENDIGO,109245,CPR & PFA (AM),0,25,true,2062550,2026-10-27T09:00:00+10:00,Provide CPR (AM),CPR-009,0,10,10,true
has_room,BENDIGO,109245,CPR & PFA (AM),0,25,true,2062557,2026-10-27T09:00:00+10:00,Provide First Aid (AM),PFA-011,0,25,25,true
has_room,BENDIGO,109246,CPR & PFA (AM),0,25,true,2062551,2026-10-30T09:00:00+10:00,Provide CPR (AM),CPR-009,0,10,10,true
has_room,BENDIGO,109246,CPR & PFA (AM),0,25,true,2062558,2026-10-30T09:00:00+10:00,Provide First Aid (AM),PFA-011,0,25,25,true
has_room,BLACKTOWN,107376,CPR/PFA/EFA,9,24,true,2056907,2026-08-29T09:00:00+10:00,Provide CPR (AM),CPR-009,4,10,6,true
has_room,BLACKTOWN,107376,CPR/PFA/EFA,9,24,true,2056911,2026-08-29T09:00:00+10:00,Provide First Aid (AM),PFA-011,3,24,21,true
has_room,BLACKTOWN,107376,CPR/PFA/EFA,9,24,true,2056915,2026-08-29T09:00:00+10:00,Childcare First Aid (AM),EFA-012,2,24,22,true
has_room,BLACKTOWN,107389,CPR & PFA (AM),11,24,true,2056928,2026-08-27T09:00:00+10:00,Provide CPR (AM),CPR-009,6,10,4,true
has_room,BLACKTOWN,107389,CPR & PFA (AM),11,24,true,2056943,2026-08-27T09:00:00+10:00,Provide First Aid (AM),PFA-011,5,24,19,true
has_room,BLACKTOWN,107390,CPR & PFA (AM),12,24,true,2056929,2026-08-28T09:00:00+10:00,Provide CPR (AM),CPR-009,5,10,5,true
has_room,BLACKTOWN,107390,CPR & PFA (AM),12,24,true,2056944,2026-08-28T09:00:00+10:00,Provide First Aid (AM),PFA-011,7,24,17,true
has_room,BLACKTOWN,107391,CPR & PFA (AM),11,24,true,2056930,2026-08-31T09:00:00+10:00,Provide CPR (AM),CPR-009,3,10,7,true
has_room,BLACKTOWN,107391,CPR & PFA (AM),11,24,true,2056945,2026-08-31T09:00:00+10:00,Provide First Aid (AM),PFA-011,8,24,16,true
has_room,BLACKTOWN,108319,CPR/PFA/EFA,1,24,true,2059731,2026-09-05T09:00:00+10:00,Provide CPR (AM),CPR-009,0,10,10,true
has_room,BLACKTOWN,108319,CPR/PFA/EFA,1,24,true,2059735,2026-09-05T09:00:00+10:00,Provide First Aid (AM),PFA-011,1,24,23,true
has_room,BLACKTOWN,108319,CPR/PFA/EFA,1,24,true,2059739,2026-09-05T09:00:00+10:00,Childcare First Aid (AM),EFA-012,0,24,24,true
has_room,BLACKTOWN,108320,CPR/PFA/EFA,1,24,true,2059732,2026-09-12T09:00:00+10:00,Provide CPR (AM),CPR-009,1,10,9,true
has_room,BLACKTOWN,108320,CPR/PFA/EFA,1,24,true,2059736,2026-09-12T09:00:00+10:00,Provide First Aid (AM),PFA-011,0,24,24,true
has_room,BLACKTOWN,108320,CPR/PFA/EFA,1,24,true,2059740,2026-09-12T09:00:00+10:00,Childcare First Aid (AM),EFA-012,0,24,24,true
has_room,BLACKTOWN,108321,CPR/PFA/EFA,2,24,true,2059733,2026-09-19T09:00:00+10:00,Provide CPR (AM),CPR-009,0,10,10,true
has_room,BLACKTOWN,108321,CPR/PFA/EFA,2,24,true,2059737,2026-09-19T09:00:00+10:00,Provide First Aid (AM),PFA-011,2,24,22,true
has_room,BLACKTOWN,108321,CPR/PFA/EFA,2,24,true,2059741,2026-09-19T09:00:00+10:00,Childcare First Aid (AM),EFA-012,0,24,24,true
has_room,BLACKTOWN,108322,CPR/PFA/EFA,1,24,true,2059734,2026-09-26T09:00:00+10:00,Provide CPR (AM),CPR-009,0,10,10,true
has_room,BLACKTOWN,108322,CPR/PFA/EFA,1,24,true,2059738,2026-09-26T09:00:00+10:00,Provide First Aid (AM),PFA-011,0,24,24,true
has_room,BLACKTOWN,108322,CPR/PFA/EFA,1,24,true,2059742,2026-09-26T09:00:00+10:00,Childcare First Aid (AM),EFA-012,1,24,23,true
has_room,BLACKTOWN,108323,CPR & PFA (AM),5,24,true,2059743,2026-09-01T09:00:00+10:00,Provide CPR (AM),CPR-009,2,10,8,true
has_room,BLACKTOWN,108323,CPR & PFA (AM),5,24,true,2059758,2026-09-01T09:00:00+10:00,Provide First Aid (AM),PFA-011,3,24,21,true
has_room,BLACKTOWN,108324,CPR & PFA (AM),0,24,true,2059744,2026-09-03T09:00:00+10:00,Provide CPR (AM),CPR-009,0,10,10,true
has_room,BLACKTOWN,108324,CPR & PFA (AM),0,24,true,2059759,2026-09-03T09:00:00+10:00,Provide First Aid (AM),PFA-011,0,24,24,true
has_room,BLACKTOWN,108325,CPR & PFA (AM),7,24,true,2059745,2026-09-04T09:00:00+10:00,Provide CPR (AM),CPR-009,3,10,7,true
has_room,BLACKTOWN,108325,CPR & PFA (AM),7,24,true,2059760,2026-09-04T09:00:00+10:00,Provide First Aid (AM),PFA-011,4,24,20,true
has_room,BLACKTOWN,108326,CPR & PFA (AM),2,24,true,2059746,2026-09-08T09:00:00+10:00,Provide CPR (AM),CPR-009,1,10,9,true
has_room,BLACKTOWN,108326,CPR & PFA (AM),2,24,true,2059761,2026-09-08T09:00:00+10:00,Provide First Aid (AM),PFA-011,1,24,23,true
has_room,BLACKTOWN,108327,CPR & PFA (AM),1,24,true,2059747,2026-09-09T09:00:00+10:00,Provide CPR (AM),CPR-009,0,10,10,true
has_room,BLACKTOWN,108327,CPR & PFA (AM),1,24,true,2059762,2026-09-09T09:00:00+10:00,Provide First Aid (AM),PFA-011,1,24,23,true
has_room,BLACKTOWN,108328,CPR & PFA (AM),2,24,true,2059748,2026-09-11T09:00:00+10:00,Provide CPR (AM),CPR-009,0,10,10,true
has_room,BLACKTOWN,108328,CPR & PFA (AM),2,24,true,2059763,2026-09-11T09:00:00+10:00,Provide First Aid (AM),PFA-011,2,24,22,true
has_room,BLACKTOWN,108329,CPR & PFA (AM),1,24,true,2059749,2026-09-14T09:00:00+10:00,Provide CPR (AM),CPR-009,0,10,10,true
has_room,BLACKTOWN,108329,CPR & PFA (AM),1,24,true,2059764,2026-09-14T09:00:00+10:00,Provide First Aid (AM),PFA-011,1,24,23,true
has_room,BLACKTOWN,108330,CPR & PFA (AM),2,24,true,2059750,2026-09-16T09:00:00+10:00,Provide CPR (AM),CPR-009,1,10,9,true
has_room,BLACKTOWN,108330,CPR & PFA (AM),2,24,true,2059765,2026-09-16T09:00:00+10:00,Provide First Aid (AM),PFA-011,1,24,23,true
has_room,BLACKTOWN,108331,CPR & PFA (AM),0,24,true,2059751,2026-09-18T09:00:00+10:00,Provide CPR (AM),CPR-009,0,10,10,true
has_room,BLACKTOWN,108331,CPR & PFA (AM),0,24,true,2059766,2026-09-18T09:00:00+10:00,Provide First Aid (AM),PFA-011,0,24,24,true
has_room,BLACKTOWN,108332,CPR & PFA (AM),0,24,true,2059752,2026-09-21T09:00:00+10:00,Provide CPR (AM),CPR-009,0,10,10,true
has_room,BLACKTOWN,108332,CPR & PFA (AM),0,24,true,2059767,2026-09-21T09:00:00+10:00,Provide First Aid (AM),PFA-011,0,24,24,true
has_room,BLACKTOWN,108333,CPR & PFA (AM),0,24,true,2059753,2026-09-22T09:00:00+10:00,Provide CPR (AM),CPR-009,0,10,10,true
has_room,BLACKTOWN,108333,CPR & PFA (AM),0,24,true,2059768,2026-09-22T09:00:00+10:00,Provide First Aid (AM),PFA-011,0,24,24,true
has_room,BLACKTOWN,108334,CPR & PFA (AM),0,24,true,2059754,2026-09-24T09:00:00+10:00,Provide CPR (AM),CPR-009,0,10,10,true
has_room,BLACKTOWN,108334,CPR & PFA (AM),0,24,true,2059769,2026-09-24T09:00:00+10:00,Provide First Aid (AM),PFA-011,0,24,24,true
has_room,BLACKTOWN,108335,CPR & PFA (AM),1,24,true,2059755,2026-09-25T09:00:00+10:00,Provide CPR (AM),CPR-009,0,10,10,true
has_room,BLACKTOWN,108335,CPR & PFA (AM),1,24,true,2059770,2026-09-25T09:00:00+10:00,Provide First Aid (AM),PFA-011,1,24,23,true
has_room,BLACKTOWN,108336,CPR & PFA (AM),0,24,true,2059756,2026-09-28T09:00:00+10:00,Provide CPR (AM),CPR-009,0,10,10,true
has_room,BLACKTOWN,108336,CPR & PFA (AM),0,24,true,2059771,2026-09-28T09:00:00+10:00,Provide First Aid (AM),PFA-011,0,24,24,true
has_room,BLACKTOWN,108337,CPR & PFA (AM),0,24,true,2059757,2026-09-29T09:00:00+10:00,Provide CPR (AM),CPR-009,0,10,10,true
has_room,BLACKTOWN,108337,CPR & PFA (AM),0,24,true,2059772,2026-09-29T09:00:00+10:00,Provide First Aid (AM),PFA-011,0,24,24,true
has_room,BLACKTOWN,108953,CPR & PFA (AM),1,24,true,2061677,2026-10-01T09:00:00+10:00,Provide CPR (AM),CPR-009,1,10,9,true
has_room,BLACKTOWN,108953,CPR & PFA (AM),1,24,true,2061692,2026-10-01T09:00:00+10:00,Provide First Aid (AM),PFA-011,0,24,24,true
has_room,BLACKTOWN,108954,CPR & PFA (AM),0,24,true,2061678,2026-10-02T09:00:00+10:00,Provide CPR (AM),CPR-009,0,10,10,true
has_room,BLACKTOWN,108954,CPR & PFA (AM),0,24,true,2061693,2026-10-02T09:00:00+10:00,Provide First Aid (AM),PFA-011,0,24,24,true
has_room,BLACKTOWN,108955,CPR & PFA (AM),0,24,true,2061679,2026-10-06T09:00:00+10:00,Provide CPR (AM),CPR-009,0,10,10,true
has_room,BLACKTOWN,108955,CPR & PFA (AM),0,24,true,2061694,2026-10-06T09:00:00+10:00,Provide First Aid (AM),PFA-011,0,24,24,true
has_room,BLACKTOWN,108956,CPR & PFA (AM),0,24,true,2061680,2026-10-07T09:00:00+10:00,Provide CPR (AM),CPR-009,0,10,10,true
has_room,BLACKTOWN,108956,CPR & PFA (AM),0,24,true,2061695,2026-10-07T09:00:00+10:00,Provide First Aid (AM),PFA-011,0,24,24,true
has_room,BLACKTOWN,108957,CPR & PFA (AM),0,24,true,2061681,2026-10-09T09:00:00+10:00,Provide CPR (AM),CPR-009,0,10,10,true
has_room,BLACKTOWN,108957,CPR & PFA (AM),0,24,true,2061696,2026-10-09T09:00:00+10:00,Provide First Aid (AM),PFA-011,0,24,24,true
has_room,BLACKTOWN,108958,CPR & PFA (AM),0,24,true,2061682,2026-10-12T09:00:00+10:00,Provide CPR (AM),CPR-009,0,10,10,true
has_room,BLACKTOWN,108958,CPR & PFA (AM),0,24,true,2061697,2026-10-12T09:00:00+10:00,Provide First Aid (AM),PFA-011,0,24,24,true
has_room,BLACKTOWN,108959,CPR & PFA (AM),0,24,true,2061683,2026-10-14T09:00:00+10:00,Provide CPR (AM),CPR-009,0,10,10,true
has_room,BLACKTOWN,108959,CPR & PFA (AM),0,24,true,2061698,2026-10-14T09:00:00+10:00,Provide First Aid (AM),PFA-011,0,24,24,true
has_room,BLACKTOWN,108960,CPR & PFA (AM),0,24,true,2061684,2026-10-16T09:00:00+10:00,Provide CPR (AM),CPR-009,0,10,10,true
has_room,BLACKTOWN,108960,CPR & PFA (AM),0,24,true,2061699,2026-10-16T09:00:00+10:00,Provide First Aid (AM),PFA-011,0,24,24,true
has_room,BLACKTOWN,108961,CPR & PFA (AM),0,24,true,2061685,2026-10-19T09:00:00+10:00,Provide CPR (AM),CPR-009,0,10,10,true
has_room,BLACKTOWN,108961,CPR & PFA (AM),0,24,true,2061700,2026-10-19T09:00:00+10:00,Provide First Aid (AM),PFA-011,0,24,24,true
has_room,BLACKTOWN,108962,CPR & PFA (AM),2,24,true,2061686,2026-10-20T09:00:00+10:00,Provide CPR (AM),CPR-009,0,10,10,true
has_room,BLACKTOWN,108962,CPR & PFA (AM),2,24,true,2061701,2026-10-20T09:00:00+10:00,Provide First Aid (AM),PFA-011,2,24,22,true
has_room,BLACKTOWN,108963,CPR & PFA (AM),0,24,true,2061687,2026-10-22T09:00:00+10:00,Provide CPR (AM),CPR-009,0,10,10,true
has_room,BLACKTOWN,108963,CPR & PFA (AM),0,24,true,2061702,2026-10-22T09:00:00+10:00,Provide First Aid (AM),PFA-011,0,24,24,true
has_room,BLACKTOWN,108964,CPR & PFA (AM),0,24,true,2061688,2026-10-23T09:00:00+10:00,Provide CPR (AM),CPR-009,0,10,10,true
has_room,BLACKTOWN,108964,CPR & PFA (AM),0,24,true,2061703,2026-10-23T09:00:00+10:00,Provide First Aid (AM),PFA-011,0,24,24,true
has_room,BLACKTOWN,108965,CPR & PFA (AM),0,24,true,2061689,2026-10-26T09:00:00+10:00,Provide CPR (AM),CPR-009,0,10,10,true
has_room,BLACKTOWN,108965,CPR & PFA (AM),0,24,true,2061704,2026-10-26T09:00:00+10:00,Provide First Aid (AM),PFA-011,0,24,24,true
has_room,BLACKTOWN,108966,CPR & PFA (AM),0,24,true,2061690,2026-10-27T09:00:00+10:00,Provide CPR (AM),CPR-009,0,10,10,true
has_room,BLACKTOWN,108966,CPR & PFA (AM),0,24,true,2061705,2026-10-27T09:00:00+10:00,Provide First Aid (AM),PFA-011,0,24,24,true
has_room,BLACKTOWN,108967,CPR & PFA (AM),0,24,true,2061691,2026-10-29T09:00:00+10:00,Provide CPR (AM),CPR-009,0,10,10,true
has_room,BLACKTOWN,108967,CPR & PFA (AM),0,24,true,2061706,2026-10-29T09:00:00+10:00,Provide First Aid (AM),PFA-011,0,24,24,true
has_room,BLACKTOWN,108968,CPR/PFA/EFA,0,24,true,2061722,2026-10-03T09:00:00+10:00,Provide CPR (AM),CPR-009,0,10,10,true
has_room,BLACKTOWN,108968,CPR/PFA/EFA,0,24,true,2061726,2026-10-03T09:00:00+10:00,Provide First Aid (AM),PFA-011,0,24,24,true
has_room,BLACKTOWN,108968,CPR/PFA/EFA,0,24,true,2061730,2026-10-03T09:00:00+10:00,Childcare First Aid (AM),EFA-012,0,24,24,true
has_room,BLACKTOWN,108969,CPR/PFA/EFA,0,24,true,2061723,2026-10-10T09:00:00+10:00,Provide CPR (AM),CPR-009,0,10,10,true
has_room,BLACKTOWN,108969,CPR/PFA/EFA,0,24,true,2061727,2026-10-10T09:00:00+10:00,Provide First Aid (AM),PFA-011,0,24,24,true
has_room,BLACKTOWN,108969,CPR/PFA/EFA,0,24,true,2061731,2026-10-10T09:00:00+10:00,Childcare First Aid (AM),EFA-012,0,24,24,true
has_room,BLACKTOWN,108970,CPR/PFA/EFA,0,24,true,2061724,2026-10-17T09:00:00+10:00,Provide CPR (AM),CPR-009,0,10,10,true
has_room,BLACKTOWN,108970,CPR/PFA/EFA,0,24,true,2061728,2026-10-17T09:00:00+10:00,Provide First Aid (AM),PFA-011,0,24,24,true
has_room,BLACKTOWN,108970,CPR/PFA/EFA,0,24,true,2061732,2026-10-17T09:00:00+10:00,Childcare First Aid (AM),EFA-012,0,24,24,true
has_room,BLACKTOWN,108971,CPR/PFA/EFA,0,24,true,2061725,2026-10-24T09:00:00+10:00,Provide CPR (AM),CPR-009,0,10,10,true
has_room,BLACKTOWN,108971,CPR/PFA/EFA,0,24,true,2061729,2026-10-24T09:00:00+10:00,Provide First Aid (AM),PFA-011,0,24,24,true
has_room,BLACKTOWN,108971,CPR/PFA/EFA,0,24,true,2061733,2026-10-24T09:00:00+10:00,Childcare First Aid (AM),EFA-012,0,24,24,true
has_room,BLACKTOWN,109729,CPR & PFA (AM),0,24,true,2063993,2026-10-30T09:00:00+10:00,Provide CPR (AM),CPR-009,0,10,10,true
has_room,BLACKTOWN,109729,CPR & PFA (AM),0,24,true,2063994,2026-10-30T09:00:00+10:00,Provide First Aid (AM),PFA-011,0,24,24,true
has_room,BOWEN HILLS,107177,CPR & PFA (AM),11,24,true,2056313,2026-08-31T09:00:00+10:00,Provide CPR (AM),CPR-009,2,24,22,true
has_room,BOWEN HILLS,107177,CPR & PFA (AM),11,24,true,2056318,2026-08-31T09:00:00+10:00,Provide First Aid (AM),PFA-011,9,24,15,true
has_room,BOWEN HILLS,108106,CPR/PFA/EFA,2,24,true,2059090,2026-09-22T09:00:00+10:00,Provide CPR (AM),CPR-009,0,24,24,true
has_room,BOWEN HILLS,108106,CPR/PFA/EFA,2,24,true,2059091,2026-09-22T09:00:00+10:00,Provide First Aid (AM),PFA-011,2,24,22,true
has_room,BOWEN HILLS,108106,CPR/PFA/EFA,2,24,true,2059092,2026-09-22T09:00:00+10:00,Childcare First Aid (AM),EFA-012,0,24,24,true
has_room,BOWEN HILLS,108107,CPR & PFA (AM),7,24,true,2059093,2026-09-09T09:00:00+10:00,Provide CPR (AM),CPR-009,4,24,20,true
has_room,BOWEN HILLS,108107,CPR & PFA (AM),7,24,true,2059096,2026-09-09T09:00:00+10:00,Provide First Aid (AM),PFA-011,3,24,21,true
has_room,BOWEN HILLS,108108,CPR & PFA (AM),8,24,true,2059094,2026-09-15T09:00:00+10:00,Provide CPR (AM),CPR-009,7,24,17,true
has_room,BOWEN HILLS,108108,CPR & PFA (AM),8,24,true,2059097,2026-09-15T09:00:00+10:00,Provide First Aid (AM),PFA-011,1,24,23,true
has_room,BOWEN HILLS,108109,CPR & PFA (AM),7,24,true,2059095,2026-09-28T09:00:00+10:00,Provide CPR (AM),CPR-009,3,24,21,true
has_room,BOWEN HILLS,108109,CPR & PFA (AM),7,24,true,2059098,2026-09-28T09:00:00+10:00,Provide First Aid (AM),PFA-011,4,24,20,true
has_room,BOWEN HILLS,109668,CPR/PFA/EFA,0,24,true,2063799,2026-10-20T09:00:00+10:00,Provide CPR (AM),CPR-009,0,24,24,true
has_room,BOWEN HILLS,109668,CPR/PFA/EFA,0,24,true,2063800,2026-10-20T09:00:00+10:00,Provide First Aid (AM),PFA-011,0,24,24,true
has_room,BOWEN HILLS,109668,CPR/PFA/EFA,0,24,true,2063801,2026-10-20T09:00:00+10:00,Childcare First Aid (AM),EFA-012,0,24,24,true
has_room,BOWEN HILLS,109669,CPR & PFA (AM),0,24,true,2063805,2026-10-07T09:00:00+10:00,Provide CPR (AM),CPR-009,0,24,24,true
has_room,BOWEN HILLS,109669,CPR & PFA (AM),0,24,true,2063808,2026-10-07T09:00:00+10:00,Provide First Aid (AM),PFA-011,0,24,24,true
has_room,BOWEN HILLS,109670,CPR & PFA (AM),0,24,true,2063806,2026-10-13T09:00:00+10:00,Provide CPR (AM),CPR-009,0,24,24,true
has_room,BOWEN HILLS,109670,CPR & PFA (AM),0,24,true,2063809,2026-10-13T09:00:00+10:00,Provide First Aid (AM),PFA-011,0,24,24,true
has_room,BOWEN HILLS,109671,CPR & PFA (AM),0,24,true,2063807,2026-10-26T09:00:00+10:00,Provide CPR (AM),CPR-009,0,24,24,true
has_room,BOWEN HILLS,109671,CPR & PFA (AM),0,24,true,2063810,2026-10-26T09:00:00+10:00,Provide First Aid (AM),PFA-011,0,24,24,true
has_room,BOX HILL,107613,CPR/PFA/EFA,23,24,true,2057616,2026-08-28T09:00:00+10:00,Provide CPR (AM),CPR-009,3,24,21,true
has_room,BOX HILL,107613,CPR/PFA/EFA,23,24,true,2057617,2026-08-28T09:00:00+10:00,Provide First Aid (AM),PFA-011,20,24,4,true
has_room,BOX HILL,108568,CPR/PFA/EFA,2,24,true,2060489,2026-09-25T09:00:00+10:00,Provide CPR (AM),CPR-009,0,24,24,true
has_room,BOX HILL,108568,CPR/PFA/EFA,2,24,true,2060490,2026-09-25T09:00:00+10:00,Provide First Aid (AM),PFA-011,2,24,22,true
has_room,BOX HILL,108568,CPR/PFA/EFA,2,24,true,2060491,2026-09-25T09:00:00+10:00,Childcare First Aid (AM),EFA-012,0,24,24,true
has_room,BOX HILL,108569,CPR & PFA (AM),8,24,true,2060492,2026-09-04T09:00:00+10:00,Provide CPR (AM),CPR-009,4,24,20,true
has_room,BOX HILL,108569,CPR & PFA (AM),8,24,true,2060494,2026-09-04T09:00:00+10:00,Provide First Aid (AM),PFA-011,4,24,20,true
has_room,BOX HILL,108570,CPR & PFA (AM),7,24,true,2060493,2026-09-15T09:00:00+10:00,Provide CPR (AM),CPR-009,1,24,23,true
has_room,BOX HILL,108570,CPR & PFA (AM),7,24,true,2060495,2026-09-15T09:00:00+10:00,Provide First Aid (AM),PFA-011,6,24,18,true
has_room,BOX HILL,109326,CPR & PFA (AM),0,24,true,2062795,2026-10-02T09:00:00+10:00,Provide CPR (AM),CPR-009,0,24,24,true
has_room,BOX HILL,109326,CPR & PFA (AM),0,24,true,2062798,2026-10-02T09:00:00+10:00,Provide First Aid (AM),PFA-011,0,24,24,true
has_room,BOX HILL,109327,CPR & PFA (AM),0,24,true,2062796,2026-10-13T09:00:00+10:00,Provide CPR (AM),CPR-009,0,24,24,true
has_room,BOX HILL,109327,CPR & PFA (AM),0,24,true,2062799,2026-10-13T09:00:00+10:00,Provide First Aid (AM),PFA-011,0,24,24,true
has_room,BOX HILL,109328,CPR & PFA (AM),0,24,true,2062797,2026-10-23T09:00:00+10:00,Provide CPR (AM),CPR-009,0,24,24,true
has_room,BOX HILL,109328,CPR & PFA (AM),0,24,true,2062800,2026-10-23T09:00:00+10:00,Provide First Aid (AM),PFA-011,0,24,24,true
has_room,BRISBANE,106862,CPR/PFA/EFA,26,40,true,2055388,2026-08-29T09:00:00+10:00,Provide CPR (AM),CPR-009,5,15,10,true
has_room,BRISBANE,106862,CPR/PFA/EFA,26,40,true,2055396,2026-08-29T09:00:00+10:00,Provide First Aid (AM),PFA-011,19,40,21,true
has_room,BRISBANE,106862,CPR/PFA/EFA,26,40,true,2055404,2026-08-29T09:00:00+10:00,Childcare First Aid (AM),EFA-012,2,40,38,true
has_room,BRISBANE,106863,CPR/PFA/EFA,7,40,true,2055389,2026-08-30T09:00:00+10:00,Provide CPR (AM),CPR-009,0,15,15,true
has_room,BRISBANE,106863,CPR/PFA/EFA,7,40,true,2055397,2026-08-30T09:00:00+10:00,Provide First Aid (AM),PFA-011,4,40,36,true
has_room,BRISBANE,106863,CPR/PFA/EFA,7,40,true,2055405,2026-08-30T09:00:00+10:00,Childcare First Aid (AM),EFA-012,3,40,37,true
has_room,BRISBANE,106882,CPR & PFA (AM),29,40,true,2055424,2026-08-27T09:00:00+10:00,Provide CPR (AM),CPR-009,10,15,5,true
has_room,BRISBANE,106882,CPR & PFA (AM),29,40,true,2055445,2026-08-27T09:00:00+10:00,Provide First Aid (AM),PFA-011,19,40,21,true
has_room,BRISBANE,106883,CPR & PFA (AM),20,40,true,2055425,2026-08-28T09:00:00+10:00,Provide CPR (AM),CPR-009,5,15,10,true
has_room,BRISBANE,106883,CPR & PFA (AM),20,40,true,2055446,2026-08-28T09:00:00+10:00,Provide First Aid (AM),PFA-011,15,40,25,true
has_room,BRISBANE,106884,CPR & PFA (AM),12,40,true,2055426,2026-08-31T09:00:00+10:00,Provide CPR (AM),CPR-009,3,15,12,true
has_room,BRISBANE,106884,CPR & PFA (AM),12,40,true,2055447,2026-08-31T09:00:00+10:00,Provide First Aid (AM),PFA-011,9,40,31,true
has_room,BRISBANE,107797,CPR/PFA/EFA,14,40,true,2058177,2026-09-05T09:00:00+10:00,Provide CPR (AM),CPR-009,7,15,8,true
has_room,BRISBANE,107797,CPR/PFA/EFA,14,40,true,2058184,2026-09-05T09:00:00+10:00,Provide First Aid (AM),PFA-011,7,40,33,true
has_room,BRISBANE,107797,CPR/PFA/EFA,14,40,true,2058191,2026-09-05T09:00:00+10:00,Childcare First Aid (AM),EFA-012,0,40,40,true
has_room,BRISBANE,107798,CPR/PFA/EFA,0,40,true,2058178,2026-09-06T09:00:00+10:00,Provide CPR (AM),CPR-009,0,15,15,true
has_room,BRISBANE,107798,CPR/PFA/EFA,0,40,true,2058185,2026-09-06T09:00:00+10:00,Provide First Aid (AM),PFA-011,0,40,40,true
has_room,BRISBANE,107798,CPR/PFA/EFA,0,40,true,2058192,2026-09-06T09:00:00+10:00,Childcare First Aid (AM),EFA-012,0,40,40,true
has_room,BRISBANE,107799,CPR/PFA/EFA,2,40,true,2058179,2026-09-12T09:00:00+10:00,Provide CPR (AM),CPR-009,0,15,15,true
has_room,BRISBANE,107799,CPR/PFA/EFA,2,40,true,2058186,2026-09-12T09:00:00+10:00,Provide First Aid (AM),PFA-011,2,40,38,true
has_room,BRISBANE,107799,CPR/PFA/EFA,2,40,true,2058193,2026-09-12T09:00:00+10:00,Childcare First Aid (AM),EFA-012,0,40,40,true
has_room,BRISBANE,107800,CPR/PFA/EFA,2,40,true,2058180,2026-09-13T09:00:00+10:00,Provide CPR (AM),CPR-009,0,15,15,true
has_room,BRISBANE,107800,CPR/PFA/EFA,2,40,true,2058187,2026-09-13T09:00:00+10:00,Provide First Aid (AM),PFA-011,2,40,38,true
has_room,BRISBANE,107800,CPR/PFA/EFA,2,40,true,2058194,2026-09-13T09:00:00+10:00,Childcare First Aid (AM),EFA-012,0,40,40,true
has_room,BRISBANE,107801,CPR/PFA/EFA,2,40,true,2058181,2026-09-19T09:00:00+10:00,Provide CPR (AM),CPR-009,1,15,14,true
has_room,BRISBANE,107801,CPR/PFA/EFA,2,40,true,2058188,2026-09-19T09:00:00+10:00,Provide First Aid (AM),PFA-011,0,40,40,true
has_room,BRISBANE,107801,CPR/PFA/EFA,2,40,true,2058195,2026-09-19T09:00:00+10:00,Childcare First Aid (AM),EFA-012,1,40,39,true
has_room,BRISBANE,107802,CPR/PFA/EFA,1,40,true,2058182,2026-09-26T09:00:00+10:00,Provide CPR (AM),CPR-009,1,15,14,true
has_room,BRISBANE,107802,CPR/PFA/EFA,1,40,true,2058189,2026-09-26T09:00:00+10:00,Provide First Aid (AM),PFA-011,0,40,40,true
has_room,BRISBANE,107802,CPR/PFA/EFA,1,40,true,2058196,2026-09-26T09:00:00+10:00,Childcare First Aid (AM),EFA-012,0,40,40,true
has_room,BRISBANE,107803,CPR/PFA/EFA,2,40,true,2058183,2026-09-27T09:00:00+10:00,Provide CPR (AM),CPR-009,0,15,15,true
has_room,BRISBANE,107803,CPR/PFA/EFA,2,40,true,2058190,2026-09-27T09:00:00+10:00,Provide First Aid (AM),PFA-011,0,40,40,true
has_room,BRISBANE,107803,CPR/PFA/EFA,2,40,true,2058197,2026-09-27T09:00:00+10:00,Childcare First Aid (AM),EFA-012,2,40,38,true
has_room,BRISBANE,107804,CPR & PFA (AM),15,40,true,2058198,2026-09-01T09:00:00+10:00,Provide CPR (AM),CPR-009,7,15,8,true
has_room,BRISBANE,107804,CPR & PFA (AM),15,40,true,2058220,2026-09-01T09:00:00+10:00,Provide First Aid (AM),PFA-011,8,40,32,true
has_room,BRISBANE,107805,CPR & PFA (AM),11,40,true,2058199,2026-09-02T09:00:00+10:00,Provide CPR (AM),CPR-009,1,15,14,true
has_room,BRISBANE,107805,CPR & PFA (AM),11,40,true,2058221,2026-09-02T09:00:00+10:00,Provide First Aid (AM),PFA-011,10,40,30,true
has_room,BRISBANE,107806,CPR & PFA (AM),7,40,true,2058200,2026-09-03T09:00:00+10:00,Provide CPR (AM),CPR-009,1,15,14,true
has_room,BRISBANE,107806,CPR & PFA (AM),7,40,true,2058222,2026-09-03T09:00:00+10:00,Provide First Aid (AM),PFA-011,6,40,34,true
has_room,BRISBANE,107807,CPR & PFA (AM),7,40,true,2058201,2026-09-04T09:00:00+10:00,Provide CPR (AM),CPR-009,4,15,11,true
has_room,BRISBANE,107807,CPR & PFA (AM),7,40,true,2058223,2026-09-04T09:00:00+10:00,Provide First Aid (AM),PFA-011,3,40,37,true
has_room,BRISBANE,107808,CPR & PFA (AM),5,40,true,2058202,2026-09-07T09:00:00+10:00,Provide CPR (AM),CPR-009,1,15,14,true
has_room,BRISBANE,107808,CPR & PFA (AM),5,40,true,2058224,2026-09-07T09:00:00+10:00,Provide First Aid (AM),PFA-011,4,40,36,true
has_room,BRISBANE,107809,CPR & PFA (AM),8,40,true,2058203,2026-09-08T09:00:00+10:00,Provide CPR (AM),CPR-009,6,15,9,true
has_room,BRISBANE,107809,CPR & PFA (AM),8,40,true,2058225,2026-09-08T09:00:00+10:00,Provide First Aid (AM),PFA-011,2,40,38,true
has_room,BRISBANE,107810,CPR & PFA (AM),3,40,true,2058204,2026-09-09T09:00:00+10:00,Provide CPR (AM),CPR-009,2,15,13,true
has_room,BRISBANE,107810,CPR & PFA (AM),3,40,true,2058226,2026-09-09T09:00:00+10:00,Provide First Aid (AM),PFA-011,1,40,39,true
has_room,BRISBANE,107811,CPR & PFA (AM),7,40,true,2058205,2026-09-10T09:00:00+10:00,Provide CPR (AM),CPR-009,4,15,11,true
has_room,BRISBANE,107811,CPR & PFA (AM),7,40,true,2058227,2026-09-10T09:00:00+10:00,Provide First Aid (AM),PFA-011,3,40,37,true
has_room,BRISBANE,107812,CPR & PFA (AM),4,40,true,2058206,2026-09-11T09:00:00+10:00,Provide CPR (AM),CPR-009,1,15,14,true
has_room,BRISBANE,107812,CPR & PFA (AM),4,40,true,2058228,2026-09-11T09:00:00+10:00,Provide First Aid (AM),PFA-011,3,40,37,true
has_room,BRISBANE,107813,CPR & PFA (AM),1,40,true,2058207,2026-09-14T09:00:00+10:00,Provide CPR (AM),CPR-009,0,15,15,true
has_room,BRISBANE,107813,CPR & PFA (AM),1,40,true,2058229,2026-09-14T09:00:00+10:00,Provide First Aid (AM),PFA-011,1,40,39,true
has_room,BRISBANE,107814,CPR & PFA (AM),1,40,true,2058208,2026-09-15T09:00:00+10:00,Provide CPR (AM),CPR-009,1,15,14,true
has_room,BRISBANE,107814,CPR & PFA (AM),1,40,true,2058230,2026-09-15T09:00:00+10:00,Provide First Aid (AM),PFA-011,0,40,40,true
has_room,BRISBANE,107815,CPR & PFA (AM),0,40,true,2058209,2026-09-16T09:00:00+10:00,Provide CPR (AM),CPR-009,0,15,15,true
has_room,BRISBANE,107815,CPR & PFA (AM),0,40,true,2058231,2026-09-16T09:00:00+10:00,Provide First Aid (AM),PFA-011,0,40,40,true
has_room,BRISBANE,107816,CPR & PFA (AM),2,40,true,2058210,2026-09-17T09:00:00+10:00,Provide CPR (AM),CPR-009,0,15,15,true
has_room,BRISBANE,107816,CPR & PFA (AM),2,40,true,2058232,2026-09-17T09:00:00+10:00,Provide First Aid (AM),PFA-011,2,40,38,true
has_room,BRISBANE,107817,CPR & PFA (AM),0,40,true,2058211,2026-09-18T09:00:00+10:00,Provide CPR (AM),CPR-009,0,15,15,true
has_room,BRISBANE,107817,CPR & PFA (AM),0,40,true,2058233,2026-09-18T09:00:00+10:00,Provide First Aid (AM),PFA-011,0,40,40,true
has_room,BRISBANE,107818,CPR & PFA (AM),1,40,true,2058212,2026-09-21T09:00:00+10:00,Provide CPR (AM),CPR-009,0,15,15,true
has_room,BRISBANE,107818,CPR & PFA (AM),1,40,true,2058234,2026-09-21T09:00:00+10:00,Provide First Aid (AM),PFA-011,1,40,39,true
has_room,BRISBANE,107819,CPR & PFA (AM),3,40,true,2058213,2026-09-22T09:00:00+10:00,Provide CPR (AM),CPR-009,0,15,15,true
has_room,BRISBANE,107819,CPR & PFA (AM),3,40,true,2058235,2026-09-22T09:00:00+10:00,Provide First Aid (AM),PFA-011,3,40,37,true
has_room,BRISBANE,107820,CPR & PFA (AM),1,40,true,2058214,2026-09-23T09:00:00+10:00,Provide CPR (AM),CPR-009,1,15,14,true
has_room,BRISBANE,107820,CPR & PFA (AM),1,40,true,2058236,2026-09-23T09:00:00+10:00,Provide First Aid (AM),PFA-011,0,40,40,true
has_room,BRISBANE,107821,CPR & PFA (AM),0,40,true,2058215,2026-09-24T09:00:00+10:00,Provide CPR (AM),CPR-009,0,15,15,true
has_room,BRISBANE,107821,CPR & PFA (AM),0,40,true,2058237,2026-09-24T09:00:00+10:00,Provide First Aid (AM),PFA-011,0,40,40,true
has_room,BRISBANE,107822,CPR & PFA (AM),0,40,true,2058216,2026-09-25T09:00:00+10:00,Provide CPR (AM),CPR-009,0,15,15,true
has_room,BRISBANE,107822,CPR & PFA (AM),0,40,true,2058238,2026-09-25T09:00:00+10:00,Provide First Aid (AM),PFA-011,0,40,40,true
has_room,BRISBANE,107823,CPR & PFA (AM),1,40,true,2058217,2026-09-28T09:00:00+10:00,Provide CPR (AM),CPR-009,0,15,15,true
has_room,BRISBANE,107823,CPR & PFA (AM),1,40,true,2058239,2026-09-28T09:00:00+10:00,Provide First Aid (AM),PFA-011,1,40,39,true
has_room,BRISBANE,107824,CPR & PFA (AM),0,40,true,2058218,2026-09-29T09:00:00+10:00,Provide CPR (AM),CPR-009,0,15,15,true
has_room,BRISBANE,107824,CPR & PFA (AM),0,40,true,2058240,2026-09-29T09:00:00+10:00,Provide First Aid (AM),PFA-011,0,40,40,true
has_room,BRISBANE,107825,CPR & PFA (AM),0,40,true,2058219,2026-09-30T09:00:00+10:00,Provide CPR (AM),CPR-009,0,15,15,true
has_room,BRISBANE,107825,CPR & PFA (AM),0,40,true,2058241,2026-09-30T09:00:00+10:00,Provide First Aid (AM),PFA-011,0,40,40,true
has_room,BRISBANE,109355,CPR & PFA (AM),0,40,true,2062883,2026-10-01T09:00:00+10:00,Provide CPR (AM),CPR-009,0,15,15,true
has_room,BRISBANE,109355,CPR & PFA (AM),0,40,true,2062905,2026-10-01T09:00:00+10:00,Provide First Aid (AM),PFA-011,0,40,40,true
has_room,BRISBANE,109356,CPR & PFA (AM),0,40,true,2062884,2026-10-02T09:00:00+10:00,Provide CPR (AM),CPR-009,0,15,15,true
has_room,BRISBANE,109356,CPR & PFA (AM),0,40,true,2062906,2026-10-02T09:00:00+10:00,Provide First Aid (AM),PFA-011,0,40,40,true
has_room,BRISBANE,109357,CPR & PFA (AM),0,40,true,2062885,2026-10-06T09:00:00+10:00,Provide CPR (AM),CPR-009,0,15,15,true
has_room,BRISBANE,109357,CPR & PFA (AM),0,40,true,2062907,2026-10-06T09:00:00+10:00,Provide First Aid (AM),PFA-011,0,40,40,true
has_room,BRISBANE,109358,CPR & PFA (AM),0,40,true,2062886,2026-10-07T09:00:00+10:00,Provide CPR (AM),CPR-009,0,15,15,true
has_room,BRISBANE,109358,CPR & PFA (AM),0,40,true,2062908,2026-10-07T09:00:00+10:00,Provide First Aid (AM),PFA-011,0,40,40,true
has_room,BRISBANE,109359,CPR & PFA (AM),0,40,true,2062887,2026-10-08T09:00:00+10:00,Provide CPR (AM),CPR-009,0,15,15,true
has_room,BRISBANE,109359,CPR & PFA (AM),0,40,true,2062909,2026-10-08T09:00:00+10:00,Provide First Aid (AM),PFA-011,0,40,40,true
has_room,BRISBANE,109360,CPR & PFA (AM),0,40,true,2062888,2026-10-09T09:00:00+10:00,Provide CPR (AM),CPR-009,0,15,15,true
has_room,BRISBANE,109360,CPR & PFA (AM),0,40,true,2062910,2026-10-09T09:00:00+10:00,Provide First Aid (AM),PFA-011,0,40,40,true
has_room,BRISBANE,109361,CPR & PFA (AM),0,40,true,2062889,2026-10-12T09:00:00+10:00,Provide CPR (AM),CPR-009,0,15,15,true
has_room,BRISBANE,109361,CPR & PFA (AM),0,40,true,2062911,2026-10-12T09:00:00+10:00,Provide First Aid (AM),PFA-011,0,40,40,true
has_room,BRISBANE,109362,CPR & PFA (AM),0,40,true,2062890,2026-10-13T09:00:00+10:00,Provide CPR (AM),CPR-009,0,15,15,true
has_room,BRISBANE,109362,CPR & PFA (AM),0,40,true,2062912,2026-10-13T09:00:00+10:00,Provide First Aid (AM),PFA-011,0,40,40,true
has_room,BRISBANE,109363,CPR & PFA (AM),0,40,true,2062891,2026-10-14T09:00:00+10:00,Provide CPR (AM),CPR-009,0,15,15,true
has_room,BRISBANE,109363,CPR & PFA (AM),0,40,true,2062913,2026-10-14T09:00:00+10:00,Provide First Aid (AM),PFA-011,0,40,40,true
has_room,BRISBANE,109364,CPR & PFA (AM),0,40,true,2062892,2026-10-15T09:00:00+10:00,Provide CPR (AM),CPR-009,0,15,15,true
has_room,BRISBANE,109364,CPR & PFA (AM),0,40,true,2062914,2026-10-15T09:00:00+10:00,Provide First Aid (AM),PFA-011,0,40,40,true
has_room,BRISBANE,109365,CPR & PFA (AM),0,40,true,2062893,2026-10-16T09:00:00+10:00,Provide CPR (AM),CPR-009,0,15,15,true
has_room,BRISBANE,109365,CPR & PFA (AM),0,40,true,2062915,2026-10-16T09:00:00+10:00,Provide First Aid (AM),PFA-011,0,40,40,true
has_room,BRISBANE,109366,CPR & PFA (AM),0,40,true,2062894,2026-10-19T09:00:00+10:00,Provide CPR (AM),CPR-009,0,15,15,true
has_room,BRISBANE,109366,CPR & PFA (AM),0,40,true,2062916,2026-10-19T09:00:00+10:00,Provide First Aid (AM),PFA-011,0,40,40,true
has_room,BRISBANE,109367,CPR & PFA (AM),0,40,true,2062895,2026-10-20T09:00:00+10:00,Provide CPR (AM),CPR-009,0,15,15,true
has_room,BRISBANE,109367,CPR & PFA (AM),0,40,true,2062917,2026-10-20T09:00:00+10:00,Provide First Aid (AM),PFA-011,0,40,40,true
has_room,BRISBANE,109368,CPR & PFA (AM),0,40,true,2062896,2026-10-21T09:00:00+10:00,Provide CPR (AM),CPR-009,0,15,15,true
has_room,BRISBANE,109368,CPR & PFA (AM),0,40,true,2062918,2026-10-21T09:00:00+10:00,Provide First Aid (AM),PFA-011,0,40,40,true
has_room,BRISBANE,109369,CPR & PFA (AM),0,40,true,2062897,2026-10-22T09:00:00+10:00,Provide CPR (AM),CPR-009,0,15,15,true
has_room,BRISBANE,109369,CPR & PFA (AM),0,40,true,2062919,2026-10-22T09:00:00+10:00,Provide First Aid (AM),PFA-011,0,40,40,true
has_room,BRISBANE,109370,CPR & PFA (AM),0,40,true,2062898,2026-10-23T09:00:00+10:00,Provide CPR (AM),CPR-009,0,15,15,true
has_room,BRISBANE,109370,CPR & PFA (AM),0,40,true,2062920,2026-10-23T09:00:00+10:00,Provide First Aid (AM),PFA-011,0,40,40,true
has_room,BRISBANE,109371,CPR & PFA (AM),0,40,true,2062899,2026-10-26T09:00:00+10:00,Provide CPR (AM),CPR-009,0,15,15,true
has_room,BRISBANE,109371,CPR & PFA (AM),0,40,true,2062921,2026-10-26T09:00:00+10:00,Provide First Aid (AM),PFA-011,0,40,40,true
has_room,BRISBANE,109372,CPR & PFA (AM),0,40,true,2062900,2026-10-27T09:00:00+10:00,Provide CPR (AM),CPR-009,0,15,15,true
has_room,BRISBANE,109372,CPR & PFA (AM),0,40,true,2062922,2026-10-27T09:00:00+10:00,Provide First Aid (AM),PFA-011,0,40,40,true
has_room,BRISBANE,109373,CPR & PFA (AM),0,40,true,2062901,2026-10-28T09:00:00+10:00,Provide CPR (AM),CPR-009,0,15,15,true
has_room,BRISBANE,109373,CPR & PFA (AM),0,40,true,2062923,2026-10-28T09:00:00+10:00,Provide First Aid (AM),PFA-011,0,40,40,true
has_room,BRISBANE,109374,CPR & PFA (AM),0,40,true,2062902,2026-10-29T09:00:00+10:00,Provide CPR (AM),CPR-009,0,15,15,true
has_room,BRISBANE,109374,CPR & PFA (AM),0,40,true,2062924,2026-10-29T09:00:00+10:00,Provide First Aid (AM),PFA-011,0,40,40,true
has_room,BRISBANE,109375,CPR & PFA (AM),0,40,true,2062903,2026-10-30T09:00:00+10:00,Provide CPR (AM),CPR-009,0,15,15,true
has_room,BRISBANE,109375,CPR & PFA (AM),0,40,true,2062925,2026-10-30T09:00:00+10:00,Provide First Aid (AM),PFA-011,0,40,40,true
has_room,BRISBANE,109376,CPR & PFA (AM),0,40,true,2062904,2026-10-05T09:00:00+10:00,Provide CPR (AM),CPR-009,0,15,15,true
has_room,BRISBANE,109376,CPR & PFA (AM),0,40,true,2062926,2026-10-05T09:00:00+10:00,Provide First Aid (AM),PFA-011,0,40,40,true
has_room,BRISBANE,109377,CPR/PFA/EFA,0,40,true,2062948,2026-10-03T09:00:00+10:00,Provide CPR (AM),CPR-009,0,15,15,true
has_room,BRISBANE,109377,CPR/PFA/EFA,0,40,true,2062956,2026-10-03T09:00:00+10:00,Provide First Aid (AM),PFA-011,0,40,40,true
has_room,BRISBANE,109377,CPR/PFA/EFA,0,40,true,2062964,2026-10-03T09:00:00+10:00,Childcare First Aid (AM),EFA-012,0,40,40,true
has_room,BRISBANE,109378,CPR/PFA/EFA,0,40,true,2062949,2026-10-04T09:00:00+10:00,Provide CPR (AM),CPR-009,0,15,15,true
has_room,BRISBANE,109378,CPR/PFA/EFA,0,40,true,2062957,2026-10-04T09:00:00+10:00,Provide First Aid (AM),PFA-011,0,40,40,true
has_room,BRISBANE,109378,CPR/PFA/EFA,0,40,true,2062965,2026-10-04T09:00:00+10:00,Childcare First Aid (AM),EFA-012,0,40,40,true
has_room,BRISBANE,109379,CPR/PFA/EFA,0,40,true,2062950,2026-10-10T09:00:00+10:00,Provide CPR (AM),CPR-009,0,15,15,true
has_room,BRISBANE,109379,CPR/PFA/EFA,0,40,true,2062958,2026-10-10T09:00:00+10:00,Provide First Aid (AM),PFA-011,0,40,40,true
has_room,BRISBANE,109379,CPR/PFA/EFA,0,40,true,2062966,2026-10-10T09:00:00+10:00,Childcare First Aid (AM),EFA-012,0,40,40,true
has_room,BRISBANE,109380,CPR/PFA/EFA,0,40,true,2062951,2026-10-11T09:00:00+10:00,Provide CPR (AM),CPR-009,0,15,15,true
has_room,BRISBANE,109380,CPR/PFA/EFA,0,40,true,2062959,2026-10-11T09:00:00+10:00,Provide First Aid (AM),PFA-011,0,40,40,true
has_room,BRISBANE,109380,CPR/PFA/EFA,0,40,true,2062967,2026-10-11T09:00:00+10:00,Childcare First Aid (AM),EFA-012,0,40,40,true
has_room,BRISBANE,109381,CPR/PFA/EFA,0,40,true,2062952,2026-10-17T09:00:00+10:00,Provide CPR (AM),CPR-009,0,15,15,true
has_room,BRISBANE,109381,CPR/PFA/EFA,0,40,true,2062960,2026-10-17T09:00:00+10:00,Provide First Aid (AM),PFA-011,0,40,40,true
has_room,BRISBANE,109381,CPR/PFA/EFA,0,40,true,2062968,2026-10-17T09:00:00+10:00,Childcare First Aid (AM),EFA-012,0,40,40,true
has_room,BRISBANE,109382,CPR/PFA/EFA,0,40,true,2062953,2026-10-24T09:00:00+10:00,Provide CPR (AM),CPR-009,0,15,15,true
has_room,BRISBANE,109382,CPR/PFA/EFA,0,40,true,2062961,2026-10-24T09:00:00+10:00,Provide First Aid (AM),PFA-011,0,40,40,true
has_room,BRISBANE,109382,CPR/PFA/EFA,0,40,true,2062969,2026-10-24T09:00:00+10:00,Childcare First Aid (AM),EFA-012,0,40,40,true
has_room,BRISBANE,109383,CPR/PFA/EFA,0,40,true,2062954,2026-10-25T09:00:00+10:00,Provide CPR (AM),CPR-009,0,15,15,true
has_room,BRISBANE,109383,CPR/PFA/EFA,0,40,true,2062962,2026-10-25T09:00:00+10:00,Provide First Aid (AM),PFA-011,0,40,40,true
has_room,BRISBANE,109383,CPR/PFA/EFA,0,40,true,2062970,2026-10-25T09:00:00+10:00,Childcare First Aid (AM),EFA-012,0,40,40,true
has_room,BRISBANE,109384,CPR/PFA/EFA,0,40,true,2062955,2026-10-31T09:00:00+10:00,Provide CPR (AM),CPR-009,0,15,15,true
has_room,BRISBANE,109384,CPR/PFA/EFA,0,40,true,2062963,2026-10-31T09:00:00+10:00,Provide First Aid (AM),PFA-011,0,40,40,true
has_room,BRISBANE,109384,CPR/PFA/EFA,0,40,true,2062971,2026-10-31T09:00:00+10:00,Childcare First Aid (AM),EFA-012,0,40,40,true
has_room,BROWNS PLAINS,106893,CPR/PFA/EFA,22,30,true,2055477,2026-08-29T09:00:00+10:00,Provide CPR (AM),CPR-009,11,12,1,true
has_room,BROWNS PLAINS,106893,CPR/PFA/EFA,22,30,true,2055487,2026-08-29T09:00:00+10:00,Provide First Aid (AM),PFA-011,6,30,24,true
has_room,BROWNS PLAINS,106893,CPR/PFA/EFA,22,30,true,2055497,2026-08-29T09:00:00+10:00,Childcare First Aid (AM),EFA-012,5,30,25,true
has_room,BROWNS PLAINS,106894,CPR/PFA/EFA,14,30,true,2055478,2026-08-30T09:00:00+10:00,Provide CPR (AM),CPR-009,9,15,6,true
has_room,BROWNS PLAINS,106894,CPR/PFA/EFA,14,30,true,2055488,2026-08-30T09:00:00+10:00,Provide First Aid (AM),PFA-011,5,30,25,true
has_room,BROWNS PLAINS,106894,CPR/PFA/EFA,14,30,true,2055498,2026-08-30T09:00:00+10:00,Childcare First Aid (AM),EFA-012,0,30,30,true
over_cap,BROWNS PLAINS,106913,CPR & PFA (AM),30,19,true,2055517,2026-08-27T09:00:00+10:00,Provide CPR (AM),CPR-009,11,11,0,true
over_cap,BROWNS PLAINS,106913,CPR & PFA (AM),30,19,true,2055538,2026-08-27T09:00:00+10:00,Provide First Aid (AM),PFA-011,19,19,0,true
has_room,BROWNS PLAINS,106914,CPR & PFA (AM),18,30,true,2055518,2026-08-28T09:00:00+10:00,Provide CPR (AM),CPR-009,12,11,0,true
has_room,BROWNS PLAINS,106914,CPR & PFA (AM),18,30,true,2055539,2026-08-28T09:00:00+10:00,Provide First Aid (AM),PFA-011,6,30,24,true
has_room,BROWNS PLAINS,106915,CPR & PFA (AM),15,30,true,2055519,2026-08-31T09:00:00+10:00,Provide CPR (AM),CPR-009,10,11,1,true
has_room,BROWNS PLAINS,106915,CPR & PFA (AM),15,30,true,2055540,2026-08-31T09:00:00+10:00,Provide First Aid (AM),PFA-011,5,30,25,true
has_room,BROWNS PLAINS,107826,CPR/PFA/EFA,10,30,true,2058264,2026-09-05T09:00:00+10:00,Provide CPR (AM),CPR-009,7,10,3,true
has_room,BROWNS PLAINS,107826,CPR/PFA/EFA,10,30,true,2058272,2026-09-05T09:00:00+10:00,Provide First Aid (AM),PFA-011,3,30,27,true
has_room,BROWNS PLAINS,107826,CPR/PFA/EFA,10,30,true,2058280,2026-09-05T09:00:00+10:00,Childcare First Aid (AM),EFA-012,0,30,30,true
has_room,BROWNS PLAINS,107827,CPR/PFA/EFA,3,30,true,2058265,2026-09-06T09:00:00+10:00,Provide CPR (AM),CPR-009,3,10,7,true
has_room,BROWNS PLAINS,107827,CPR/PFA/EFA,3,30,true,2058273,2026-09-06T09:00:00+10:00,Provide First Aid (AM),PFA-011,0,30,30,true
has_room,BROWNS PLAINS,107827,CPR/PFA/EFA,3,30,true,2058281,2026-09-06T09:00:00+10:00,Childcare First Aid (AM),EFA-012,0,30,30,true
has_room,BROWNS PLAINS,107828,CPR/PFA/EFA,0,30,true,2058266,2026-09-12T09:00:00+10:00,Provide CPR (AM),CPR-009,0,10,10,true
has_room,BROWNS PLAINS,107828,CPR/PFA/EFA,0,30,true,2058274,2026-09-12T09:00:00+10:00,Provide First Aid (AM),PFA-011,0,30,30,true
has_room,BROWNS PLAINS,107828,CPR/PFA/EFA,0,30,true,2058282,2026-09-12T09:00:00+10:00,Childcare First Aid (AM),EFA-012,0,30,30,true
has_room,BROWNS PLAINS,107829,CPR/PFA/EFA,2,30,true,2058267,2026-09-13T09:00:00+10:00,Provide CPR (AM),CPR-009,0,10,10,true
has_room,BROWNS PLAINS,107829,CPR/PFA/EFA,2,30,true,2058275,2026-09-13T09:00:00+10:00,Provide First Aid (AM),PFA-011,0,30,30,true
has_room,BROWNS PLAINS,107829,CPR/PFA/EFA,2,30,true,2058283,2026-09-13T09:00:00+10:00,Childcare First Aid (AM),EFA-012,2,30,28,true
has_room,BROWNS PLAINS,107830,CPR/PFA/EFA,0,30,true,2058268,2026-09-19T09:00:00+10:00,Provide CPR (AM),CPR-009,0,10,10,true
has_room,BROWNS PLAINS,107830,CPR/PFA/EFA,0,30,true,2058276,2026-09-19T09:00:00+10:00,Provide First Aid (AM),PFA-011,0,30,30,true
has_room,BROWNS PLAINS,107830,CPR/PFA/EFA,0,30,true,2058284,2026-09-19T09:00:00+10:00,Childcare First Aid (AM),EFA-012,0,30,30,true
has_room,BROWNS PLAINS,107831,CPR/PFA/EFA,4,30,true,2058269,2026-09-20T09:00:00+10:00,Provide CPR (AM),CPR-009,2,10,8,true
has_room,BROWNS PLAINS,107831,CPR/PFA/EFA,4,30,true,2058277,2026-09-20T09:00:00+10:00,Provide First Aid (AM),PFA-011,0,30,30,true
has_room,BROWNS PLAINS,107831,CPR/PFA/EFA,4,30,true,2058285,2026-09-20T09:00:00+10:00,Childcare First Aid (AM),EFA-012,2,30,28,true
has_room,BROWNS PLAINS,107832,CPR/PFA/EFA,3,30,true,2058270,2026-09-26T09:00:00+10:00,Provide CPR (AM),CPR-009,1,10,9,true
has_room,BROWNS PLAINS,107832,CPR/PFA/EFA,3,30,true,2058278,2026-09-26T09:00:00+10:00,Provide First Aid (AM),PFA-011,2,30,28,true
has_room,BROWNS PLAINS,107832,CPR/PFA/EFA,3,30,true,2058286,2026-09-26T09:00:00+10:00,Childcare First Aid (AM),EFA-012,0,30,30,true
has_room,BROWNS PLAINS,107833,CPR/PFA/EFA,1,30,true,2058271,2026-09-27T09:00:00+10:00,Provide CPR (AM),CPR-009,1,10,9,true
has_room,BROWNS PLAINS,107833,CPR/PFA/EFA,1,30,true,2058279,2026-09-27T09:00:00+10:00,Provide First Aid (AM),PFA-011,0,30,30,true
has_room,BROWNS PLAINS,107833,CPR/PFA/EFA,1,30,true,2058287,2026-09-27T09:00:00+10:00,Childcare First Aid (AM),EFA-012,0,30,30,true
has_room,BROWNS PLAINS,107834,CPR & PFA (AM),10,30,true,2058288,2026-09-01T09:00:00+10:00,Provide CPR (AM),CPR-009,7,11,4,true
has_room,BROWNS PLAINS,107834,CPR & PFA (AM),10,30,true,2058310,2026-09-01T09:00:00+10:00,Provide First Aid (AM),PFA-011,3,30,27,true
has_room,BROWNS PLAINS,107835,CPR & PFA (AM),9,30,true,2058289,2026-09-02T09:00:00+10:00,Provide CPR (AM),CPR-009,5,11,6,true
has_room,BROWNS PLAINS,107835,CPR & PFA (AM),9,30,true,2058311,2026-09-02T09:00:00+10:00,Provide First Aid (AM),PFA-011,4,30,26,true
has_room,BROWNS PLAINS,107836,CPR & PFA (AM),4,30,true,2058290,2026-09-03T09:00:00+10:00,Provide CPR (AM),CPR-009,2,11,9,true
has_room,BROWNS PLAINS,107836,CPR & PFA (AM),4,30,true,2058312,2026-09-03T09:00:00+10:00,Provide First Aid (AM),PFA-011,2,30,28,true
has_room,BROWNS PLAINS,107837,CPR & PFA (AM),10,30,true,2058291,2026-09-04T09:00:00+10:00,Provide CPR (AM),CPR-009,5,11,6,true
has_room,BROWNS PLAINS,107837,CPR & PFA (AM),10,30,true,2058313,2026-09-04T09:00:00+10:00,Provide First Aid (AM),PFA-011,5,30,25,true
has_room,BROWNS PLAINS,107838,CPR & PFA (AM),8,30,true,2058292,2026-09-07T09:00:00+10:00,Provide CPR (AM),CPR-009,5,11,6,true
has_room,BROWNS PLAINS,107838,CPR & PFA (AM),8,30,true,2058314,2026-09-07T09:00:00+10:00,Provide First Aid (AM),PFA-011,3,30,27,true
has_room,BROWNS PLAINS,107839,CPR & PFA (AM),3,30,true,2058293,2026-09-08T09:00:00+10:00,Provide CPR (AM),CPR-009,0,11,11,true
has_room,BROWNS PLAINS,107839,CPR & PFA (AM),3,30,true,2058315,2026-09-08T09:00:00+10:00,Provide First Aid (AM),PFA-011,3,30,27,true
has_room,BROWNS PLAINS,107840,CPR & PFA (AM),3,30,true,2058294,2026-09-09T09:00:00+10:00,Provide CPR (AM),CPR-009,1,11,10,true
has_room,BROWNS PLAINS,107840,CPR & PFA (AM),3,30,true,2058316,2026-09-09T09:00:00+10:00,Provide First Aid (AM),PFA-011,2,30,28,true
has_room,BROWNS PLAINS,107841,CPR & PFA (AM),2,30,true,2058295,2026-09-10T09:00:00+10:00,Provide CPR (AM),CPR-009,2,11,9,true
has_room,BROWNS PLAINS,107841,CPR & PFA (AM),2,30,true,2058317,2026-09-10T09:00:00+10:00,Provide First Aid (AM),PFA-011,0,30,30,true
has_room,BROWNS PLAINS,107842,CPR & PFA (AM),6,30,true,2058296,2026-09-11T09:00:00+10:00,Provide CPR (AM),CPR-009,3,11,8,true
has_room,BROWNS PLAINS,107842,CPR & PFA (AM),6,30,true,2058318,2026-09-11T09:00:00+10:00,Provide First Aid (AM),PFA-011,3,30,27,true
has_room,BROWNS PLAINS,107843,CPR & PFA (AM),2,30,true,2058297,2026-09-14T09:00:00+10:00,Provide CPR (AM),CPR-009,0,11,11,true
has_room,BROWNS PLAINS,107843,CPR & PFA (AM),2,30,true,2058319,2026-09-14T09:00:00+10:00,Provide First Aid (AM),PFA-011,2,30,28,true
has_room,BROWNS PLAINS,107844,CPR & PFA (AM),2,30,true,2058298,2026-09-15T09:00:00+10:00,Provide CPR (AM),CPR-009,1,11,10,true
has_room,BROWNS PLAINS,107844,CPR & PFA (AM),2,30,true,2058320,2026-09-15T09:00:00+10:00,Provide First Aid (AM),PFA-011,1,30,29,true
has_room,BROWNS PLAINS,107845,CPR & PFA (AM),2,30,true,2058299,2026-09-16T09:00:00+10:00,Provide CPR (AM),CPR-009,2,11,9,true
has_room,BROWNS PLAINS,107845,CPR & PFA (AM),2,30,true,2058321,2026-09-16T09:00:00+10:00,Provide First Aid (AM),PFA-011,0,30,30,true
has_room,BROWNS PLAINS,107846,CPR & PFA (AM),0,30,true,2058300,2026-09-17T09:00:00+10:00,Provide CPR (AM),CPR-009,0,11,11,true
has_room,BROWNS PLAINS,107846,CPR & PFA (AM),0,30,true,2058322,2026-09-17T09:00:00+10:00,Provide First Aid (AM),PFA-011,0,30,30,true
has_room,BROWNS PLAINS,107847,CPR & PFA (AM),0,30,true,2058301,2026-09-18T09:00:00+10:00,Provide CPR (AM),CPR-009,0,11,11,true
has_room,BROWNS PLAINS,107847,CPR & PFA (AM),0,30,true,2058323,2026-09-18T09:00:00+10:00,Provide First Aid (AM),PFA-011,0,30,30,true
has_room,BROWNS PLAINS,107848,CPR & PFA (AM),2,30,true,2058302,2026-09-21T09:00:00+10:00,Provide CPR (AM),CPR-009,0,11,11,true
has_room,BROWNS PLAINS,107848,CPR & PFA (AM),2,30,true,2058324,2026-09-21T09:00:00+10:00,Provide First Aid (AM),PFA-011,2,30,28,true
has_room,BROWNS PLAINS,107849,CPR & PFA (AM),0,30,true,2058303,2026-09-22T09:00:00+10:00,Provide CPR (AM),CPR-009,0,11,11,true
has_room,BROWNS PLAINS,107849,CPR & PFA (AM),0,30,true,2058325,2026-09-22T09:00:00+10:00,Provide First Aid (AM),PFA-011,0,30,30,true
has_room,BROWNS PLAINS,107850,CPR & PFA (AM),0,30,true,2058304,2026-09-23T09:00:00+10:00,Provide CPR (AM),CPR-009,0,11,11,true
has_room,BROWNS PLAINS,107850,CPR & PFA (AM),0,30,true,2058326,2026-09-23T09:00:00+10:00,Provide First Aid (AM),PFA-011,0,30,30,true
has_room,BROWNS PLAINS,107851,CPR & PFA (AM),0,30,true,2058305,2026-09-24T09:00:00+10:00,Provide CPR (AM),CPR-009,0,11,11,true
has_room,BROWNS PLAINS,107851,CPR & PFA (AM),0,30,true,2058327,2026-09-24T09:00:00+10:00,Provide First Aid (AM),PFA-011,0,30,30,true
has_room,BROWNS PLAINS,107852,CPR & PFA (AM),0,30,true,2058306,2026-09-25T09:00:00+10:00,Provide CPR (AM),CPR-009,0,11,11,true
has_room,BROWNS PLAINS,107852,CPR & PFA (AM),0,30,true,2058328,2026-09-25T09:00:00+10:00,Provide First Aid (AM),PFA-011,0,30,30,true
has_room,BROWNS PLAINS,107853,CPR & PFA (AM),1,30,true,2058307,2026-09-28T09:00:00+10:00,Provide CPR (AM),CPR-009,1,11,10,true
has_room,BROWNS PLAINS,107853,CPR & PFA (AM),1,30,true,2058329,2026-09-28T09:00:00+10:00,Provide First Aid (AM),PFA-011,0,30,30,true
has_room,BROWNS PLAINS,107854,CPR & PFA (AM),0,30,true,2058308,2026-09-29T09:00:00+10:00,Provide CPR (AM),CPR-009,0,11,11,true
has_room,BROWNS PLAINS,107854,CPR & PFA (AM),0,30,true,2058330,2026-09-29T09:00:00+10:00,Provide First Aid (AM),PFA-011,0,30,30,true
has_room,BROWNS PLAINS,107855,CPR & PFA (AM),0,30,true,2058309,2026-09-30T09:00:00+10:00,Provide CPR (AM),CPR-009,0,11,11,true
has_room,BROWNS PLAINS,107855,CPR & PFA (AM),0,30,true,2058331,2026-09-30T09:00:00+10:00,Provide First Aid (AM),PFA-011,0,30,30,true
has_room,BROWNS PLAINS,109385,CPR & PFA (AM),0,30,true,2062994,2026-10-01T09:00:00+10:00,Provide CPR (AM),CPR-009,0,11,11,true
has_room,BROWNS PLAINS,109385,CPR & PFA (AM),0,30,true,2063016,2026-10-01T09:00:00+10:00,Provide First Aid (AM),PFA-011,0,30,30,true
has_room,BROWNS PLAINS,109386,CPR & PFA (AM),0,30,true,2062995,2026-10-02T09:00:00+10:00,Provide CPR (AM),CPR-009,0,11,11,true
has_room,BROWNS PLAINS,109386,CPR & PFA (AM),0,30,true,2063017,2026-10-02T09:00:00+10:00,Provide First Aid (AM),PFA-011,0,30,30,true
has_room,BROWNS PLAINS,109387,CPR & PFA (AM),0,30,true,2062996,2026-10-05T09:00:00+10:00,Provide CPR (AM),CPR-009,0,11,11,true
has_room,BROWNS PLAINS,109387,CPR & PFA (AM),0,30,true,2063018,2026-10-05T09:00:00+10:00,Provide First Aid (AM),PFA-011,0,30,30,true
has_room,BROWNS PLAINS,109388,CPR & PFA (AM),0,30,true,2062997,2026-10-06T09:00:00+10:00,Provide CPR (AM),CPR-009,0,11,11,true
has_room,BROWNS PLAINS,109388,CPR & PFA (AM),0,30,true,2063019,2026-10-06T09:00:00+10:00,Provide First Aid (AM),PFA-011,0,30,30,true
has_room,BROWNS PLAINS,109389,CPR & PFA (AM),0,30,true,2062998,2026-10-07T09:00:00+10:00,Provide CPR (AM),CPR-009,0,11,11,true
has_room,BROWNS PLAINS,109389,CPR & PFA (AM),0,30,true,2063020,2026-10-07T09:00:00+10:00,Provide First Aid (AM),PFA-011,0,30,30,true
has_room,BROWNS PLAINS,109390,CPR & PFA (AM),0,30,true,2062999,2026-10-08T09:00:00+10:00,Provide CPR (AM),CPR-009,0,11,11,true
has_room,BROWNS PLAINS,109390,CPR & PFA (AM),0,30,true,2063021,2026-10-08T09:00:00+10:00,Provide First Aid (AM),PFA-011,0,30,30,true
has_room,BROWNS PLAINS,109391,CPR & PFA (AM),0,30,true,2063000,2026-10-09T09:00:00+10:00,Provide CPR (AM),CPR-009,0,11,11,true
has_room,BROWNS PLAINS,109391,CPR & PFA (AM),0,30,true,2063022,2026-10-09T09:00:00+10:00,Provide First Aid (AM),PFA-011,0,30,30,true
has_room,BROWNS PLAINS,109392,CPR & PFA (AM),0,30,true,2063001,2026-10-12T09:00:00+10:00,Provide CPR (AM),CPR-009,0,11,11,true
has_room,BROWNS PLAINS,109392,CPR & PFA (AM),0,30,true,2063023,2026-10-12T09:00:00+10:00,Provide First Aid (AM),PFA-011,0,30,30,true
has_room,BROWNS PLAINS,109393,CPR & PFA (AM),0,30,true,2063002,2026-10-13T09:00:00+10:00,Provide CPR (AM),CPR-009,0,11,11,true
has_room,BROWNS PLAINS,109393,CPR & PFA (AM),0,30,true,2063024,2026-10-13T09:00:00+10:00,Provide First Aid (AM),PFA-011,0,30,30,true
has_room,BROWNS PLAINS,109394,CPR & PFA (AM),0,30,true,2063003,2026-10-14T09:00:00+10:00,Provide CPR (AM),CPR-009,0,11,11,true
has_room,BROWNS PLAINS,109394,CPR & PFA (AM),0,30,true,2063025,2026-10-14T09:00:00+10:00,Provide First Aid (AM),PFA-011,0,30,30,true
has_room,BROWNS PLAINS,109395,CPR & PFA (AM),0,30,true,2063004,2026-10-15T09:00:00+10:00,Provide CPR (AM),CPR-009,0,11,11,true
has_room,BROWNS PLAINS,109395,CPR & PFA (AM),0,30,true,2063026,2026-10-15T09:00:00+10:00,Provide First Aid (AM),PFA-011,0,30,30,true
has_room,BROWNS PLAINS,109396,CPR & PFA (AM),0,30,true,2063005,2026-10-16T09:00:00+10:00,Provide CPR (AM),CPR-009,0,11,11,true
has_room,BROWNS PLAINS,109396,CPR & PFA (AM),0,30,true,2063027,2026-10-16T09:00:00+10:00,Provide First Aid (AM),PFA-011,0,30,30,true
has_room,BROWNS PLAINS,109397,CPR & PFA (AM),0,30,true,2063006,2026-10-19T09:00:00+10:00,Provide CPR (AM),CPR-009,0,11,11,true
has_room,BROWNS PLAINS,109397,CPR & PFA (AM),0,30,true,2063028,2026-10-19T09:00:00+10:00,Provide First Aid (AM),PFA-011,0,30,30,true
has_room,BROWNS PLAINS,109398,CPR & PFA (AM),0,30,true,2063007,2026-10-20T09:00:00+10:00,Provide CPR (AM),CPR-009,0,11,11,true
has_room,BROWNS PLAINS,109398,CPR & PFA (AM),0,30,true,2063029,2026-10-20T09:00:00+10:00,Provide First Aid (AM),PFA-011,0,30,30,true
has_room,BROWNS PLAINS,109399,CPR & PFA (AM),0,30,true,2063008,2026-10-21T09:00:00+10:00,Provide CPR (AM),CPR-009,0,11,11,true
has_room,BROWNS PLAINS,109399,CPR & PFA (AM),0,30,true,2063030,2026-10-21T09:00:00+10:00,Provide First Aid (AM),PFA-011,0,30,30,true
has_room,BROWNS PLAINS,109400,CPR & PFA (AM),0,30,true,2063009,2026-10-22T09:00:00+10:00,Provide CPR (AM),CPR-009,0,11,11,true
has_room,BROWNS PLAINS,109400,CPR & PFA (AM),0,30,true,2063031,2026-10-22T09:00:00+10:00,Provide First Aid (AM),PFA-011,0,30,30,true
has_room,BROWNS PLAINS,109401,CPR & PFA (AM),0,30,true,2063010,2026-10-23T09:00:00+10:00,Provide CPR (AM),CPR-009,0,11,11,true
has_room,BROWNS PLAINS,109401,CPR & PFA (AM),0,30,true,2063032,2026-10-23T09:00:00+10:00,Provide First Aid (AM),PFA-011,0,30,30,true
has_room,BROWNS PLAINS,109402,CPR & PFA (AM),0,30,true,2063011,2026-10-26T09:00:00+10:00,Provide CPR (AM),CPR-009,0,11,11,true
has_room,BROWNS PLAINS,109402,CPR & PFA (AM),0,30,true,2063033,2026-10-26T09:00:00+10:00,Provide First Aid (AM),PFA-011,0,30,30,true
has_room,BROWNS PLAINS,109403,CPR & PFA (AM),0,30,true,2063012,2026-10-27T09:00:00+10:00,Provide CPR (AM),CPR-009,0,11,11,true
has_room,BROWNS PLAINS,109403,CPR & PFA (AM),0,30,true,2063034,2026-10-27T09:00:00+10:00,Provide First Aid (AM),PFA-011,0,30,30,true
has_room,BROWNS PLAINS,109404,CPR & PFA (AM),0,30,true,2063013,2026-10-28T09:00:00+10:00,Provide CPR (AM),CPR-009,0,11,11,true
has_room,BROWNS PLAINS,109404,CPR & PFA (AM),0,30,true,2063035,2026-10-28T09:00:00+10:00,Provide First Aid (AM),PFA-011,0,30,30,true
has_room,BROWNS PLAINS,109405,CPR & PFA (AM),0,30,true,2063014,2026-10-29T09:00:00+10:00,Provide CPR (AM),CPR-009,0,11,11,true
has_room,BROWNS PLAINS,109405,CPR & PFA (AM),0,30,true,2063036,2026-10-29T09:00:00+10:00,Provide First Aid (AM),PFA-011,0,30,30,true
has_room,BROWNS PLAINS,109406,CPR & PFA (AM),0,30,true,2063015,2026-10-30T09:00:00+10:00,Provide CPR (AM),CPR-009,0,11,11,true
has_room,BROWNS PLAINS,109406,CPR & PFA (AM),0,30,true,2063037,2026-10-30T09:00:00+10:00,Provide First Aid (AM),PFA-011,0,30,30,true
has_room,BROWNS PLAINS,109407,CPR/PFA/EFA,0,30,true,2063038,2026-10-03T09:00:00+10:00,Provide CPR (AM),CPR-009,0,10,10,true
has_room,BROWNS PLAINS,109407,CPR/PFA/EFA,0,30,true,2063047,2026-10-03T09:00:00+10:00,Provide First Aid (AM),PFA-011,0,30,30,true
has_room,BROWNS PLAINS,109407,CPR/PFA/EFA,0,30,true,2063056,2026-10-03T09:00:00+10:00,Childcare First Aid (AM),EFA-012,0,30,30,true
has_room,BROWNS PLAINS,109408,CPR/PFA/EFA,0,30,true,2063039,2026-10-04T09:00:00+10:00,Provide CPR (AM),CPR-009,0,10,10,true
has_room,BROWNS PLAINS,109408,CPR/PFA/EFA,0,30,true,2063048,2026-10-04T09:00:00+10:00,Provide First Aid (AM),PFA-011,0,30,30,true
has_room,BROWNS PLAINS,109408,CPR/PFA/EFA,0,30,true,2063057,2026-10-04T09:00:00+10:00,Childcare First Aid (AM),EFA-012,0,30,30,true
has_room,BROWNS PLAINS,109409,CPR/PFA/EFA,0,30,true,2063040,2026-10-10T09:00:00+10:00,Provide CPR (AM),CPR-009,0,10,10,true
has_room,BROWNS PLAINS,109409,CPR/PFA/EFA,0,30,true,2063049,2026-10-10T09:00:00+10:00,Provide First Aid (AM),PFA-011,0,30,30,true
has_room,BROWNS PLAINS,109409,CPR/PFA/EFA,0,30,true,2063058,2026-10-10T09:00:00+10:00,Childcare First Aid (AM),EFA-012,0,30,30,true
has_room,BROWNS PLAINS,109410,CPR/PFA/EFA,0,30,true,2063041,2026-10-11T09:00:00+10:00,Provide CPR (AM),CPR-009,0,10,10,true
has_room,BROWNS PLAINS,109410,CPR/PFA/EFA,0,30,true,2063050,2026-10-11T09:00:00+10:00,Provide First Aid (AM),PFA-011,0,30,30,true
has_room,BROWNS PLAINS,109410,CPR/PFA/EFA,0,30,true,2063059,2026-10-11T09:00:00+10:00,Childcare First Aid (AM),EFA-012,0,30,30,true
has_room,BROWNS PLAINS,109411,CPR/PFA/EFA,0,30,true,2063042,2026-10-17T09:00:00+10:00,Provide CPR (AM),CPR-009,0,10,10,true
has_room,BROWNS PLAINS,109411,CPR/PFA/EFA,0,30,true,2063051,2026-10-17T09:00:00+10:00,Provide First Aid (AM),PFA-011,0,30,30,true
has_room,BROWNS PLAINS,109411,CPR/PFA/EFA,0,30,true,2063060,2026-10-17T09:00:00+10:00,Childcare First Aid (AM),EFA-012,0,30,30,true
has_room,BROWNS PLAINS,109412,CPR/PFA/EFA,0,30,true,2063043,2026-10-18T09:00:00+10:00,Provide CPR (AM),CPR-009,0,10,10,true
has_room,BROWNS PLAINS,109412,CPR/PFA/EFA,0,30,true,2063052,2026-10-18T09:00:00+10:00,Provide First Aid (AM),PFA-011,0,30,30,true
has_room,BROWNS PLAINS,109412,CPR/PFA/EFA,0,30,true,2063061,2026-10-18T09:00:00+10:00,Childcare First Aid (AM),EFA-012,0,30,30,true
has_room,BROWNS PLAINS,109413,CPR/PFA/EFA,0,30,true,2063044,2026-10-24T09:00:00+10:00,Provide CPR (AM),CPR-009,0,10,10,true
has_room,BROWNS PLAINS,109413,CPR/PFA/EFA,0,30,true,2063053,2026-10-24T09:00:00+10:00,Provide First Aid (AM),PFA-011,0,30,30,true
has_room,BROWNS PLAINS,109413,CPR/PFA/EFA,0,30,true,2063062,2026-10-24T09:00:00+10:00,Childcare First Aid (AM),EFA-012,0,30,30,true
has_room,BROWNS PLAINS,109414,CPR/PFA/EFA,0,30,true,2063045,2026-10-25T09:00:00+10:00,Provide CPR (AM),CPR-009,0,10,10,true
has_room,BROWNS PLAINS,109414,CPR/PFA/EFA,0,30,true,2063054,2026-10-25T09:00:00+10:00,Provide First Aid (AM),PFA-011,0,30,30,true
has_room,BROWNS PLAINS,109414,CPR/PFA/EFA,0,30,true,2063063,2026-10-25T09:00:00+10:00,Childcare First Aid (AM),EFA-012,0,30,30,true
has_room,BROWNS PLAINS,109415,CPR/PFA/EFA,0,30,true,2063046,2026-10-31T09:00:00+10:00,Provide CPR (AM),CPR-009,0,10,10,true
has_room,BROWNS PLAINS,109415,CPR/PFA/EFA,0,30,true,2063055,2026-10-31T09:00:00+10:00,Provide First Aid (AM),PFA-011,0,30,30,true
has_room,BROWNS PLAINS,109415,CPR/PFA/EFA,0,30,true,2063064,2026-10-31T09:00:00+10:00,Childcare First Aid (AM),EFA-012,0,30,30,true
has_room,BUNDABERG,107254,CPR/PFA/EFA,14,20,true,2056544,2026-08-29T09:00:00+10:00,Provide CPR (AM),CPR-009,4,20,16,true
has_room,BUNDABERG,107254,CPR/PFA/EFA,14,20,true,2056548,2026-08-29T09:00:00+10:00,Provide First Aid (AM),PFA-011,7,20,13,true
has_room,BUNDABERG,107254,CPR/PFA/EFA,14,20,true,2056552,2026-08-29T09:00:00+10:00,Childcare First Aid (AM),EFA-012,3,20,17,true
over_cap,BUNDABERG,107264,CPR & PFA (AM),20,12,true,2056562,2026-08-28T09:00:00+10:00,Provide CPR (AM),CPR-009,8,8,0,true
over_cap,BUNDABERG,107264,CPR & PFA (AM),20,12,true,2056573,2026-08-28T09:00:00+10:00,Provide First Aid (AM),PFA-011,12,12,0,true
has_room,BUNDABERG,107265,CPR & PFA (AM),5,20,true,2056563,2026-08-31T09:00:00+10:00,Provide CPR (AM),CPR-009,4,20,16,true
has_room,BUNDABERG,107265,CPR & PFA (AM),5,20,true,2056574,2026-08-31T09:00:00+10:00,Provide First Aid (AM),PFA-011,1,20,19,true
has_room,BUNDABERG,108192,CPR/PFA/EFA,2,20,true,2059353,2026-09-05T09:00:00+10:00,Provide CPR (AM),CPR-009,2,20,18,true
has_room,BUNDABERG,108192,CPR/PFA/EFA,2,20,true,2059357,2026-09-05T09:00:00+10:00,Provide First Aid (AM),PFA-011,0,20,20,true
has_room,BUNDABERG,108192,CPR/PFA/EFA,2,20,true,2059361,2026-09-05T09:00:00+10:00,Childcare First Aid (AM),EFA-012,0,20,20,true
has_room,BUNDABERG,108193,CPR/PFA/EFA,0,20,true,2059354,2026-09-12T09:00:00+10:00,Provide CPR (AM),CPR-009,0,20,20,true
has_room,BUNDABERG,108193,CPR/PFA/EFA,0,20,true,2059358,2026-09-12T09:00:00+10:00,Provide First Aid (AM),PFA-011,0,20,20,true
has_room,BUNDABERG,108193,CPR/PFA/EFA,0,20,true,2059362,2026-09-12T09:00:00+10:00,Childcare First Aid (AM),EFA-012,0,20,20,true
has_room,BUNDABERG,108195,CPR/PFA/EFA,1,20,true,2059356,2026-09-26T09:00:00+10:00,Provide CPR (AM),CPR-009,0,20,20,true
has_room,BUNDABERG,108195,CPR/PFA/EFA,1,20,true,2059360,2026-09-26T09:00:00+10:00,Provide First Aid (AM),PFA-011,1,20,19,true
has_room,BUNDABERG,108195,CPR/PFA/EFA,1,20,true,2059364,2026-09-26T09:00:00+10:00,Childcare First Aid (AM),EFA-012,0,20,20,true
has_room,BUNDABERG,108196,CPR & PFA (AM),5,20,true,2059365,2026-09-03T09:00:00+10:00,Provide CPR (AM),CPR-009,0,20,20,true
has_room,BUNDABERG,108196,CPR & PFA (AM),5,20,true,2059378,2026-09-03T09:00:00+10:00,Provide First Aid (AM),PFA-011,5,20,15,true
has_room,BUNDABERG,108197,CPR & PFA (AM),4,20,true,2059366,2026-09-04T09:00:00+10:00,Provide CPR (AM),CPR-009,0,20,20,true
has_room,BUNDABERG,108197,CPR & PFA (AM),4,20,true,2059379,2026-09-04T09:00:00+10:00,Provide First Aid (AM),PFA-011,4,20,16,true
has_room,BUNDABERG,108198,CPR & PFA (AM),3,20,true,2059367,2026-09-07T09:00:00+10:00,Provide CPR (AM),CPR-009,1,20,19,true
has_room,BUNDABERG,108198,CPR & PFA (AM),3,20,true,2059380,2026-09-07T09:00:00+10:00,Provide First Aid (AM),PFA-011,2,20,18,true
has_room,BUNDABERG,108199,CPR & PFA (AM),1,20,true,2059368,2026-09-09T09:00:00+10:00,Provide CPR (AM),CPR-009,0,20,20,true
has_room,BUNDABERG,108199,CPR & PFA (AM),1,20,true,2059381,2026-09-09T09:00:00+10:00,Provide First Aid (AM),PFA-011,1,20,19,true
has_room,BUNDABERG,108200,CPR & PFA (AM),0,20,true,2059369,2026-09-11T09:00:00+10:00,Provide CPR (AM),CPR-009,0,20,20,true
has_room,BUNDABERG,108200,CPR & PFA (AM),0,20,true,2059382,2026-09-11T09:00:00+10:00,Provide First Aid (AM),PFA-011,0,20,20,true
has_room,BUNDABERG,108201,CPR & PFA (AM),2,20,true,2059370,2026-09-15T09:00:00+10:00,Provide CPR (AM),CPR-009,1,20,19,true
has_room,BUNDABERG,108201,CPR & PFA (AM),2,20,true,2059383,2026-09-15T09:00:00+10:00,Provide First Aid (AM),PFA-011,1,20,19,true
has_room,BUNDABERG,108202,CPR & PFA (AM),1,20,true,2059371,2026-09-17T09:00:00+10:00,Provide CPR (AM),CPR-009,1,20,19,true
has_room,BUNDABERG,108202,CPR & PFA (AM),1,20,true,2059384,2026-09-17T09:00:00+10:00,Provide First Aid (AM),PFA-011,0,20,20,true
has_room,BUNDABERG,108203,CPR & PFA (AM),0,20,true,2059372,2026-09-18T09:00:00+10:00,Provide CPR (AM),CPR-009,0,20,20,true
has_room,BUNDABERG,108203,CPR & PFA (AM),0,20,true,2059385,2026-09-18T09:00:00+10:00,Provide First Aid (AM),PFA-011,0,20,20,true
has_room,BUNDABERG,108204,CPR & PFA (AM),0,20,true,2059373,2026-09-21T09:00:00+10:00,Provide CPR (AM),CPR-009,0,20,20,true
has_room,BUNDABERG,108204,CPR & PFA (AM),0,20,true,2059386,2026-09-21T09:00:00+10:00,Provide First Aid (AM),PFA-011,0,20,20,true
has_room,BUNDABERG,108205,CPR & PFA (AM),0,20,true,2059374,2026-09-23T09:00:00+10:00,Provide CPR (AM),CPR-009,0,20,20,true
has_room,BUNDABERG,108205,CPR & PFA (AM),0,20,true,2059387,2026-09-23T09:00:00+10:00,Provide First Aid (AM),PFA-011,0,20,20,true
has_room,BUNDABERG,108206,CPR & PFA (AM),1,20,true,2059375,2026-09-25T09:00:00+10:00,Provide CPR (AM),CPR-009,0,20,20,true
has_room,BUNDABERG,108206,CPR & PFA (AM),1,20,true,2059388,2026-09-25T09:00:00+10:00,Provide First Aid (AM),PFA-011,1,20,19,true
has_room,BUNDABERG,108207,CPR & PFA (AM),0,20,true,2059376,2026-09-28T09:00:00+10:00,Provide CPR (AM),CPR-009,0,20,20,true
has_room,BUNDABERG,108207,CPR & PFA (AM),0,20,true,2059389,2026-09-28T09:00:00+10:00,Provide First Aid (AM),PFA-011,0,20,20,true
has_room,BUNDABERG,108208,CPR & PFA (AM),0,20,true,2059377,2026-09-29T09:00:00+10:00,Provide CPR (AM),CPR-009,0,20,20,true
has_room,BUNDABERG,108208,CPR & PFA (AM),0,20,true,2059390,2026-09-29T09:00:00+10:00,Provide First Aid (AM),PFA-011,0,20,20,true
has_room,BUNDABERG,108852,CPR & PFA (AM),1,20,true,2061384,2026-10-09T09:00:00+10:00,Provide CPR (AM),CPR-009,1,20,19,true
has_room,BUNDABERG,108852,CPR & PFA (AM),1,20,true,2061394,2026-10-09T09:00:00+10:00,Provide First Aid (AM),PFA-011,0,20,20,true
has_room,BUNDABERG,108853,CPR & PFA (AM),0,20,true,2061385,2026-10-13T09:00:00+10:00,Provide CPR (AM),CPR-009,0,20,20,true
has_room,BUNDABERG,108853,CPR & PFA (AM),0,20,true,2061395,2026-10-13T09:00:00+10:00,Provide First Aid (AM),PFA-011,0,20,20,true
has_room,BUNDABERG,108854,CPR & PFA (AM),0,20,true,2061386,2026-10-14T09:00:00+10:00,Provide CPR (AM),CPR-009,0,20,20,true
has_room,BUNDABERG,108854,CPR & PFA (AM),0,20,true,2061396,2026-10-14T09:00:00+10:00,Provide First Aid (AM),PFA-011,0,20,20,true
has_room,BUNDABERG,108855,CPR & PFA (AM),0,20,true,2061387,2026-10-16T09:00:00+10:00,Provide CPR (AM),CPR-009,0,20,20,true
has_room,BUNDABERG,108855,CPR & PFA (AM),0,20,true,2061397,2026-10-16T09:00:00+10:00,Provide First Aid (AM),PFA-011,0,20,20,true
has_room,BUNDABERG,108856,CPR & PFA (AM),0,20,true,2061388,2026-10-19T09:00:00+10:00,Provide CPR (AM),CPR-009,0,20,20,true
has_room,BUNDABERG,108856,CPR & PFA (AM),0,20,true,2061398,2026-10-19T09:00:00+10:00,Provide First Aid (AM),PFA-011,0,20,20,true
has_room,BUNDABERG,108857,CPR & PFA (AM),0,20,true,2061389,2026-10-22T09:00:00+10:00,Provide CPR (AM),CPR-009,0,20,20,true
has_room,BUNDABERG,108857,CPR & PFA (AM),0,20,true,2061399,2026-10-22T09:00:00+10:00,Provide First Aid (AM),PFA-011,0,20,20,true
has_room,BUNDABERG,108858,CPR & PFA (AM),0,20,true,2061390,2026-10-23T09:00:00+10:00,Provide CPR (AM),CPR-009,0,20,20,true
has_room,BUNDABERG,108858,CPR & PFA (AM),0,20,true,2061400,2026-10-23T09:00:00+10:00,Provide First Aid (AM),PFA-011,0,20,20,true
has_room,BUNDABERG,108859,CPR & PFA (AM),0,20,true,2061391,2026-10-26T09:00:00+10:00,Provide CPR (AM),CPR-009,0,20,20,true
has_room,BUNDABERG,108859,CPR & PFA (AM),0,20,true,2061401,2026-10-26T09:00:00+10:00,Provide First Aid (AM),PFA-011,0,20,20,true
has_room,BUNDABERG,108860,CPR & PFA (AM),0,20,true,2061392,2026-10-27T09:00:00+10:00,Provide CPR (AM),CPR-009,0,20,20,true
has_room,BUNDABERG,108860,CPR & PFA (AM),0,20,true,2061402,2026-10-27T09:00:00+10:00,Provide First Aid (AM),PFA-011,0,20,20,true
has_room,BUNDABERG,108861,CPR & PFA (AM),0,20,true,2061393,2026-10-29T09:00:00+10:00,Provide CPR (AM),CPR-009,0,20,20,true
has_room,BUNDABERG,108861,CPR & PFA (AM),0,20,true,2061403,2026-10-29T09:00:00+10:00,Provide First Aid (AM),PFA-011,0,20,20,true
has_room,BUNDABERG,108862,CPR/PFA/EFA,0,20,true,2061404,2026-10-10T09:00:00+10:00,Provide CPR (AM),CPR-009,0,20,20,true
has_room,BUNDABERG,108862,CPR/PFA/EFA,0,20,true,2061408,2026-10-10T09:00:00+10:00,Provide First Aid (AM),PFA-011,0,20,20,true
has_room,BUNDABERG,108862,CPR/PFA/EFA,0,20,true,2061412,2026-10-10T09:00:00+10:00,Childcare First Aid (AM),EFA-012,0,20,20,true
has_room,BUNDABERG,108863,CPR/PFA/EFA,0,20,true,2061405,2026-10-17T09:00:00+10:00,Provide CPR (AM),CPR-009,0,20,20,true
has_room,BUNDABERG,108863,CPR/PFA/EFA,0,20,true,2061409,2026-10-17T09:00:00+10:00,Provide First Aid (AM),PFA-011,0,20,20,true
has_room,BUNDABERG,108863,CPR/PFA/EFA,0,20,true,2061413,2026-10-17T09:00:00+10:00,Childcare First Aid (AM),EFA-012,0,20,20,true
has_room,BUNDABERG,108864,CPR/PFA/EFA,0,20,true,2061406,2026-10-24T09:00:00+10:00,Provide CPR (AM),CPR-009,0,20,20,true
has_room,BUNDABERG,108864,CPR/PFA/EFA,0,20,true,2061410,2026-10-24T09:00:00+10:00,Provide First Aid (AM),PFA-011,0,20,20,true
has_room,BUNDABERG,108864,CPR/PFA/EFA,0,20,true,2061414,2026-10-24T09:00:00+10:00,Childcare First Aid (AM),EFA-012,0,20,20,true
has_room,BUNDABERG,108865,CPR/PFA/EFA,0,20,true,2061407,2026-10-31T09:00:00+10:00,Provide CPR (AM),CPR-009,0,20,20,true
has_room,BUNDABERG,108865,CPR/PFA/EFA,0,20,true,2061411,2026-10-31T09:00:00+10:00,Provide First Aid (AM),PFA-011,0,20,20,true
has_room,BUNDABERG,108865,CPR/PFA/EFA,0,20,true,2061415,2026-10-31T09:00:00+10:00,Childcare First Aid (AM),EFA-012,0,20,20,true
has_room,CABOOLTURE,107163,CPR/PFA/EFA,27,30,true,2056275,2026-08-30T09:00:00+10:00,Provide CPR (AM),CPR-009,13,12,0,true
has_room,CABOOLTURE,107163,CPR/PFA/EFA,27,30,true,2056279,2026-08-30T09:00:00+10:00,Provide First Aid (AM),PFA-011,13,30,17,true
has_room,CABOOLTURE,107163,CPR/PFA/EFA,27,30,true,2056283,2026-08-30T09:00:00+10:00,Childcare First Aid (AM),EFA-012,1,30,29,true
has_room,CABOOLTURE,108094,CPR/PFA/EFA,2,30,true,2059057,2026-09-13T09:00:00+10:00,Provide CPR (AM),CPR-009,1,12,11,true
has_room,CABOOLTURE,108094,CPR/PFA/EFA,2,30,true,2059060,2026-09-13T09:00:00+10:00,Provide First Aid (AM),PFA-011,1,30,29,true
has_room,CABOOLTURE,108094,CPR/PFA/EFA,2,30,true,2059063,2026-09-13T09:00:00+10:00,Childcare First Aid (AM),EFA-012,0,30,30,true
has_room,CABOOLTURE,108095,CPR/PFA/EFA,2,30,true,2059058,2026-09-20T09:00:00+10:00,Provide CPR (AM),CPR-009,2,12,10,true
has_room,CABOOLTURE,108095,CPR/PFA/EFA,2,30,true,2059061,2026-09-20T09:00:00+10:00,Provide First Aid (AM),PFA-011,0,30,30,true
has_room,CABOOLTURE,108095,CPR/PFA/EFA,2,30,true,2059064,2026-09-20T09:00:00+10:00,Childcare First Aid (AM),EFA-012,0,30,30,true
has_room,CABOOLTURE,108096,CPR/PFA/EFA,0,30,true,2059059,2026-09-27T09:00:00+10:00,Provide CPR (AM),CPR-009,0,12,12,true
has_room,CABOOLTURE,108096,CPR/PFA/EFA,0,30,true,2059062,2026-09-27T09:00:00+10:00,Provide First Aid (AM),PFA-011,0,30,30,true
has_room,CABOOLTURE,108096,CPR/PFA/EFA,0,30,true,2059065,2026-09-27T09:00:00+10:00,Childcare First Aid (AM),EFA-012,0,30,30,true
has_room,CABOOLTURE,108097,CPR & PFA (AM),25,30,true,2059066,2026-09-03T09:00:00+10:00,Provide CPR (AM),CPR-009,10,10,0,true
has_room,CABOOLTURE,108097,CPR & PFA (AM),25,30,true,2059070,2026-09-03T09:00:00+10:00,Provide First Aid (AM),PFA-011,15,30,15,true
has_room,CABOOLTURE,108098,CPR & PFA (AM),19,30,true,2059067,2026-09-09T09:00:00+10:00,Provide CPR (AM),CPR-009,10,10,0,true
has_room,CABOOLTURE,108098,CPR & PFA (AM),19,30,true,2059071,2026-09-09T09:00:00+10:00,Provide First Aid (AM),PFA-011,9,30,21,true
has_room,CABOOLTURE,108099,CPR & PFA (AM),10,30,true,2059068,2026-09-16T09:00:00+10:00,Provide CPR (AM),CPR-009,2,10,8,true
has_room,CABOOLTURE,108099,CPR & PFA (AM),10,30,true,2059072,2026-09-16T09:00:00+10:00,Provide First Aid (AM),PFA-011,8,30,22,true
has_room,CABOOLTURE,108100,CPR & PFA (AM),8,30,true,2059069,2026-09-24T09:00:00+10:00,Provide CPR (AM),CPR-009,6,10,4,true
has_room,CABOOLTURE,108100,CPR & PFA (AM),8,30,true,2059073,2026-09-24T09:00:00+10:00,Provide First Aid (AM),PFA-011,2,30,28,true
has_room,CABOOLTURE,109657,CPR & PFA (AM),0,30,true,2063768,2026-10-01T09:00:00+10:00,Provide CPR (AM),CPR-009,0,10,10,true
has_room,CABOOLTURE,109657,CPR & PFA (AM),0,30,true,2063773,2026-10-01T09:00:00+10:00,Provide First Aid (AM),PFA-011,0,30,30,true
has_room,CABOOLTURE,109658,CPR & PFA (AM),0,30,true,2063769,2026-10-07T09:00:00+10:00,Provide CPR (AM),CPR-009,0,10,10,true
has_room,CABOOLTURE,109658,CPR & PFA (AM),0,30,true,2063774,2026-10-07T09:00:00+10:00,Provide First Aid (AM),PFA-011,0,30,30,true
has_room,CABOOLTURE,109659,CPR & PFA (AM),0,30,true,2063770,2026-10-14T09:00:00+10:00,Provide CPR (AM),CPR-009,0,10,10,true
has_room,CABOOLTURE,109659,CPR & PFA (AM),0,30,true,2063775,2026-10-14T09:00:00+10:00,Provide First Aid (AM),PFA-011,0,30,30,true
has_room,CABOOLTURE,109660,CPR & PFA (AM),0,30,true,2063771,2026-10-22T09:00:00+10:00,Provide CPR (AM),CPR-009,0,10,10,true
has_room,CABOOLTURE,109660,CPR & PFA (AM),0,30,true,2063776,2026-10-22T09:00:00+10:00,Provide First Aid (AM),PFA-011,0,30,30,true
has_room,CABOOLTURE,109661,CPR & PFA (AM),0,30,true,2063772,2026-10-29T09:00:00+10:00,Provide CPR (AM),CPR-009,0,10,10,true
has_room,CABOOLTURE,109661,CPR & PFA (AM),0,30,true,2063777,2026-10-29T09:00:00+10:00,Provide First Aid (AM),PFA-011,0,30,30,true
has_room,CABOOLTURE,109662,CPR/PFA/EFA,0,30,true,2063783,2026-10-11T09:00:00+10:00,Provide CPR (AM),CPR-009,0,12,12,true
has_room,CABOOLTURE,109662,CPR/PFA/EFA,0,30,true,2063784,2026-10-11T09:00:00+10:00,Provide First Aid (AM),PFA-011,0,30,30,true
has_room,CABOOLTURE,109662,CPR/PFA/EFA,0,30,true,2063785,2026-10-11T09:00:00+10:00,Childcare First Aid (AM),EFA-012,0,30,30,true
has_room,CAIRNS,108256,CPR/PFA/EFA,7,20,true,2059543,2026-09-05T09:00:00+10:00,Provide CPR (AM),CPR-009,4,20,16,true
has_room,CAIRNS,108256,CPR/PFA/EFA,7,20,true,2059547,2026-09-05T09:00:00+10:00,Provide First Aid (AM),PFA-011,3,20,17,true
has_room,CAIRNS,108256,CPR/PFA/EFA,7,20,true,2059551,2026-09-05T09:00:00+10:00,Childcare First Aid (AM),EFA-012,0,20,20,true
has_room,CAIRNS,108257,CPR/PFA/EFA,1,20,true,2059544,2026-09-12T09:00:00+10:00,Provide CPR (AM),CPR-009,1,20,19,true
has_room,CAIRNS,108257,CPR/PFA/EFA,1,20,true,2059548,2026-09-12T09:00:00+10:00,Provide First Aid (AM),PFA-011,0,20,20,true
has_room,CAIRNS,108257,CPR/PFA/EFA,1,20,true,2059552,2026-09-12T09:00:00+10:00,Childcare First Aid (AM),EFA-012,0,20,20,true
has_room,CAIRNS,108258,CPR/PFA/EFA,3,20,true,2059545,2026-09-19T09:00:00+10:00,Provide CPR (AM),CPR-009,2,20,18,true
has_room,CAIRNS,108258,CPR/PFA/EFA,3,20,true,2059549,2026-09-19T09:00:00+10:00,Provide First Aid (AM),PFA-011,0,20,20,true
has_room,CAIRNS,108258,CPR/PFA/EFA,3,20,true,2059553,2026-09-19T09:00:00+10:00,Childcare First Aid (AM),EFA-012,1,20,19,true
has_room,CAIRNS,108259,CPR/PFA/EFA,1,20,true,2059546,2026-09-26T09:00:00+10:00,Provide CPR (AM),CPR-009,1,20,19,true
has_room,CAIRNS,108259,CPR/PFA/EFA,1,20,true,2059550,2026-09-26T09:00:00+10:00,Provide First Aid (AM),PFA-011,0,20,20,true
has_room,CAIRNS,108259,CPR/PFA/EFA,1,20,true,2059554,2026-09-26T09:00:00+10:00,Childcare First Aid (AM),EFA-012,0,20,20,true
has_room,CAIRNS,108260,CPR & PFA (AM),16,20,true,2059555,2026-09-03T09:00:00+10:00,Provide CPR (AM),CPR-009,9,20,11,true
has_room,CAIRNS,108260,CPR & PFA (AM),16,20,true,2059560,2026-09-03T09:00:00+10:00,Provide First Aid (AM),PFA-011,7,20,13,true
has_room,CAIRNS,108261,CPR & PFA (AM),3,20,true,2059556,2026-09-10T09:00:00+10:00,Provide CPR (AM),CPR-009,1,20,19,true
has_room,CAIRNS,108261,CPR & PFA (AM),3,20,true,2059561,2026-09-10T09:00:00+10:00,Provide First Aid (AM),PFA-011,2,20,18,true
has_room,CAIRNS,108262,CPR & PFA (AM),4,20,true,2059557,2026-09-11T09:00:00+10:00,Provide CPR (AM),CPR-009,2,20,18,true
has_room,CAIRNS,108262,CPR & PFA (AM),4,20,true,2059562,2026-09-11T09:00:00+10:00,Provide First Aid (AM),PFA-011,2,20,18,true
has_room,CAIRNS,108263,CPR & PFA (AM),2,20,true,2059558,2026-09-17T09:00:00+10:00,Provide CPR (AM),CPR-009,0,20,20,true
has_room,CAIRNS,108263,CPR & PFA (AM),2,20,true,2059563,2026-09-17T09:00:00+10:00,Provide First Aid (AM),PFA-011,2,20,18,true
has_room,CAIRNS,108264,CPR & PFA (AM),1,20,true,2059559,2026-09-24T09:00:00+10:00,Provide CPR (AM),CPR-009,0,20,20,true
has_room,CAIRNS,108264,CPR & PFA (AM),1,20,true,2059564,2026-09-24T09:00:00+10:00,Provide First Aid (AM),PFA-011,1,20,19,true
has_room,CAIRNS,108814,CPR & PFA (AM),1,20,true,2061260,2026-10-01T09:00:00+10:00,Provide CPR (AM),CPR-009,0,20,20,true
has_room,CAIRNS,108814,CPR & PFA (AM),1,20,true,2061265,2026-10-01T09:00:00+10:00,Provide First Aid (AM),PFA-011,1,20,19,true
has_room,CAIRNS,108815,CPR & PFA (AM),1,20,true,2061261,2026-10-09T09:00:00+10:00,Provide CPR (AM),CPR-009,1,20,19,true
has_room,CAIRNS,108815,CPR & PFA (AM),1,20,true,2061266,2026-10-09T09:00:00+10:00,Provide First Aid (AM),PFA-011,0,20,20,true
has_room,CAIRNS,108816,CPR & PFA (AM),0,20,true,2061262,2026-10-15T09:00:00+10:00,Provide CPR (AM),CPR-009,0,20,20,true
has_room,CAIRNS,108816,CPR & PFA (AM),0,20,true,2061267,2026-10-15T09:00:00+10:00,Provide First Aid (AM),PFA-011,0,20,20,true
has_room,CAIRNS,108817,CPR & PFA (AM),0,20,true,2061263,2026-10-22T09:00:00+10:00,Provide CPR (AM),CPR-009,0,20,20,true
has_room,CAIRNS,108817,CPR & PFA (AM),0,20,true,2061268,2026-10-22T09:00:00+10:00,Provide First Aid (AM),PFA-011,0,20,20,true
has_room,CAIRNS,108818,CPR & PFA (AM),0,20,true,2061264,2026-10-29T09:00:00+10:00,Provide CPR (AM),CPR-009,0,20,20,true
has_room,CAIRNS,108818,CPR & PFA (AM),0,20,true,2061269,2026-10-29T09:00:00+10:00,Provide First Aid (AM),PFA-011,0,20,20,true
has_room,CAIRNS,108819,CPR/PFA/EFA,0,20,true,2061275,2026-10-03T09:00:00+10:00,Provide CPR (AM),CPR-009,0,20,20,true
has_room,CAIRNS,108819,CPR/PFA/EFA,0,20,true,2061280,2026-10-03T09:00:00+10:00,Provide First Aid (AM),PFA-011,0,20,20,true
has_room,CAIRNS,108819,CPR/PFA/EFA,0,20,true,2061285,2026-10-03T09:00:00+10:00,Childcare First Aid (AM),EFA-012,0,20,20,true
has_room,CAIRNS,108820,CPR/PFA/EFA,1,20,true,2061276,2026-10-10T09:00:00+10:00,Provide CPR (AM),CPR-009,1,20,19,true
has_room,CAIRNS,108820,CPR/PFA/EFA,1,20,true,2061281,2026-10-10T09:00:00+10:00,Provide First Aid (AM),PFA-011,0,20,20,true
has_room,CAIRNS,108820,CPR/PFA/EFA,1,20,true,2061286,2026-10-10T09:00:00+10:00,Childcare First Aid (AM),EFA-012,0,20,20,true
has_room,CAIRNS,108821,CPR/PFA/EFA,0,20,true,2061277,2026-10-17T09:00:00+10:00,Provide CPR (AM),CPR-009,0,20,20,true
has_room,CAIRNS,108821,CPR/PFA/EFA,0,20,true,2061282,2026-10-17T09:00:00+10:00,Provide First Aid (AM),PFA-011,0,20,20,true
has_room,CAIRNS,108821,CPR/PFA/EFA,0,20,true,2061287,2026-10-17T09:00:00+10:00,Childcare First Aid (AM),EFA-012,0,20,20,true
has_room,CAIRNS,108822,CPR/PFA/EFA,0,20,true,2061278,2026-10-24T09:00:00+10:00,Provide CPR (AM),CPR-009,0,20,20,true
has_room,CAIRNS,108822,CPR/PFA/EFA,0,20,true,2061283,2026-10-24T09:00:00+10:00,Provide First Aid (AM),PFA-011,0,20,20,true
has_room,CAIRNS,108822,CPR/PFA/EFA,0,20,true,2061288,2026-10-24T09:00:00+10:00,Childcare First Aid (AM),EFA-012,0,20,20,true
has_room,CAIRNS,108823,CPR/PFA/EFA,0,20,true,2061279,2026-10-31T09:00:00+10:00,Provide CPR (AM),CPR-009,0,20,20,true
has_room,CAIRNS,108823,CPR/PFA/EFA,0,20,true,2061284,2026-10-31T09:00:00+10:00,Provide First Aid (AM),PFA-011,0,20,20,true
has_room,CAIRNS,108823,CPR/PFA/EFA,0,20,true,2061289,2026-10-31T09:00:00+10:00,Childcare First Aid (AM),EFA-012,0,20,20,true
has_room,CALOUNDRA,108129,CPR/PFA/EFA,11,18,true,2059159,2026-09-05T09:00:00+10:00,Provide CPR (AM),CPR-009,3,18,15,true
has_room,CALOUNDRA,108129,CPR/PFA/EFA,11,18,true,2059161,2026-09-05T09:00:00+10:00,Provide First Aid (AM),PFA-011,5,18,13,true
has_room,CALOUNDRA,108129,CPR/PFA/EFA,11,18,true,2059163,2026-09-05T09:00:00+10:00,Childcare First Aid (AM),EFA-012,3,18,15,true
has_room,CALOUNDRA,108130,CPR/PFA/EFA,2,18,true,2059160,2026-09-25T09:00:00+10:00,Provide CPR (AM),CPR-009,1,18,17,true
has_room,CALOUNDRA,108130,CPR/PFA/EFA,2,18,true,2059162,2026-09-25T09:00:00+10:00,Provide First Aid (AM),PFA-011,1,18,17,true
has_room,CALOUNDRA,108130,CPR/PFA/EFA,2,18,true,2059164,2026-09-25T09:00:00+10:00,Childcare First Aid (AM),EFA-012,0,18,18,true
has_room,CALOUNDRA,108131,CPR & PFA (AM),10,18,true,2059165,2026-09-01T09:00:00+10:00,Provide CPR (AM),CPR-009,2,18,16,true
has_room,CALOUNDRA,108131,CPR & PFA (AM),10,18,true,2059169,2026-09-01T09:00:00+10:00,Provide First Aid (AM),PFA-011,8,18,10,true
has_room,CALOUNDRA,108132,CPR & PFA (AM),7,18,true,2059166,2026-09-08T09:00:00+10:00,Provide CPR (AM),CPR-009,4,18,14,true
has_room,CALOUNDRA,108132,CPR & PFA (AM),7,18,true,2059170,2026-09-08T09:00:00+10:00,Provide First Aid (AM),PFA-011,3,18,15,true
has_room,CALOUNDRA,108133,CPR & PFA (AM),2,18,true,2059167,2026-09-15T09:00:00+10:00,Provide CPR (AM),CPR-009,0,18,18,true
has_room,CALOUNDRA,108133,CPR & PFA (AM),2,18,true,2059171,2026-09-15T09:00:00+10:00,Provide First Aid (AM),PFA-011,2,18,16,true
has_room,CALOUNDRA,108134,CPR & PFA (AM),3,18,true,2059168,2026-09-29T09:00:00+10:00,Provide CPR (AM),CPR-009,1,18,17,true
has_room,CALOUNDRA,108134,CPR & PFA (AM),3,18,true,2059172,2026-09-29T09:00:00+10:00,Provide First Aid (AM),PFA-011,2,18,16,true
has_room,CALOUNDRA,109693,CPR & PFA (AM),1,18,true,2063878,2026-10-06T09:00:00+10:00,Provide CPR (AM),CPR-009,0,18,18,true
has_room,CALOUNDRA,109693,CPR & PFA (AM),1,18,true,2063882,2026-10-06T09:00:00+10:00,Provide First Aid (AM),PFA-011,1,18,17,true
has_room,CALOUNDRA,109694,CPR & PFA (AM),0,18,true,2063879,2026-10-13T09:00:00+10:00,Provide CPR (AM),CPR-009,0,18,18,true
has_room,CALOUNDRA,109694,CPR & PFA (AM),0,18,true,2063883,2026-10-13T09:00:00+10:00,Provide First Aid (AM),PFA-011,0,18,18,true
has_room,CALOUNDRA,109695,CPR & PFA (AM),0,18,true,2063880,2026-10-19T09:00:00+10:00,Provide CPR (AM),CPR-009,0,18,18,true
has_room,CALOUNDRA,109695,CPR & PFA (AM),0,18,true,2063884,2026-10-19T09:00:00+10:00,Provide First Aid (AM),PFA-011,0,18,18,true
has_room,CALOUNDRA,109696,CPR & PFA (AM),0,18,true,2063881,2026-10-27T09:00:00+10:00,Provide CPR (AM),CPR-009,0,18,18,true
has_room,CALOUNDRA,109696,CPR & PFA (AM),0,18,true,2063885,2026-10-27T09:00:00+10:00,Provide First Aid (AM),PFA-011,0,18,18,true
has_room,CALOUNDRA,109697,CPR/PFA/EFA,0,18,true,2063886,2026-10-03T09:00:00+10:00,Provide CPR (AM),CPR-009,0,18,18,true
has_room,CALOUNDRA,109697,CPR/PFA/EFA,0,18,true,2063889,2026-10-03T09:00:00+10:00,Provide First Aid (AM),PFA-011,0,18,18,true
has_room,CALOUNDRA,109697,CPR/PFA/EFA,0,18,true,2063892,2026-10-03T09:00:00+10:00,Childcare First Aid (AM),EFA-012,0,18,18,true
has_room,CALOUNDRA,109698,CPR/PFA/EFA,0,18,true,2063887,2026-10-23T09:00:00+10:00,Provide CPR (AM),CPR-009,0,18,18,true
has_room,CALOUNDRA,109698,CPR/PFA/EFA,0,18,true,2063890,2026-10-23T09:00:00+10:00,Provide First Aid (AM),PFA-011,0,18,18,true
has_room,CALOUNDRA,109698,CPR/PFA/EFA,0,18,true,2063893,2026-10-23T09:00:00+10:00,Childcare First Aid (AM),EFA-012,0,18,18,true
has_room,CALOUNDRA,109699,CPR/PFA/EFA,0,18,true,2063888,2026-10-31T09:00:00+10:00,Provide CPR (AM),CPR-009,0,18,18,true
has_room,CALOUNDRA,109699,CPR/PFA/EFA,0,18,true,2063891,2026-10-31T09:00:00+10:00,Provide First Aid (AM),PFA-011,0,18,18,true
has_room,CALOUNDRA,109699,CPR/PFA/EFA,0,18,true,2063894,2026-10-31T09:00:00+10:00,Childcare First Aid (AM),EFA-012,0,18,18,true
has_room,CAMPBELLTOWN,107368,CPR/PFA/EFA,21,24,true,2056887,2026-08-28T09:00:00+10:00,Provide CPR (AM),CPR-009,12,24,12,true
has_room,CAMPBELLTOWN,107368,CPR/PFA/EFA,21,24,true,2056889,2026-08-28T09:00:00+10:00,Provide First Aid (AM),PFA-011,6,24,18,true
has_room,CAMPBELLTOWN,107368,CPR/PFA/EFA,21,24,true,2056891,2026-08-28T09:00:00+10:00,Childcare First Aid (AM),EFA-012,3,24,21,true
has_room,CAMPBELLTOWN,108311,CPR/PFA/EFA,7,24,true,2059707,2026-09-04T09:00:00+10:00,Provide CPR (AM),CPR-009,1,24,23,true
has_room,CAMPBELLTOWN,108311,CPR/PFA/EFA,7,24,true,2059710,2026-09-04T09:00:00+10:00,Provide First Aid (AM),PFA-011,6,24,18,true
has_room,CAMPBELLTOWN,108311,CPR/PFA/EFA,7,24,true,2059713,2026-09-04T09:00:00+10:00,Childcare First Aid (AM),EFA-012,0,24,24,true
has_room,CAMPBELLTOWN,108312,CPR/PFA/EFA,7,24,true,2059708,2026-09-07T09:00:00+10:00,Provide CPR (AM),CPR-009,1,24,23,true
has_room,CAMPBELLTOWN,108312,CPR/PFA/EFA,7,24,true,2059711,2026-09-07T09:00:00+10:00,Provide First Aid (AM),PFA-011,6,24,18,true
has_room,CAMPBELLTOWN,108312,CPR/PFA/EFA,7,24,true,2059714,2026-09-07T09:00:00+10:00,Childcare First Aid (AM),EFA-012,0,24,24,true
has_room,CAMPBELLTOWN,108313,CPR/PFA/EFA,1,24,true,2059709,2026-09-25T09:00:00+10:00,Provide CPR (AM),CPR-009,0,24,24,true
has_room,CAMPBELLTOWN,108313,CPR/PFA/EFA,1,24,true,2059712,2026-09-25T09:00:00+10:00,Provide First Aid (AM),PFA-011,1,24,23,true
has_room,CAMPBELLTOWN,108313,CPR/PFA/EFA,1,24,true,2059715,2026-09-25T09:00:00+10:00,Childcare First Aid (AM),EFA-012,0,24,24,true
has_room,CAMPBELLTOWN,108314,CPR & PFA (AM),6,24,true,2059716,2026-09-01T09:00:00+10:00,Provide CPR (AM),CPR-009,0,8,8,true
has_room,CAMPBELLTOWN,108314,CPR & PFA (AM),6,24,true,2059721,2026-09-01T09:00:00+10:00,Provide First Aid (AM),PFA-011,6,24,18,true
has_room,CAMPBELLTOWN,108315,CPR & PFA (AM),2,24,true,2059717,2026-09-10T09:00:00+10:00,Provide CPR (AM),CPR-009,0,8,8,true
has_room,CAMPBELLTOWN,108315,CPR & PFA (AM),2,24,true,2059722,2026-09-10T09:00:00+10:00,Provide First Aid (AM),PFA-011,2,24,22,true
has_room,CAMPBELLTOWN,108316,CPR & PFA (AM),1,24,true,2059718,2026-09-15T09:00:00+10:00,Provide CPR (AM),CPR-009,1,8,7,true
has_room,CAMPBELLTOWN,108316,CPR & PFA (AM),1,24,true,2059723,2026-09-15T09:00:00+10:00,Provide First Aid (AM),PFA-011,0,24,24,true
has_room,CAMPBELLTOWN,108317,CPR & PFA (AM),3,24,true,2059719,2026-09-22T09:00:00+10:00,Provide CPR (AM),CPR-009,1,8,7,true
has_room,CAMPBELLTOWN,108317,CPR & PFA (AM),3,24,true,2059724,2026-09-22T09:00:00+10:00,Provide First Aid (AM),PFA-011,2,24,22,true
has_room,CAMPBELLTOWN,108318,CPR & PFA (AM),0,24,true,2059720,2026-09-29T09:00:00+10:00,Provide CPR (AM),CPR-009,0,8,8,true
has_room,CAMPBELLTOWN,108318,CPR & PFA (AM),0,24,true,2059725,2026-09-29T09:00:00+10:00,Provide First Aid (AM),PFA-011,0,24,24,true
has_room,CAMPBELLTOWN,108946,CPR & PFA (AM),2,24,true,2061656,2026-10-08T09:00:00+10:00,Provide CPR (AM),CPR-009,0,8,8,true
has_room,CAMPBELLTOWN,108946,CPR & PFA (AM),2,24,true,2061660,2026-10-08T09:00:00+10:00,Provide First Aid (AM),PFA-011,2,24,22,true
has_room,CAMPBELLTOWN,108947,CPR & PFA (AM),0,24,true,2061657,2026-10-13T09:00:00+10:00,Provide CPR (AM),CPR-009,0,8,8,true
has_room,CAMPBELLTOWN,108947,CPR & PFA (AM),0,24,true,2061661,2026-10-13T09:00:00+10:00,Provide First Aid (AM),PFA-011,0,24,24,true
has_room,CAMPBELLTOWN,108948,CPR & PFA (AM),0,24,true,2061658,2026-10-20T09:00:00+10:00,Provide CPR (AM),CPR-009,0,8,8,true
has_room,CAMPBELLTOWN,108948,CPR & PFA (AM),0,24,true,2061662,2026-10-20T09:00:00+10:00,Provide First Aid (AM),PFA-011,0,24,24,true
has_room,CAMPBELLTOWN,108949,CPR & PFA (AM),0,24,true,2061659,2026-10-27T09:00:00+10:00,Provide CPR (AM),CPR-009,0,8,8,true
has_room,CAMPBELLTOWN,108949,CPR & PFA (AM),0,24,true,2061663,2026-10-27T09:00:00+10:00,Provide First Aid (AM),PFA-011,0,24,24,true
has_room,CAMPBELLTOWN,108950,CPR/PFA/EFA,0,24,true,2061668,2026-10-02T09:00:00+10:00,Provide CPR (AM),CPR-009,0,24,24,true
has_room,CAMPBELLTOWN,108950,CPR/PFA/EFA,0,24,true,2061671,2026-10-02T09:00:00+10:00,Provide First Aid (AM),PFA-011,0,24,24,true
has_room,CAMPBELLTOWN,108950,CPR/PFA/EFA,0,24,true,2061674,2026-10-02T09:00:00+10:00,Childcare First Aid (AM),EFA-012,0,24,24,true
has_room,CAMPBELLTOWN,108951,CPR/PFA/EFA,0,24,true,2061669,2026-10-23T09:00:00+10:00,Provide CPR (AM),CPR-009,0,24,24,true
has_room,CAMPBELLTOWN,108951,CPR/PFA/EFA,0,24,true,2061672,2026-10-23T09:00:00+10:00,Provide First Aid (AM),PFA-011,0,24,24,true
has_room,CAMPBELLTOWN,108951,CPR/PFA/EFA,0,24,true,2061675,2026-10-23T09:00:00+10:00,Childcare First Aid (AM),EFA-012,0,24,24,true
has_room,CAMPBELLTOWN,108952,CPR/PFA/EFA,0,24,true,2061670,2026-10-30T09:00:00+10:00,Provide CPR (AM),CPR-009,0,24,24,true
has_room,CAMPBELLTOWN,108952,CPR/PFA/EFA,0,24,true,2061673,2026-10-30T09:00:00+10:00,Provide First Aid (AM),PFA-011,0,24,24,true
has_room,CAMPBELLTOWN,108952,CPR/PFA/EFA,0,24,true,2061676,2026-10-30T09:00:00+10:00,Childcare First Aid (AM),EFA-012,0,24,24,true
has_room,CANBERRA,108744,CPR/PFA/EFA,6,20,true,2061026,2026-09-05T09:00:00+10:00,Provide CPR (AM),CPR-009,0,20,20,true
has_room,CANBERRA,108744,CPR/PFA/EFA,6,20,true,2061027,2026-09-05T09:00:00+10:00,Provide First Aid (AM),PFA-011,5,20,15,true
has_room,CANBERRA,108744,CPR/PFA/EFA,6,20,true,2061028,2026-09-05T09:00:00+10:00,Childcare First Aid (AM),EFA-012,1,20,19,true
has_room,CANBERRA,108745,CPR & PFA (AM),1,20,true,2061029,2026-09-12T09:00:00+10:00,Provide CPR (AM),CPR-009,1,20,19,true
has_room,CANBERRA,108745,CPR & PFA (AM),1,20,true,2061030,2026-09-12T09:00:00+10:00,Provide First Aid (AM),PFA-011,0,20,20,true
has_room,CANBERRA,109194,CPR & PFA (AM),0,20,true,2062401,2026-10-17T09:00:00+10:00,Provide CPR (AM),CPR-009,0,20,20,true
has_room,CANBERRA,109194,CPR & PFA (AM),0,20,true,2062402,2026-10-17T09:00:00+10:00,Provide First Aid (AM),PFA-011,0,20,20,true
has_room,CANBERRA,109195,CPR/PFA/EFA,0,20,true,2062403,2026-10-31T09:00:00+10:00,Provide CPR (AM),CPR-009,0,20,20,true
has_room,CANBERRA,109195,CPR/PFA/EFA,0,20,true,2062404,2026-10-31T09:00:00+10:00,Provide First Aid (AM),PFA-011,0,20,20,true
has_room,CANBERRA,109195,CPR/PFA/EFA,0,20,true,2062405,2026-10-31T09:00:00+10:00,Childcare First Aid (AM),EFA-012,0,20,20,true
has_room,CANNON HILL,107036,CPR/PFA/EFA,13,18,true,2055902,2026-08-29T09:00:00+10:00,Provide CPR (AM),CPR-009,4,8,4,true
has_room,CANNON HILL,107036,CPR/PFA/EFA,13,18,true,2055906,2026-08-29T09:00:00+10:00,Provide First Aid (AM),PFA-011,7,18,11,true
has_room,CANNON HILL,107036,CPR/PFA/EFA,13,18,true,2055910,2026-08-29T09:00:00+10:00,Childcare First Aid (AM),EFA-012,2,18,16,true
has_room,CANNON HILL,107974,CPR/PFA/EFA,3,18,true,2058703,2026-09-05T09:00:00+10:00,Provide CPR (AM),CPR-009,1,8,7,true
has_room,CANNON HILL,107974,CPR/PFA/EFA,3,18,true,2058706,2026-09-05T09:00:00+10:00,Provide First Aid (AM),PFA-011,1,18,17,true
has_room,CANNON HILL,107974,CPR/PFA/EFA,3,18,true,2058709,2026-09-05T09:00:00+10:00,Childcare First Aid (AM),EFA-012,1,18,17,true
has_room,CANNON HILL,107975,CPR/PFA/EFA,1,18,true,2058704,2026-09-19T09:00:00+10:00,Provide CPR (AM),CPR-009,0,8,8,true
has_room,CANNON HILL,107975,CPR/PFA/EFA,1,18,true,2058707,2026-09-19T09:00:00+10:00,Provide First Aid (AM),PFA-011,0,18,18,true
has_room,CANNON HILL,107975,CPR/PFA/EFA,1,18,true,2058710,2026-09-19T09:00:00+10:00,Childcare First Aid (AM),EFA-012,1,18,17,true
has_room,CANNON HILL,107976,CPR/PFA/EFA,0,18,true,2058705,2026-09-26T09:00:00+10:00,Provide CPR (AM),CPR-009,0,8,8,true
has_room,CANNON HILL,107976,CPR/PFA/EFA,0,18,true,2058708,2026-09-26T09:00:00+10:00,Provide First Aid (AM),PFA-011,0,18,18,true
has_room,CANNON HILL,107976,CPR/PFA/EFA,0,18,true,2058711,2026-09-26T09:00:00+10:00,Childcare First Aid (AM),EFA-012,0,18,18,true
has_room,CANNON HILL,107977,CPR & PFA (AM),9,18,true,2058712,2026-09-02T09:00:00+10:00,Provide CPR (AM),CPR-009,2,8,6,true
has_room,CANNON HILL,107977,CPR & PFA (AM),9,18,true,2058719,2026-09-02T09:00:00+10:00,Provide First Aid (AM),PFA-011,7,18,11,true
has_room,CANNON HILL,107978,CPR & PFA (AM),8,18,true,2058713,2026-09-07T09:00:00+10:00,Provide CPR (AM),CPR-009,3,8,5,true
has_room,CANNON HILL,107978,CPR & PFA (AM),8,18,true,2058720,2026-09-07T09:00:00+10:00,Provide First Aid (AM),PFA-011,5,18,13,true
has_room,CANNON HILL,107979,CPR & PFA (AM),6,18,true,2058714,2026-09-09T09:00:00+10:00,Provide CPR (AM),CPR-009,2,8,6,true
has_room,CANNON HILL,107979,CPR & PFA (AM),6,18,true,2058721,2026-09-09T09:00:00+10:00,Provide First Aid (AM),PFA-011,4,18,14,true
has_room,CANNON HILL,107980,CPR & PFA (AM),4,18,true,2058715,2026-09-14T09:00:00+10:00,Provide CPR (AM),CPR-009,1,8,7,true
has_room,CANNON HILL,107980,CPR & PFA (AM),4,18,true,2058722,2026-09-14T09:00:00+10:00,Provide First Aid (AM),PFA-011,3,18,15,true
has_room,CANNON HILL,107981,CPR & PFA (AM),2,18,true,2058716,2026-09-16T09:00:00+10:00,Provide CPR (AM),CPR-009,1,8,7,true
has_room,CANNON HILL,107981,CPR & PFA (AM),2,18,true,2058723,2026-09-16T09:00:00+10:00,Provide First Aid (AM),PFA-011,1,18,17,true
has_room,CANNON HILL,107982,CPR & PFA (AM),2,18,true,2058717,2026-09-23T09:00:00+10:00,Provide CPR (AM),CPR-009,2,8,6,true
has_room,CANNON HILL,107982,CPR & PFA (AM),2,18,true,2058724,2026-09-23T09:00:00+10:00,Provide First Aid (AM),PFA-011,0,18,18,true
has_room,CANNON HILL,107983,CPR & PFA (AM),1,18,true,2058718,2026-09-30T09:00:00+10:00,Provide CPR (AM),CPR-009,1,8,7,true
has_room,CANNON HILL,107983,CPR & PFA (AM),1,18,true,2058725,2026-09-30T09:00:00+10:00,Provide First Aid (AM),PFA-011,0,18,18,true
has_room,CANNON HILL,109536,CPR & PFA (AM),0,18,true,2063420,2026-10-05T09:00:00+10:00,Provide CPR (AM),CPR-009,0,8,8,true
has_room,CANNON HILL,109536,CPR & PFA (AM),0,18,true,2063426,2026-10-05T09:00:00+10:00,Provide First Aid (AM),PFA-011,0,18,18,true
has_room,CANNON HILL,109538,CPR & PFA (AM),0,18,true,2063422,2026-10-12T09:00:00+10:00,Provide CPR (AM),CPR-009,0,8,8,true
has_room,CANNON HILL,109538,CPR & PFA (AM),0,18,true,2063428,2026-10-12T09:00:00+10:00,Provide First Aid (AM),PFA-011,0,18,18,true
has_room,CANNON HILL,109539,CPR & PFA (AM),0,18,true,2063423,2026-10-14T09:00:00+10:00,Provide CPR (AM),CPR-009,0,8,8,true
has_room,CANNON HILL,109539,CPR & PFA (AM),0,18,true,2063429,2026-10-14T09:00:00+10:00,Provide First Aid (AM),PFA-011,0,18,18,true
has_room,CANNON HILL,109540,CPR & PFA (AM),0,18,true,2063424,2026-10-21T09:00:00+10:00,Provide CPR (AM),CPR-009,0,8,8,true
has_room,CANNON HILL,109540,CPR & PFA (AM),0,18,true,2063430,2026-10-21T09:00:00+10:00,Provide First Aid (AM),PFA-011,0,18,18,true
has_room,CANNON HILL,109541,CPR & PFA (AM),0,18,true,2063425,2026-10-28T09:00:00+10:00,Provide CPR (AM),CPR-009,0,8,8,true
has_room,CANNON HILL,109541,CPR & PFA (AM),0,18,true,2063431,2026-10-28T09:00:00+10:00,Provide First Aid (AM),PFA-011,0,18,18,true
has_room,CANNON HILL,109542,CPR/PFA/EFA,0,18,true,2063432,2026-10-03T09:00:00+10:00,Provide CPR (AM),CPR-009,0,8,8,true
has_room,CANNON HILL,109542,CPR/PFA/EFA,0,18,true,2063436,2026-10-03T09:00:00+10:00,Provide First Aid (AM),PFA-011,0,18,18,true
has_room,CANNON HILL,109542,CPR/PFA/EFA,0,18,true,2063440,2026-10-03T09:00:00+10:00,Childcare First Aid (AM),EFA-012,0,18,18,true
has_room,CANNON HILL,109543,CPR/PFA/EFA,0,18,true,2063433,2026-10-17T09:00:00+10:00,Provide CPR (AM),CPR-009,0,8,8,true
has_room,CANNON HILL,109543,CPR/PFA/EFA,0,18,true,2063437,2026-10-17T09:00:00+10:00,Provide First Aid (AM),PFA-011,0,18,18,true
has_room,CANNON HILL,109543,CPR/PFA/EFA,0,18,true,2063441,2026-10-17T09:00:00+10:00,Childcare First Aid (AM),EFA-012,0,18,18,true
has_room,CANNON HILL,109544,CPR/PFA/EFA,0,18,true,2063434,2026-10-24T09:00:00+10:00,Provide CPR (AM),CPR-009,0,8,8,true
has_room,CANNON HILL,109544,CPR/PFA/EFA,0,18,true,2063438,2026-10-24T09:00:00+10:00,Provide First Aid (AM),PFA-011,0,18,18,true
has_room,CANNON HILL,109544,CPR/PFA/EFA,0,18,true,2063442,2026-10-24T09:00:00+10:00,Childcare First Aid (AM),EFA-012,0,18,18,true
has_room,CANNON HILL,109545,CPR/PFA/EFA,0,18,true,2063435,2026-10-31T09:00:00+10:00,Provide CPR (AM),CPR-009,0,8,8,true
has_room,CANNON HILL,109545,CPR/PFA/EFA,0,18,true,2063439,2026-10-31T09:00:00+10:00,Provide First Aid (AM),PFA-011,0,18,18,true
has_room,CANNON HILL,109545,CPR/PFA/EFA,0,18,true,2063443,2026-10-31T09:00:00+10:00,Childcare First Aid (AM),EFA-012,0,18,18,true
has_room,CANNON HILL,109732,CPR & PFA (AM),0,18,true,2064011,2026-10-07T09:00:00+10:00,Provide CPR (AM),CPR-009,0,8,8,true
has_room,CANNON HILL,109732,CPR & PFA (AM),0,18,true,2064012,2026-10-07T09:00:00+10:00,Provide First Aid (AM),PFA-011,0,18,18,true
has_room,CAPALABA,106984,CPR/PFA/EFA,10,30,true,2055737,2026-08-29T09:00:00+10:00,Provide CPR (AM),CPR-009,2,10,8,true
has_room,CAPALABA,106984,CPR/PFA/EFA,10,30,true,2055747,2026-08-29T09:00:00+10:00,Provide First Aid (AM),PFA-011,5,30,25,true
has_room,CAPALABA,106984,CPR/PFA/EFA,10,30,true,2055757,2026-08-29T09:00:00+10:00,Childcare First Aid (AM),EFA-012,3,30,27,true
has_room,CAPALABA,106985,CPR/PFA/EFA,13,30,true,2055738,2026-08-30T09:00:00+10:00,Provide CPR (AM),CPR-009,4,10,6,true
has_room,CAPALABA,106985,CPR/PFA/EFA,13,30,true,2055748,2026-08-30T09:00:00+10:00,Provide First Aid (AM),PFA-011,9,30,21,true
has_room,CAPALABA,106985,CPR/PFA/EFA,13,30,true,2055758,2026-08-30T09:00:00+10:00,Childcare First Aid (AM),EFA-012,0,30,30,true
has_room,CAPALABA,107004,CPR & PFA (AM),14,30,true,2055777,2026-08-27T09:00:00+10:00,Provide CPR (AM),CPR-009,3,10,7,true
has_room,CAPALABA,107004,CPR & PFA (AM),14,30,true,2055798,2026-08-27T09:00:00+10:00,Provide First Aid (AM),PFA-011,11,30,19,true
has_room,CAPALABA,107005,CPR & PFA (AM),18,30,true,2055778,2026-08-28T09:00:00+10:00,Provide CPR (AM),CPR-009,5,10,5,true
has_room,CAPALABA,107005,CPR & PFA (AM),18,30,true,2055799,2026-08-28T09:00:00+10:00,Provide First Aid (AM),PFA-011,13,30,17,true
has_room,CAPALABA,107006,CPR & PFA (AM),14,30,true,2055779,2026-08-31T09:00:00+10:00,Provide CPR (AM),CPR-009,9,12,3,true
has_room,CAPALABA,107006,CPR & PFA (AM),14,30,true,2055800,2026-08-31T09:00:00+10:00,Provide First Aid (AM),PFA-011,5,30,25,true
has_room,CAPALABA,107918,CPR/PFA/EFA,9,30,true,2058535,2026-09-05T09:00:00+10:00,Provide CPR (AM),CPR-009,1,10,9,true
has_room,CAPALABA,107918,CPR/PFA/EFA,9,30,true,2058543,2026-09-05T09:00:00+10:00,Provide First Aid (AM),PFA-011,6,30,24,true
has_room,CAPALABA,107918,CPR/PFA/EFA,9,30,true,2058551,2026-09-05T09:00:00+10:00,Childcare First Aid (AM),EFA-012,2,30,28,true
has_room,CAPALABA,107919,CPR/PFA/EFA,0,30,true,2058536,2026-09-06T09:00:00+10:00,Provide CPR (AM),CPR-009,0,10,10,true
has_room,CAPALABA,107919,CPR/PFA/EFA,0,30,true,2058544,2026-09-06T09:00:00+10:00,Provide First Aid (AM),PFA-011,0,30,30,true
has_room,CAPALABA,107919,CPR/PFA/EFA,0,30,true,2058552,2026-09-06T09:00:00+10:00,Childcare First Aid (AM),EFA-012,0,30,30,true
has_room,CAPALABA,107920,CPR/PFA/EFA,4,30,true,2058537,2026-09-12T09:00:00+10:00,Provide CPR (AM),CPR-009,0,10,10,true
has_room,CAPALABA,107920,CPR/PFA/EFA,4,30,true,2058545,2026-09-12T09:00:00+10:00,Provide First Aid (AM),PFA-011,3,30,27,true
has_room,CAPALABA,107920,CPR/PFA/EFA,4,30,true,2058553,2026-09-12T09:00:00+10:00,Childcare First Aid (AM),EFA-012,1,30,29,true
has_room,CAPALABA,107921,CPR/PFA/EFA,0,30,true,2058538,2026-09-13T09:00:00+10:00,Provide CPR (AM),CPR-009,0,10,10,true
has_room,CAPALABA,107921,CPR/PFA/EFA,0,30,true,2058546,2026-09-13T09:00:00+10:00,Provide First Aid (AM),PFA-011,0,30,30,true
has_room,CAPALABA,107921,CPR/PFA/EFA,0,30,true,2058554,2026-09-13T09:00:00+10:00,Childcare First Aid (AM),EFA-012,0,30,30,true
has_room,CAPALABA,107922,CPR/PFA/EFA,1,30,true,2058539,2026-09-19T09:00:00+10:00,Provide CPR (AM),CPR-009,0,10,10,true
has_room,CAPALABA,107922,CPR/PFA/EFA,1,30,true,2058547,2026-09-19T09:00:00+10:00,Provide First Aid (AM),PFA-011,1,30,29,true
has_room,CAPALABA,107922,CPR/PFA/EFA,1,30,true,2058555,2026-09-19T09:00:00+10:00,Childcare First Aid (AM),EFA-012,0,30,30,true
has_room,CAPALABA,107923,CPR/PFA/EFA,3,30,true,2058540,2026-09-20T09:00:00+10:00,Provide CPR (AM),CPR-009,0,10,10,true
has_room,CAPALABA,107923,CPR/PFA/EFA,3,30,true,2058548,2026-09-20T09:00:00+10:00,Provide First Aid (AM),PFA-011,1,30,29,true
has_room,CAPALABA,107923,CPR/PFA/EFA,3,30,true,2058556,2026-09-20T09:00:00+10:00,Childcare First Aid (AM),EFA-012,2,30,28,true
has_room,CAPALABA,107924,CPR/PFA/EFA,3,30,true,2058541,2026-09-26T09:00:00+10:00,Provide CPR (AM),CPR-009,1,10,9,true
has_room,CAPALABA,107924,CPR/PFA/EFA,3,30,true,2058549,2026-09-26T09:00:00+10:00,Provide First Aid (AM),PFA-011,0,30,30,true
has_room,CAPALABA,107924,CPR/PFA/EFA,3,30,true,2058557,2026-09-26T09:00:00+10:00,Childcare First Aid (AM),EFA-012,2,30,28,true
has_room,CAPALABA,107925,CPR/PFA/EFA,0,30,true,2058542,2026-09-27T09:00:00+10:00,Provide CPR (AM),CPR-009,0,10,10,true
has_room,CAPALABA,107925,CPR/PFA/EFA,0,30,true,2058550,2026-09-27T09:00:00+10:00,Provide First Aid (AM),PFA-011,0,30,30,true
has_room,CAPALABA,107925,CPR/PFA/EFA,0,30,true,2058558,2026-09-27T09:00:00+10:00,Childcare First Aid (AM),EFA-012,0,30,30,true
has_room,CAPALABA,107926,CPR & PFA (AM),10,30,true,2058559,2026-09-01T09:00:00+10:00,Provide CPR (AM),CPR-009,8,10,2,true
has_room,CAPALABA,107926,CPR & PFA (AM),10,30,true,2058581,2026-09-01T09:00:00+10:00,Provide First Aid (AM),PFA-011,2,30,28,true
has_room,CAPALABA,107928,CPR & PFA (AM),7,30,true,2058561,2026-09-03T09:00:00+10:00,Provide CPR (AM),CPR-009,0,10,10,true
has_room,CAPALABA,107928,CPR & PFA (AM),7,30,true,2058583,2026-09-03T09:00:00+10:00,Provide First Aid (AM),PFA-011,7,30,23,true
has_room,CAPALABA,107929,CPR & PFA (AM),17,30,true,2058562,2026-09-04T09:00:00+10:00,Provide CPR (AM),CPR-009,3,10,7,true
has_room,CAPALABA,107929,CPR & PFA (AM),17,30,true,2058584,2026-09-04T09:00:00+10:00,Provide First Aid (AM),PFA-011,14,30,16,true
has_room,CAPALABA,107930,CPR & PFA (AM),3,30,true,2058563,2026-09-07T09:00:00+10:00,Provide CPR (AM),CPR-009,1,10,9,true
has_room,CAPALABA,107930,CPR & PFA (AM),3,30,true,2058585,2026-09-07T09:00:00+10:00,Provide First Aid (AM),PFA-011,2,30,28,true
has_room,CAPALABA,107931,CPR & PFA (AM),5,30,true,2058564,2026-09-08T09:00:00+10:00,Provide CPR (AM),CPR-009,3,10,7,true
has_room,CAPALABA,107931,CPR & PFA (AM),5,30,true,2058586,2026-09-08T09:00:00+10:00,Provide First Aid (AM),PFA-011,2,30,28,true
has_room,CAPALABA,107932,CPR & PFA (AM),0,30,true,2058565,2026-09-09T09:00:00+10:00,Provide CPR (AM),CPR-009,0,10,10,true
has_room,CAPALABA,107932,CPR & PFA (AM),0,30,true,2058587,2026-09-09T09:00:00+10:00,Provide First Aid (AM),PFA-011,0,30,30,true
has_room,CAPALABA,107933,CPR & PFA (AM),4,30,true,2058566,2026-09-10T09:00:00+10:00,Provide CPR (AM),CPR-009,2,10,8,true
has_room,CAPALABA,107933,CPR & PFA (AM),4,30,true,2058588,2026-09-10T09:00:00+10:00,Provide First Aid (AM),PFA-011,2,30,28,true
has_room,CAPALABA,107934,CPR & PFA (AM),1,30,true,2058567,2026-09-11T09:00:00+10:00,Provide CPR (AM),CPR-009,0,10,10,true
has_room,CAPALABA,107934,CPR & PFA (AM),1,30,true,2058589,2026-09-11T09:00:00+10:00,Provide First Aid (AM),PFA-011,1,30,29,true
has_room,CAPALABA,107935,CPR & PFA (AM),0,30,true,2058568,2026-09-14T09:00:00+10:00,Provide CPR (AM),CPR-009,0,10,10,true
has_room,CAPALABA,107935,CPR & PFA (AM),0,30,true,2058590,2026-09-14T09:00:00+10:00,Provide First Aid (AM),PFA-011,0,30,30,true
has_room,CAPALABA,107936,CPR & PFA (AM),0,30,true,2058569,2026-09-15T09:00:00+10:00,Provide CPR (AM),CPR-009,0,10,10,true
has_room,CAPALABA,107936,CPR & PFA (AM),0,30,true,2058591,2026-09-15T09:00:00+10:00,Provide First Aid (AM),PFA-011,0,30,30,true
has_room,CAPALABA,107937,CPR & PFA (AM),1,30,true,2058570,2026-09-16T09:00:00+10:00,Provide CPR (AM),CPR-009,0,10,10,true
has_room,CAPALABA,107937,CPR & PFA (AM),1,30,true,2058592,2026-09-16T09:00:00+10:00,Provide First Aid (AM),PFA-011,1,30,29,true
has_room,CAPALABA,107938,CPR & PFA (AM),1,30,true,2058571,2026-09-17T09:00:00+10:00,Provide CPR (AM),CPR-009,0,10,10,true
has_room,CAPALABA,107938,CPR & PFA (AM),1,30,true,2058593,2026-09-17T09:00:00+10:00,Provide First Aid (AM),PFA-011,1,30,29,true
has_room,CAPALABA,107939,CPR & PFA (AM),2,30,true,2058572,2026-09-18T09:00:00+10:00,Provide CPR (AM),CPR-009,0,10,10,true
has_room,CAPALABA,107939,CPR & PFA (AM),2,30,true,2058594,2026-09-18T09:00:00+10:00,Provide First Aid (AM),PFA-011,2,30,28,true
has_room,CAPALABA,107940,CPR & PFA (AM),0,30,true,2058573,2026-09-21T09:00:00+10:00,Provide CPR (AM),CPR-009,0,10,10,true
has_room,CAPALABA,107940,CPR & PFA (AM),0,30,true,2058595,2026-09-21T09:00:00+10:00,Provide First Aid (AM),PFA-011,0,30,30,true
has_room,CAPALABA,107941,CPR & PFA (AM),0,30,true,2058574,2026-09-22T09:00:00+10:00,Provide CPR (AM),CPR-009,0,10,10,true
has_room,CAPALABA,107941,CPR & PFA (AM),0,30,true,2058596,2026-09-22T09:00:00+10:00,Provide First Aid (AM),PFA-011,0,30,30,true
has_room,CAPALABA,107942,CPR & PFA (AM),0,30,true,2058575,2026-09-23T09:00:00+10:00,Provide CPR (AM),CPR-009,0,10,10,true
has_room,CAPALABA,107942,CPR & PFA (AM),0,30,true,2058597,2026-09-23T09:00:00+10:00,Provide First Aid (AM),PFA-011,0,30,30,true
has_room,CAPALABA,107943,CPR & PFA (AM),0,30,true,2058576,2026-09-24T09:00:00+10:00,Provide CPR (AM),CPR-009,0,10,10,true
has_room,CAPALABA,107943,CPR & PFA (AM),0,30,true,2058598,2026-09-24T09:00:00+10:00,Provide First Aid (AM),PFA-011,0,30,30,true
has_room,CAPALABA,107944,CPR & PFA (AM),3,30,true,2058577,2026-09-25T09:00:00+10:00,Provide CPR (AM),CPR-009,2,10,8,true
has_room,CAPALABA,107944,CPR & PFA (AM),3,30,true,2058599,2026-09-25T09:00:00+10:00,Provide First Aid (AM),PFA-011,1,30,29,true
has_room,CAPALABA,107945,CPR & PFA (AM),0,30,true,2058578,2026-09-28T09:00:00+10:00,Provide CPR (AM),CPR-009,0,10,10,true
has_room,CAPALABA,107945,CPR & PFA (AM),0,30,true,2058600,2026-09-28T09:00:00+10:00,Provide First Aid (AM),PFA-011,0,30,30,true
has_room,CAPALABA,107946,CPR & PFA (AM),0,30,true,2058579,2026-09-29T09:00:00+10:00,Provide CPR (AM),CPR-009,0,10,10,true
has_room,CAPALABA,107946,CPR & PFA (AM),0,30,true,2058601,2026-09-29T09:00:00+10:00,Provide First Aid (AM),PFA-011,0,30,30,true
has_room,CAPALABA,107947,CPR & PFA (AM),1,30,true,2058580,2026-09-30T09:00:00+10:00,Provide CPR (AM),CPR-009,1,10,9,true
has_room,CAPALABA,107947,CPR & PFA (AM),1,30,true,2058602,2026-09-30T09:00:00+10:00,Provide First Aid (AM),PFA-011,0,30,30,true
has_room,CAPALABA,109480,CPR & PFA (AM),0,30,true,2063246,2026-10-01T09:00:00+10:00,Provide CPR (AM),CPR-009,0,10,10,true
has_room,CAPALABA,109480,CPR & PFA (AM),0,30,true,2063268,2026-10-01T09:00:00+10:00,Provide First Aid (AM),PFA-011,0,30,30,true
has_room,CAPALABA,109481,CPR & PFA (AM),0,30,true,2063247,2026-10-02T09:00:00+10:00,Provide CPR (AM),CPR-009,0,10,10,true
has_room,CAPALABA,109481,CPR & PFA (AM),0,30,true,2063269,2026-10-02T09:00:00+10:00,Provide First Aid (AM),PFA-011,0,30,30,true
has_room,CAPALABA,109482,CPR & PFA (AM),0,30,true,2063248,2026-10-05T09:00:00+10:00,Provide CPR (AM),CPR-009,0,10,10,true
has_room,CAPALABA,109482,CPR & PFA (AM),0,30,true,2063270,2026-10-05T09:00:00+10:00,Provide First Aid (AM),PFA-011,0,30,30,true
has_room,CAPALABA,109483,CPR & PFA (AM),2,30,true,2063249,2026-10-06T09:00:00+10:00,Provide CPR (AM),CPR-009,0,10,10,true
has_room,CAPALABA,109483,CPR & PFA (AM),2,30,true,2063271,2026-10-06T09:00:00+10:00,Provide First Aid (AM),PFA-011,2,30,28,true
has_room,CAPALABA,109484,CPR & PFA (AM),0,30,true,2063250,2026-10-07T09:00:00+10:00,Provide CPR (AM),CPR-009,0,10,10,true
has_room,CAPALABA,109484,CPR & PFA (AM),0,30,true,2063272,2026-10-07T09:00:00+10:00,Provide First Aid (AM),PFA-011,0,30,30,true
has_room,CAPALABA,109485,CPR & PFA (AM),0,30,true,2063251,2026-10-08T09:00:00+10:00,Provide CPR (AM),CPR-009,0,10,10,true
has_room,CAPALABA,109485,CPR & PFA (AM),0,30,true,2063273,2026-10-08T09:00:00+10:00,Provide First Aid (AM),PFA-011,0,30,30,true
has_room,CAPALABA,109486,CPR & PFA (AM),0,30,true,2063252,2026-10-09T09:00:00+10:00,Provide CPR (AM),CPR-009,0,10,10,true
has_room,CAPALABA,109486,CPR & PFA (AM),0,30,true,2063274,2026-10-09T09:00:00+10:00,Provide First Aid (AM),PFA-011,0,30,30,true
has_room,CAPALABA,109487,CPR & PFA (AM),0,30,true,2063253,2026-10-12T09:00:00+10:00,Provide CPR (AM),CPR-009,0,10,10,true
has_room,CAPALABA,109487,CPR & PFA (AM),0,30,true,2063275,2026-10-12T09:00:00+10:00,Provide First Aid (AM),PFA-011,0,30,30,true
has_room,CAPALABA,109488,CPR & PFA (AM),0,30,true,2063254,2026-10-13T09:00:00+10:00,Provide CPR (AM),CPR-009,0,10,10,true
has_room,CAPALABA,109488,CPR & PFA (AM),0,30,true,2063276,2026-10-13T09:00:00+10:00,Provide First Aid (AM),PFA-011,0,30,30,true
has_room,CAPALABA,109489,CPR & PFA (AM),0,30,true,2063255,2026-10-14T09:00:00+10:00,Provide CPR (AM),CPR-009,0,10,10,true
has_room,CAPALABA,109489,CPR & PFA (AM),0,30,true,2063277,2026-10-14T09:00:00+10:00,Provide First Aid (AM),PFA-011,0,30,30,true
has_room,CAPALABA,109490,CPR & PFA (AM),0,30,true,2063256,2026-10-15T09:00:00+10:00,Provide CPR (AM),CPR-009,0,10,10,true
has_room,CAPALABA,109490,CPR & PFA (AM),0,30,true,2063278,2026-10-15T09:00:00+10:00,Provide First Aid (AM),PFA-011,0,30,30,true
has_room,CAPALABA,109491,CPR & PFA (AM),0,30,true,2063257,2026-10-16T09:00:00+10:00,Provide CPR (AM),CPR-009,0,10,10,true
has_room,CAPALABA,109491,CPR & PFA (AM),0,30,true,2063279,2026-10-16T09:00:00+10:00,Provide First Aid (AM),PFA-011,0,30,30,true
has_room,CAPALABA,109492,CPR & PFA (AM),0,30,true,2063258,2026-10-19T09:00:00+10:00,Provide CPR (AM),CPR-009,0,10,10,true
has_room,CAPALABA,109492,CPR & PFA (AM),0,30,true,2063280,2026-10-19T09:00:00+10:00,Provide First Aid (AM),PFA-011,0,30,30,true
has_room,CAPALABA,109493,CPR & PFA (AM),0,30,true,2063259,2026-10-20T09:00:00+10:00,Provide CPR (AM),CPR-009,0,10,10,true
has_room,CAPALABA,109493,CPR & PFA (AM),0,30,true,2063281,2026-10-20T09:00:00+10:00,Provide First Aid (AM),PFA-011,0,30,30,true
has_room,CAPALABA,109494,CPR & PFA (AM),0,30,true,2063260,2026-10-21T09:00:00+10:00,Provide CPR (AM),CPR-009,0,10,10,true
has_room,CAPALABA,109494,CPR & PFA (AM),0,30,true,2063282,2026-10-21T09:00:00+10:00,Provide First Aid (AM),PFA-011,0,30,30,true
has_room,CAPALABA,109495,CPR & PFA (AM),1,30,true,2063261,2026-10-22T09:00:00+10:00,Provide CPR (AM),CPR-009,1,10,9,true
has_room,CAPALABA,109495,CPR & PFA (AM),1,30,true,2063283,2026-10-22T09:00:00+10:00,Provide First Aid (AM),PFA-011,0,30,30,true
has_room,CAPALABA,109496,CPR & PFA (AM),0,30,true,2063262,2026-10-23T09:00:00+10:00,Provide CPR (AM),CPR-009,0,10,10,true
has_room,CAPALABA,109496,CPR & PFA (AM),0,30,true,2063284,2026-10-23T09:00:00+10:00,Provide First Aid (AM),PFA-011,0,30,30,true
has_room,CAPALABA,109497,CPR & PFA (AM),0,30,true,2063263,2026-10-26T09:00:00+10:00,Provide CPR (AM),CPR-009,0,10,10,true
has_room,CAPALABA,109497,CPR & PFA (AM),0,30,true,2063285,2026-10-26T09:00:00+10:00,Provide First Aid (AM),PFA-011,0,30,30,true
has_room,CAPALABA,109498,CPR & PFA (AM),1,30,true,2063264,2026-10-27T09:00:00+10:00,Provide CPR (AM),CPR-009,1,10,9,true
has_room,CAPALABA,109498,CPR & PFA (AM),1,30,true,2063286,2026-10-27T09:00:00+10:00,Provide First Aid (AM),PFA-011,0,30,30,true
has_room,CAPALABA,109499,CPR & PFA (AM),0,30,true,2063265,2026-10-28T09:00:00+10:00,Provide CPR (AM),CPR-009,0,10,10,true
has_room,CAPALABA,109499,CPR & PFA (AM),0,30,true,2063287,2026-10-28T09:00:00+10:00,Provide First Aid (AM),PFA-011,0,30,30,true
has_room,CAPALABA,109500,CPR & PFA (AM),0,30,true,2063266,2026-10-29T09:00:00+10:00,Provide CPR (AM),CPR-009,0,10,10,true
has_room,CAPALABA,109500,CPR & PFA (AM),0,30,true,2063288,2026-10-29T09:00:00+10:00,Provide First Aid (AM),PFA-011,0,30,30,true
has_room,CAPALABA,109501,CPR & PFA (AM),0,30,true,2063267,2026-10-30T09:00:00+10:00,Provide CPR (AM),CPR-009,0,10,10,true
has_room,CAPALABA,109501,CPR & PFA (AM),0,30,true,2063289,2026-10-30T09:00:00+10:00,Provide First Aid (AM),PFA-011,0,30,30,true
has_room,CAPALABA,109502,CPR/PFA/EFA,0,30,true,2063312,2026-10-03T09:00:00+10:00,Provide CPR (AM),CPR-009,0,10,10,true
has_room,CAPALABA,109502,CPR/PFA/EFA,0,30,true,2063321,2026-10-03T09:00:00+10:00,Provide First Aid (AM),PFA-011,0,30,30,true
has_room,CAPALABA,109502,CPR/PFA/EFA,0,30,true,2063330,2026-10-03T09:00:00+10:00,Childcare First Aid (AM),EFA-012,0,30,30,true
has_room,CAPALABA,109503,CPR/PFA/EFA,0,30,true,2063313,2026-10-04T09:00:00+10:00,Provide CPR (AM),CPR-009,0,10,10,true
has_room,CAPALABA,109503,CPR/PFA/EFA,0,30,true,2063322,2026-10-04T09:00:00+10:00,Provide First Aid (AM),PFA-011,0,30,30,true
has_room,CAPALABA,109503,CPR/PFA/EFA,0,30,true,2063331,2026-10-04T09:00:00+10:00,Childcare First Aid (AM),EFA-012,0,30,30,true
has_room,CAPALABA,109504,CPR/PFA/EFA,0,30,true,2063314,2026-10-10T09:00:00+10:00,Provide CPR (AM),CPR-009,0,10,10,true
has_room,CAPALABA,109504,CPR/PFA/EFA,0,30,true,2063323,2026-10-10T09:00:00+10:00,Provide First Aid (AM),PFA-011,0,30,30,true
has_room,CAPALABA,109504,CPR/PFA/EFA,0,30,true,2063332,2026-10-10T09:00:00+10:00,Childcare First Aid (AM),EFA-012,0,30,30,true
has_room,CAPALABA,109505,CPR/PFA/EFA,0,30,true,2063315,2026-10-11T09:00:00+10:00,Provide CPR (AM),CPR-009,0,10,10,true
has_room,CAPALABA,109505,CPR/PFA/EFA,0,30,true,2063324,2026-10-11T09:00:00+10:00,Provide First Aid (AM),PFA-011,0,30,30,true
has_room,CAPALABA,109505,CPR/PFA/EFA,0,30,true,2063333,2026-10-11T09:00:00+10:00,Childcare First Aid (AM),EFA-012,0,30,30,true
has_room,CAPALABA,109506,CPR/PFA/EFA,0,30,true,2063316,2026-10-17T09:00:00+10:00,Provide CPR (AM),CPR-009,0,10,10,true
has_room,CAPALABA,109506,CPR/PFA/EFA,0,30,true,2063325,2026-10-17T09:00:00+10:00,Provide First Aid (AM),PFA-011,0,30,30,true
has_room,CAPALABA,109506,CPR/PFA/EFA,0,30,true,2063334,2026-10-17T09:00:00+10:00,Childcare First Aid (AM),EFA-012,0,30,30,true
has_room,CAPALABA,109507,CPR/PFA/EFA,0,30,true,2063317,2026-10-18T09:00:00+10:00,Provide CPR (AM),CPR-009,0,10,10,true
has_room,CAPALABA,109507,CPR/PFA/EFA,0,30,true,2063326,2026-10-18T09:00:00+10:00,Provide First Aid (AM),PFA-011,0,30,30,true
has_room,CAPALABA,109507,CPR/PFA/EFA,0,30,true,2063335,2026-10-18T09:00:00+10:00,Childcare First Aid (AM),EFA-012,0,30,30,true
has_room,CAPALABA,109508,CPR/PFA/EFA,0,30,true,2063318,2026-10-24T09:00:00+10:00,Provide CPR (AM),CPR-009,0,10,10,true
has_room,CAPALABA,109508,CPR/PFA/EFA,0,30,true,2063327,2026-10-24T09:00:00+10:00,Provide First Aid (AM),PFA-011,0,30,30,true
has_room,CAPALABA,109508,CPR/PFA/EFA,0,30,true,2063336,2026-10-24T09:00:00+10:00,Childcare First Aid (AM),EFA-012,0,30,30,true
has_room,CAPALABA,109509,CPR/PFA/EFA,0,30,true,2063319,2026-10-25T09:00:00+10:00,Provide CPR (AM),CPR-009,0,10,10,true
has_room,CAPALABA,109509,CPR/PFA/EFA,0,30,true,2063328,2026-10-25T09:00:00+10:00,Provide First Aid (AM),PFA-011,0,30,30,true
has_room,CAPALABA,109509,CPR/PFA/EFA,0,30,true,2063337,2026-10-25T09:00:00+10:00,Childcare First Aid (AM),EFA-012,0,30,30,true
has_room,CAPALABA,109510,CPR/PFA/EFA,0,30,true,2063320,2026-10-31T09:00:00+10:00,Provide CPR (AM),CPR-009,0,10,10,true
has_room,CAPALABA,109510,CPR/PFA/EFA,0,30,true,2063329,2026-10-31T09:00:00+10:00,Provide First Aid (AM),PFA-011,0,30,30,true
has_room,CAPALABA,109510,CPR/PFA/EFA,0,30,true,2063338,2026-10-31T09:00:00+10:00,Childcare First Aid (AM),EFA-012,0,30,30,true
over_cap,CARDIFF,108402,CPR & PFA (AM),24,21,true,2059973,2026-09-02T09:00:00+10:00,Provide CPR (AM),CPR-009,3,3,0,true
over_cap,CARDIFF,108402,CPR & PFA (AM),24,21,true,2059977,2026-09-02T09:00:00+10:00,Provide First Aid (AM),PFA-011,21,21,0,true
has_room,CARDIFF,108403,CPR & PFA (AM),15,24,true,2059974,2026-09-07T09:00:00+10:00,Provide CPR (AM),CPR-009,3,8,5,true
has_room,CARDIFF,108403,CPR & PFA (AM),15,24,true,2059978,2026-09-07T09:00:00+10:00,Provide First Aid (AM),PFA-011,12,24,12,true
has_room,CARDIFF,108404,CPR & PFA (AM),9,24,true,2059975,2026-09-23T09:00:00+10:00,Provide CPR (AM),CPR-009,4,8,4,true
has_room,CARDIFF,108404,CPR & PFA (AM),9,24,true,2059979,2026-09-23T09:00:00+10:00,Provide First Aid (AM),PFA-011,5,24,19,true
has_room,CARDIFF,108405,CPR & PFA (AM),1,24,true,2059976,2026-09-30T09:00:00+10:00,Provide CPR (AM),CPR-009,0,8,8,true
has_room,CARDIFF,108405,CPR & PFA (AM),1,24,true,2059980,2026-09-30T09:00:00+10:00,Provide First Aid (AM),PFA-011,1,24,23,true
has_room,CARDIFF,109022,CPR & PFA (AM),0,24,true,2061880,2026-10-07T09:00:00+10:00,Provide CPR (AM),CPR-009,0,8,8,true
has_room,CARDIFF,109022,CPR & PFA (AM),0,24,true,2061882,2026-10-07T09:00:00+10:00,Provide First Aid (AM),PFA-011,0,24,24,true
has_room,CARDIFF,109023,CPR & PFA (AM),0,24,true,2061881,2026-10-28T09:00:00+10:00,Provide CPR (AM),CPR-009,0,8,8,true
has_room,CARDIFF,109023,CPR & PFA (AM),0,24,true,2061883,2026-10-28T09:00:00+10:00,Provide First Aid (AM),PFA-011,0,24,24,true
has_room,CARDIFF,109024,CPR/PFA/EFA,0,24,true,2061886,2026-10-14T09:00:00+10:00,Provide CPR (AM),CPR-009,0,10,10,true
has_room,CARDIFF,109024,CPR/PFA/EFA,0,24,true,2061887,2026-10-14T09:00:00+10:00,Provide First Aid (AM),PFA-011,0,24,24,true
has_room,CARDIFF,109024,CPR/PFA/EFA,0,24,true,2061888,2026-10-14T09:00:00+10:00,Childcare First Aid (AM),EFA-012,0,24,24,true
has_room,CESSNOCK,107456,CPR & PFA (AM),9,24,true,2057143,2026-08-28T09:00:00+10:00,Provide CPR (AM),CPR-009,3,10,7,true
has_room,CESSNOCK,107456,CPR & PFA (AM),9,24,true,2057147,2026-08-28T09:00:00+10:00,Provide First Aid (AM),PFA-011,6,24,18,true
has_room,CESSNOCK,108406,CPR & PFA (AM),2,24,true,2059985,2026-09-03T09:00:00+10:00,Provide CPR (AM),CPR-009,0,10,10,true
has_room,CESSNOCK,108406,CPR & PFA (AM),2,24,true,2059989,2026-09-03T09:00:00+10:00,Provide First Aid (AM),PFA-011,2,24,22,true
has_room,CESSNOCK,108407,CPR & PFA (AM),0,24,true,2059986,2026-09-10T09:00:00+10:00,Provide CPR (AM),CPR-009,0,10,10,true
has_room,CESSNOCK,108407,CPR & PFA (AM),0,24,true,2059990,2026-09-10T09:00:00+10:00,Provide First Aid (AM),PFA-011,0,24,24,true
has_room,CESSNOCK,108408,CPR & PFA (AM),0,24,true,2059987,2026-09-18T09:00:00+10:00,Provide CPR (AM),CPR-009,0,10,10,true
has_room,CESSNOCK,108408,CPR & PFA (AM),0,24,true,2059991,2026-09-18T09:00:00+10:00,Provide First Aid (AM),PFA-011,0,24,24,true
has_room,CESSNOCK,108409,CPR & PFA (AM),0,24,true,2059988,2026-09-25T09:00:00+10:00,Provide CPR (AM),CPR-009,0,10,10,true
has_room,CESSNOCK,108409,CPR & PFA (AM),0,24,true,2059992,2026-09-25T09:00:00+10:00,Provide First Aid (AM),PFA-011,0,24,24,true
has_room,CESSNOCK,109025,CPR & PFA (AM),2,24,true,2061889,2026-10-01T09:00:00+10:00,Provide CPR (AM),CPR-009,2,10,8,true
has_room,CESSNOCK,109025,CPR & PFA (AM),2,24,true,2061894,2026-10-01T09:00:00+10:00,Provide First Aid (AM),PFA-011,0,24,24,true
has_room,CESSNOCK,109026,CPR & PFA (AM),0,24,true,2061890,2026-10-08T09:00:00+10:00,Provide CPR (AM),CPR-009,0,10,10,true
has_room,CESSNOCK,109026,CPR & PFA (AM),0,24,true,2061895,2026-10-08T09:00:00+10:00,Provide First Aid (AM),PFA-011,0,24,24,true
has_room,CESSNOCK,109027,CPR & PFA (AM),0,24,true,2061891,2026-10-16T09:00:00+10:00,Provide CPR (AM),CPR-009,0,10,10,true
has_room,CESSNOCK,109027,CPR & PFA (AM),0,24,true,2061896,2026-10-16T09:00:00+10:00,Provide First Aid (AM),PFA-011,0,24,24,true
has_room,CESSNOCK,109028,CPR & PFA (AM),0,24,true,2061892,2026-10-23T09:00:00+10:00,Provide CPR (AM),CPR-009,0,10,10,true
has_room,CESSNOCK,109028,CPR & PFA (AM),0,24,true,2061897,2026-10-23T09:00:00+10:00,Provide First Aid (AM),PFA-011,0,24,24,true
has_room,CESSNOCK,109029,CPR & PFA (AM),0,24,true,2061893,2026-10-29T09:00:00+10:00,Provide CPR (AM),CPR-009,0,10,10,true
has_room,CESSNOCK,109029,CPR & PFA (AM),0,24,true,2061898,2026-10-29T09:00:00+10:00,Provide First Aid (AM),PFA-011,0,24,24,true
has_room,CHATSWOOD,107414,CPR & PFA (AM),14,24,true,2057019,2026-08-31T09:00:00+10:00,Provide CPR (AM),CPR-009,3,24,21,true
has_room,CHATSWOOD,107414,CPR & PFA (AM),14,24,true,2057022,2026-08-31T09:00:00+10:00,Provide First Aid (AM),PFA-011,11,24,13,true
has_room,CHATSWOOD,108359,CPR & PFA (AM),7,24,true,2059846,2026-09-10T09:00:00+10:00,Provide CPR (AM),CPR-009,1,24,23,true
has_room,CHATSWOOD,108359,CPR & PFA (AM),7,24,true,2059849,2026-09-10T09:00:00+10:00,Provide First Aid (AM),PFA-011,6,24,18,true
has_room,CHATSWOOD,108361,CPR & PFA (AM),0,24,true,2059848,2026-09-29T09:00:00+10:00,Provide CPR (AM),CPR-009,0,24,24,true
has_room,CHATSWOOD,108361,CPR & PFA (AM),0,24,true,2059851,2026-09-29T09:00:00+10:00,Provide First Aid (AM),PFA-011,0,24,24,true
has_room,CHATSWOOD,108362,CPR/PFA/EFA,2,24,true,2059847,2026-09-18T09:00:00+10:00,Provide CPR (AM),CPR-009,0,24,24,true
has_room,CHATSWOOD,108362,CPR/PFA/EFA,2,24,true,2059850,2026-09-18T09:00:00+10:00,Provide First Aid (AM),PFA-011,1,24,23,true
has_room,CHATSWOOD,108362,CPR/PFA/EFA,2,24,true,2059854,2026-09-18T09:00:00+10:00,Childcare First Aid (AM),EFA-012,1,24,23,true
has_room,CHATSWOOD,108992,CPR & PFA (AM),0,24,true,2061790,2026-10-08T09:00:00+10:00,Provide CPR (AM),CPR-009,0,24,24,true
has_room,CHATSWOOD,108992,CPR & PFA (AM),0,24,true,2061792,2026-10-08T09:00:00+10:00,Provide First Aid (AM),PFA-011,0,24,24,true
has_room,CHATSWOOD,108993,CPR & PFA (AM),0,24,true,2061791,2026-10-27T09:00:00+10:00,Provide CPR (AM),CPR-009,0,24,24,true
has_room,CHATSWOOD,108993,CPR & PFA (AM),0,24,true,2061793,2026-10-27T09:00:00+10:00,Provide First Aid (AM),PFA-011,0,24,24,true
has_room,CHATSWOOD,108994,CPR/PFA/EFA,3,24,true,2061796,2026-10-16T09:00:00+10:00,Provide CPR (AM),CPR-009,0,24,24,true
has_room,CHATSWOOD,108994,CPR/PFA/EFA,3,24,true,2061797,2026-10-16T09:00:00+10:00,Provide First Aid (AM),PFA-011,3,24,21,true
has_room,CHATSWOOD,108994,CPR/PFA/EFA,3,24,true,2061798,2026-10-16T09:00:00+10:00,Childcare First Aid (AM),EFA-012,0,24,24,true
has_room,CLAYTON,107582,CPR/PFA/EFA,10,24,true,2057517,2026-08-30T09:00:00+10:00,Provide CPR (AM),CPR-009,5,10,5,true
has_room,CLAYTON,107582,CPR/PFA/EFA,10,24,true,2057521,2026-08-30T09:00:00+10:00,Provide First Aid (AM),PFA-011,3,24,21,true
has_room,CLAYTON,107582,CPR/PFA/EFA,10,24,true,2057525,2026-08-30T09:00:00+10:00,Childcare First Aid (AM),EFA-012,2,24,22,true
has_room,CLAYTON,108536,CPR/PFA/EFA,6,24,true,2060392,2026-09-06T09:00:00+10:00,Provide CPR (AM),CPR-009,2,10,8,true
has_room,CLAYTON,108536,CPR/PFA/EFA,6,24,true,2060395,2026-09-06T09:00:00+10:00,Provide First Aid (AM),PFA-011,2,24,22,true
has_room,CLAYTON,108536,CPR/PFA/EFA,6,24,true,2060398,2026-09-06T09:00:00+10:00,Childcare First Aid (AM),EFA-012,2,24,22,true
has_room,CLAYTON,108537,CPR/PFA/EFA,2,24,true,2060393,2026-09-20T09:00:00+10:00,Provide CPR (AM),CPR-009,2,10,8,true
has_room,CLAYTON,108537,CPR/PFA/EFA,2,24,true,2060396,2026-09-20T09:00:00+10:00,Provide First Aid (AM),PFA-011,0,24,24,true
has_room,CLAYTON,108537,CPR/PFA/EFA,2,24,true,2060399,2026-09-20T09:00:00+10:00,Childcare First Aid (AM),EFA-012,0,24,24,true
has_room,CLAYTON,108538,CPR/PFA/EFA,0,24,true,2060394,2026-09-27T09:00:00+10:00,Provide CPR (AM),CPR-009,0,10,10,true
has_room,CLAYTON,108538,CPR/PFA/EFA,0,24,true,2060397,2026-09-27T09:00:00+10:00,Provide First Aid (AM),PFA-011,0,24,24,true
has_room,CLAYTON,108538,CPR/PFA/EFA,0,24,true,2060400,2026-09-27T09:00:00+10:00,Childcare First Aid (AM),EFA-012,0,24,24,true
has_room,CLAYTON,108539,CPR & PFA (AM),6,24,true,2060401,2026-09-01T09:00:00+10:00,Provide CPR (AM),CPR-009,1,10,9,true
has_room,CLAYTON,108539,CPR & PFA (AM),6,24,true,2060406,2026-09-01T09:00:00+10:00,Provide First Aid (AM),PFA-011,5,24,19,true
has_room,CLAYTON,108540,CPR & PFA (AM),11,24,true,2060402,2026-09-11T09:00:00+10:00,Provide CPR (AM),CPR-009,2,10,8,true
has_room,CLAYTON,108540,CPR & PFA (AM),11,24,true,2060407,2026-09-11T09:00:00+10:00,Provide First Aid (AM),PFA-011,9,24,15,true
has_room,CLAYTON,108541,CPR & PFA (AM),6,24,true,2060403,2026-09-16T09:00:00+10:00,Provide CPR (AM),CPR-009,0,10,10,true
has_room,CLAYTON,108541,CPR & PFA (AM),6,24,true,2060408,2026-09-16T09:00:00+10:00,Provide First Aid (AM),PFA-011,6,24,18,true
has_room,CLAYTON,108542,CPR & PFA (AM),5,24,true,2060404,2026-09-22T09:00:00+10:00,Provide CPR (AM),CPR-009,0,10,10,true
has_room,CLAYTON,108542,CPR & PFA (AM),5,24,true,2060409,2026-09-22T09:00:00+10:00,Provide First Aid (AM),PFA-011,5,24,19,true
has_room,CLAYTON,108543,CPR & PFA (AM),1,24,true,2060405,2026-09-29T09:00:00+10:00,Provide CPR (AM),CPR-009,0,10,10,true
has_room,CLAYTON,108543,CPR & PFA (AM),1,24,true,2060410,2026-09-29T09:00:00+10:00,Provide First Aid (AM),PFA-011,1,24,23,true
has_room,CLAYTON,109293,CPR & PFA (AM),0,24,true,2062697,2026-10-09T09:00:00+10:00,Provide CPR (AM),CPR-009,0,10,10,true
has_room,CLAYTON,109293,CPR & PFA (AM),0,24,true,2062701,2026-10-09T09:00:00+10:00,Provide First Aid (AM),PFA-011,0,24,24,true
has_room,CLAYTON,109294,CPR & PFA (AM),0,24,true,2062698,2026-10-14T09:00:00+10:00,Provide CPR (AM),CPR-009,0,10,10,true
has_room,CLAYTON,109294,CPR & PFA (AM),0,24,true,2062702,2026-10-14T09:00:00+10:00,Provide First Aid (AM),PFA-011,0,24,24,true
has_room,CLAYTON,109295,CPR & PFA (AM),0,24,true,2062699,2026-10-20T09:00:00+10:00,Provide CPR (AM),CPR-009,0,10,10,true
has_room,CLAYTON,109295,CPR & PFA (AM),0,24,true,2062703,2026-10-20T09:00:00+10:00,Provide First Aid (AM),PFA-011,0,24,24,true
has_room,CLAYTON,109297,CPR/PFA/EFA,0,24,true,2062709,2026-10-04T09:00:00+10:00,Provide CPR (AM),CPR-009,0,10,10,true
has_room,CLAYTON,109297,CPR/PFA/EFA,0,24,true,2062712,2026-10-04T09:00:00+10:00,Provide First Aid (AM),PFA-011,0,24,24,true
has_room,CLAYTON,109297,CPR/PFA/EFA,0,24,true,2062715,2026-10-04T09:00:00+10:00,Childcare First Aid (AM),EFA-012,0,24,24,true
has_room,CLAYTON,109299,CPR/PFA/EFA,0,24,true,2062711,2026-10-25T09:00:00+10:00,Provide CPR (AM),CPR-009,0,10,10,true
has_room,CLAYTON,109299,CPR/PFA/EFA,0,24,true,2062714,2026-10-25T09:00:00+10:00,Provide First Aid (AM),PFA-011,0,24,24,true
has_room,CLAYTON,109299,CPR/PFA/EFA,0,24,true,2062717,2026-10-25T09:00:00+10:00,Childcare First Aid (AM),EFA-012,0,24,24,true
has_room,COLAC,108501,CPR & PFA (AM),6,24,true,2060287,2026-09-02T09:00:00+10:00,Provide CPR (AM),CPR-009,2,24,22,true
has_room,COLAC,108501,CPR & PFA (AM),6,24,true,2060290,2026-09-02T09:00:00+10:00,Provide First Aid (AM),PFA-011,4,24,20,true
has_room,COLAC,108502,CPR & PFA (AM),1,24,true,2060288,2026-09-23T09:00:00+10:00,Provide CPR (AM),CPR-009,0,24,24,true
has_room,COLAC,108502,CPR & PFA (AM),1,24,true,2060291,2026-09-23T09:00:00+10:00,Provide First Aid (AM),PFA-011,1,24,23,true
has_room,COLAC,108503,CPR & PFA (AM),2,24,true,2060289,2026-09-30T09:00:00+10:00,Provide CPR (AM),CPR-009,0,24,24,true
has_room,COLAC,108503,CPR & PFA (AM),2,24,true,2060292,2026-09-30T09:00:00+10:00,Provide First Aid (AM),PFA-011,2,24,22,true
has_room,COLAC,109255,CPR & PFA (AM),0,24,true,2062583,2026-10-21T09:00:00+10:00,Provide CPR (AM),CPR-009,0,24,24,true
has_room,COLAC,109255,CPR & PFA (AM),0,24,true,2062584,2026-10-21T09:00:00+10:00,Provide First Aid (AM),PFA-011,0,24,24,true
has_room,COLAC,109256,CPR/PFA/EFA,0,24,true,2062586,2026-10-08T09:00:00+10:00,Provide CPR (AM),CPR-009,0,24,24,true
has_room,COLAC,109256,CPR/PFA/EFA,0,24,true,2062587,2026-10-08T09:00:00+10:00,Provide First Aid (AM),PFA-011,0,24,24,true
has_room,COLAC,109256,CPR/PFA/EFA,0,24,true,2062588,2026-10-08T09:00:00+10:00,Childcare First Aid (AM),EFA-012,0,24,24,true
has_room,COOLANGATTA,107905,CPR/PFA/EFA,1,24,true,2058492,2026-09-23T09:00:00+10:00,Provide CPR (AM),CPR-009,0,24,24,true
has_room,COOLANGATTA,107905,CPR/PFA/EFA,1,24,true,2058493,2026-09-23T09:00:00+10:00,Childcare First Aid (AM),EFA-012,1,24,23,true
has_room,COOLANGATTA,107905,CPR/PFA/EFA,1,24,true,2058494,2026-09-23T09:00:00+10:00,Provide First Aid (AM),PFA-011,0,24,24,true
has_room,COOLANGATTA,107906,CPR & PFA (AM),10,24,true,2058495,2026-09-02T09:00:00+10:00,Provide CPR (AM),CPR-009,2,24,22,true
has_room,COOLANGATTA,107906,CPR & PFA (AM),10,24,true,2058499,2026-09-02T09:00:00+10:00,Provide First Aid (AM),PFA-011,8,24,16,true
has_room,COOLANGATTA,107907,CPR & PFA (AM),1,24,true,2058496,2026-09-09T09:00:00+10:00,Provide CPR (AM),CPR-009,1,24,23,true
has_room,COOLANGATTA,107907,CPR & PFA (AM),1,24,true,2058500,2026-09-09T09:00:00+10:00,Provide First Aid (AM),PFA-011,0,24,24,true
has_room,COOLANGATTA,107908,CPR & PFA (AM),2,24,true,2058497,2026-09-16T09:00:00+10:00,Provide CPR (AM),CPR-009,2,24,22,true
has_room,COOLANGATTA,107908,CPR & PFA (AM),2,24,true,2058501,2026-09-16T09:00:00+10:00,Provide First Aid (AM),PFA-011,0,24,24,true
has_room,COOLANGATTA,107909,CPR & PFA (AM),1,24,true,2058498,2026-09-30T09:00:00+10:00,Provide CPR (AM),CPR-009,0,24,24,true
has_room,COOLANGATTA,107909,CPR & PFA (AM),1,24,true,2058502,2026-09-30T09:00:00+10:00,Provide First Aid (AM),PFA-011,1,24,23,true
has_room,COOLANGATTA,109467,CPR & PFA (AM),0,24,true,2063207,2026-10-07T09:00:00+10:00,Provide CPR (AM),CPR-009,0,24,24,true
has_room,COOLANGATTA,109467,CPR & PFA (AM),0,24,true,2063210,2026-10-07T09:00:00+10:00,Provide First Aid (AM),PFA-011,0,24,24,true
has_room,COOLANGATTA,109468,CPR & PFA (AM),0,24,true,2063208,2026-10-14T09:00:00+10:00,Provide CPR (AM),CPR-009,0,24,24,true
has_room,COOLANGATTA,109468,CPR & PFA (AM),0,24,true,2063211,2026-10-14T09:00:00+10:00,Provide First Aid (AM),PFA-011,0,24,24,true
has_room,COOLANGATTA,109469,CPR & PFA (AM),0,24,true,2063209,2026-10-28T09:00:00+10:00,Provide CPR (AM),CPR-009,0,24,24,true
has_room,COOLANGATTA,109469,CPR & PFA (AM),0,24,true,2063212,2026-10-28T09:00:00+10:00,Provide First Aid (AM),PFA-011,0,24,24,true
has_room,COOLANGATTA,109470,CPR/PFA/EFA,0,24,true,2063216,2026-10-21T09:00:00+10:00,Provide CPR (AM),CPR-009,0,24,24,true
has_room,COOLANGATTA,109470,CPR/PFA/EFA,0,24,true,2063217,2026-10-21T09:00:00+10:00,Childcare First Aid (AM),EFA-012,0,24,24,true
has_room,COOLANGATTA,109470,CPR/PFA/EFA,0,24,true,2063218,2026-10-21T09:00:00+10:00,Provide First Aid (AM),PFA-011,0,24,24,true
has_room,CRANBOURNE,108586,CPR & PFA (AM),7,24,true,2060543,2026-09-02T09:00:00+10:00,Provide CPR (AM),CPR-009,3,24,21,true
has_room,CRANBOURNE,108586,CPR & PFA (AM),7,24,true,2060547,2026-09-02T09:00:00+10:00,Provide First Aid (AM),PFA-011,4,24,20,true
has_room,CRANBOURNE,108587,CPR & PFA (AM),11,24,true,2060544,2026-09-11T09:00:00+10:00,Provide CPR (AM),CPR-009,3,24,21,true
has_room,CRANBOURNE,108587,CPR & PFA (AM),11,24,true,2060548,2026-09-11T09:00:00+10:00,Provide First Aid (AM),PFA-011,8,24,16,true
has_room,CRANBOURNE,108588,CPR & PFA (AM),5,24,true,2060545,2026-09-22T09:00:00+10:00,Provide CPR (AM),CPR-009,1,24,23,true
has_room,CRANBOURNE,108588,CPR & PFA (AM),5,24,true,2060549,2026-09-22T09:00:00+10:00,Provide First Aid (AM),PFA-011,4,24,20,true
has_room,CRANBOURNE,108589,CPR & PFA (AM),2,24,true,2060546,2026-09-29T09:00:00+10:00,Provide CPR (AM),CPR-009,2,24,22,true
has_room,CRANBOURNE,108589,CPR & PFA (AM),2,24,true,2060550,2026-09-29T09:00:00+10:00,Provide First Aid (AM),PFA-011,0,24,24,true
has_room,CRANBOURNE,109346,CPR & PFA (AM),0,24,true,2062855,2026-10-09T09:00:00+10:00,Provide CPR (AM),CPR-009,0,24,24,true
has_room,CRANBOURNE,109346,CPR & PFA (AM),0,24,true,2062858,2026-10-09T09:00:00+10:00,Provide First Aid (AM),PFA-011,0,24,24,true
has_room,CRANBOURNE,109347,CPR & PFA (AM),0,24,true,2062856,2026-10-20T09:00:00+10:00,Provide CPR (AM),CPR-009,0,24,24,true
has_room,CRANBOURNE,109347,CPR & PFA (AM),0,24,true,2062859,2026-10-20T09:00:00+10:00,Provide First Aid (AM),PFA-011,0,24,24,true
has_room,CRANBOURNE,109348,CPR & PFA (AM),0,24,true,2062857,2026-10-30T09:00:00+10:00,Provide CPR (AM),CPR-009,0,24,24,true
has_room,CRANBOURNE,109348,CPR & PFA (AM),0,24,true,2062860,2026-10-30T09:00:00+10:00,Provide First Aid (AM),PFA-011,0,24,24,true
has_room,DANDENONG,108544,CPR/PFA/EFA,9,20,true,2060416,2026-09-18T09:00:00+10:00,Provide CPR (AM),CPR-009,1,10,9,true
has_room,DANDENONG,108544,CPR/PFA/EFA,9,20,true,2060417,2026-09-18T09:00:00+10:00,Provide First Aid (AM),PFA-011,6,20,14,true
has_room,DANDENONG,108544,CPR/PFA/EFA,9,20,true,2060418,2026-09-18T09:00:00+10:00,Childcare First Aid (AM),EFA-012,2,20,18,true
has_room,DANDENONG,108545,CPR & PFA (AM),14,20,true,2060419,2026-09-03T09:00:00+10:00,Provide CPR (AM),CPR-009,5,10,5,true
has_room,DANDENONG,108545,CPR & PFA (AM),14,20,true,2060423,2026-09-03T09:00:00+10:00,Provide First Aid (AM),PFA-011,9,20,11,true
has_room,DANDENONG,108546,CPR & PFA (AM),5,20,true,2060420,2026-09-15T09:00:00+10:00,Provide CPR (AM),CPR-009,1,10,9,true
has_room,DANDENONG,108546,CPR & PFA (AM),5,20,true,2060424,2026-09-15T09:00:00+10:00,Provide First Aid (AM),PFA-011,4,20,16,true
has_room,DANDENONG,108547,CPR & PFA (AM),1,20,true,2060421,2026-09-23T09:00:00+10:00,Provide CPR (AM),CPR-009,1,10,9,true
has_room,DANDENONG,108547,CPR & PFA (AM),1,20,true,2060425,2026-09-23T09:00:00+10:00,Provide First Aid (AM),PFA-011,0,20,20,true
has_room,DANDENONG,108548,CPR & PFA (AM),0,20,true,2060422,2026-09-30T09:00:00+10:00,Provide CPR (AM),CPR-009,0,10,10,true
has_room,DANDENONG,108548,CPR & PFA (AM),0,20,true,2060426,2026-09-30T09:00:00+10:00,Provide First Aid (AM),PFA-011,0,20,20,true
has_room,DANDENONG,108790,CPR & PFA (AM),0,20,true,2061183,2026-10-01T09:00:00+10:00,Provide CPR (AM),CPR-009,0,10,10,true
has_room,DANDENONG,108790,CPR & PFA (AM),0,20,true,2061189,2026-10-01T09:00:00+10:00,Provide First Aid (AM),PFA-011,0,20,20,true
has_room,DANDENONG,108793,CPR & PFA (AM),0,20,true,2061186,2026-10-21T09:00:00+10:00,Provide CPR (AM),CPR-009,0,10,10,true
has_room,DANDENONG,108793,CPR & PFA (AM),0,20,true,2061192,2026-10-21T09:00:00+10:00,Provide First Aid (AM),PFA-011,0,20,20,true
has_room,DANDENONG,108795,CPR & PFA (AM),0,20,true,2061188,2026-10-26T09:00:00+10:00,Provide CPR (AM),CPR-009,0,10,10,true
has_room,DANDENONG,108795,CPR & PFA (AM),0,20,true,2061194,2026-10-26T09:00:00+10:00,Provide First Aid (AM),PFA-011,0,20,20,true
has_room,DANDENONG,109300,CPR & PFA (AM),0,20,true,2062718,2026-10-09T09:00:00+10:00,Provide CPR (AM),CPR-009,0,10,10,true
has_room,DANDENONG,109300,CPR & PFA (AM),0,20,true,2062719,2026-10-09T09:00:00+10:00,Provide First Aid (AM),PFA-011,0,20,20,true
has_room,DANDENONG,109301,CPR/PFA/EFA,0,20,true,2062721,2026-10-17T09:00:00+10:00,Provide CPR (AM),CPR-009,0,10,10,true
has_room,DANDENONG,109301,CPR/PFA/EFA,0,20,true,2062722,2026-10-17T09:00:00+10:00,Provide First Aid (AM),PFA-011,0,20,20,true
has_room,DANDENONG,109301,CPR/PFA/EFA,0,20,true,2062723,2026-10-17T09:00:00+10:00,Childcare First Aid (AM),EFA-012,0,20,20,true
over_cap,DARRA,107050,CPR & PFA (AM),30,22,true,2055936,2026-08-27T09:00:00+10:00,Provide CPR (AM),CPR-009,8,8,0,true
over_cap,DARRA,107050,CPR & PFA (AM),30,22,true,2055946,2026-08-27T09:00:00+10:00,Provide First Aid (AM),PFA-011,22,22,0,true
has_room,DARRA,107051,CPR & PFA (AM),16,30,true,2055937,2026-08-28T09:00:00+10:00,Provide CPR (AM),CPR-009,9,10,1,true
has_room,DARRA,107051,CPR & PFA (AM),16,30,true,2055947,2026-08-28T09:00:00+10:00,Provide First Aid (AM),PFA-011,7,30,23,true
has_room,DARRA,107052,CPR & PFA (AM),10,30,true,2055938,2026-08-31T09:00:00+10:00,Provide CPR (AM),CPR-009,3,10,7,true
has_room,DARRA,107052,CPR & PFA (AM),10,30,true,2055948,2026-08-31T09:00:00+10:00,Provide First Aid (AM),PFA-011,7,30,23,true
has_room,DARRA,107071,CPR & PFA (AM),15,30,true,2056002,2026-08-29T08:00:00+10:00,Provide CPR (AM),CPR-009,6,10,4,true
has_room,DARRA,107071,CPR & PFA (AM),15,30,true,2056009,2026-08-29T08:00:00+10:00,Provide First Aid (AM),PFA-011,9,30,21,true
has_room,DARRA,107984,CPR & PFA (AM),11,30,true,2058733,2026-09-03T09:00:00+10:00,Provide CPR (AM),CPR-009,2,10,8,true
has_room,DARRA,107984,CPR & PFA (AM),11,30,true,2058742,2026-09-03T09:00:00+10:00,Provide First Aid (AM),PFA-011,9,30,21,true
has_room,DARRA,107985,CPR & PFA (AM),1,30,true,2058734,2026-09-07T09:00:00+10:00,Provide CPR (AM),CPR-009,0,10,10,true
has_room,DARRA,107985,CPR & PFA (AM),1,30,true,2058743,2026-09-07T09:00:00+10:00,Provide First Aid (AM),PFA-011,1,30,29,true
has_room,DARRA,107986,CPR & PFA (AM),4,30,true,2058735,2026-09-11T09:00:00+10:00,Provide CPR (AM),CPR-009,2,10,8,true
has_room,DARRA,107986,CPR & PFA (AM),4,30,true,2058744,2026-09-11T09:00:00+10:00,Provide First Aid (AM),PFA-011,2,30,28,true
has_room,DARRA,107987,CPR & PFA (AM),2,30,true,2058736,2026-09-14T09:00:00+10:00,Provide CPR (AM),CPR-009,0,10,10,true
has_room,DARRA,107987,CPR & PFA (AM),2,30,true,2058745,2026-09-14T09:00:00+10:00,Provide First Aid (AM),PFA-011,2,30,28,true
has_room,DARRA,107988,CPR & PFA (AM),1,30,true,2058737,2026-09-18T09:00:00+10:00,Provide CPR (AM),CPR-009,0,10,10,true
has_room,DARRA,107988,CPR & PFA (AM),1,30,true,2058746,2026-09-18T09:00:00+10:00,Provide First Aid (AM),PFA-011,1,30,29,true
has_room,DARRA,107989,CPR & PFA (AM),3,30,true,2058738,2026-09-21T09:00:00+10:00,Provide CPR (AM),CPR-009,0,10,10,true
has_room,DARRA,107989,CPR & PFA (AM),3,30,true,2058747,2026-09-21T09:00:00+10:00,Provide First Aid (AM),PFA-011,3,30,27,true
has_room,DARRA,107990,CPR & PFA (AM),1,30,true,2058739,2026-09-24T09:00:00+10:00,Provide CPR (AM),CPR-009,1,10,9,true
has_room,DARRA,107990,CPR & PFA (AM),1,30,true,2058748,2026-09-24T09:00:00+10:00,Provide First Aid (AM),PFA-011,0,30,30,true
has_room,DARRA,107991,CPR & PFA (AM),0,30,true,2058740,2026-09-25T09:00:00+10:00,Provide CPR (AM),CPR-009,0,10,10,true
has_room,DARRA,107991,CPR & PFA (AM),0,30,true,2058749,2026-09-25T09:00:00+10:00,Provide First Aid (AM),PFA-011,0,30,30,true
has_room,DARRA,107992,CPR & PFA (AM),1,30,true,2058741,2026-09-28T09:00:00+10:00,Provide CPR (AM),CPR-009,0,10,10,true
has_room,DARRA,107992,CPR & PFA (AM),1,30,true,2058750,2026-09-28T09:00:00+10:00,Provide First Aid (AM),PFA-011,1,30,29,true
has_room,DARRA,107993,CPR & PFA (AM),1,30,true,2058760,2026-09-05T08:00:00+10:00,Provide CPR (AM),CPR-009,0,10,10,true
has_room,DARRA,107993,CPR & PFA (AM),1,30,true,2058766,2026-09-05T08:00:00+10:00,Provide First Aid (AM),PFA-011,1,30,29,true
has_room,DARRA,107994,CPR & PFA (AM),2,30,true,2058761,2026-09-06T08:00:00+10:00,Provide CPR (AM),CPR-009,2,10,8,true
has_room,DARRA,107994,CPR & PFA (AM),2,30,true,2058767,2026-09-06T08:00:00+10:00,Provide First Aid (AM),PFA-011,0,30,30,true
has_room,DARRA,107995,CPR & PFA (AM),2,30,true,2058762,2026-09-13T08:00:00+10:00,Provide CPR (AM),CPR-009,2,10,8,true
has_room,DARRA,107995,CPR & PFA (AM),2,30,true,2058768,2026-09-13T08:00:00+10:00,Provide First Aid (AM),PFA-011,0,30,30,true
has_room,DARRA,107996,CPR & PFA (AM),1,30,true,2058763,2026-09-20T08:00:00+10:00,Provide CPR (AM),CPR-009,1,10,9,true
has_room,DARRA,107996,CPR & PFA (AM),1,30,true,2058769,2026-09-20T08:00:00+10:00,Provide First Aid (AM),PFA-011,0,30,30,true
has_room,DARRA,107997,CPR & PFA (AM),0,30,true,2058764,2026-09-26T08:00:00+10:00,Provide CPR (AM),CPR-009,0,10,10,true
has_room,DARRA,107997,CPR & PFA (AM),0,30,true,2058770,2026-09-26T08:00:00+10:00,Provide First Aid (AM),PFA-011,0,30,30,true
has_room,DARRA,107998,CPR & PFA (AM),0,30,true,2058765,2026-09-27T08:00:00+10:00,Provide CPR (AM),CPR-009,0,10,10,true
has_room,DARRA,107998,CPR & PFA (AM),0,30,true,2058771,2026-09-27T08:00:00+10:00,Provide First Aid (AM),PFA-011,0,30,30,true
has_room,DARRA,109546,CPR & PFA (AM),0,30,true,2063444,2026-10-04T08:00:00+10:00,Provide CPR (AM),CPR-009,0,10,10,true
has_room,DARRA,109546,CPR & PFA (AM),0,30,true,2063450,2026-10-04T08:00:00+10:00,Provide First Aid (AM),PFA-011,0,30,30,true
has_room,DARRA,109547,CPR & PFA (AM),0,30,true,2063445,2026-10-05T08:00:00+10:00,Provide CPR (AM),CPR-009,0,10,10,true
has_room,DARRA,109547,CPR & PFA (AM),0,30,true,2063451,2026-10-05T08:00:00+10:00,Provide First Aid (AM),PFA-011,0,30,30,true
has_room,DARRA,109548,CPR & PFA (AM),0,30,true,2063446,2026-10-11T08:00:00+10:00,Provide CPR (AM),CPR-009,0,10,10,true
has_room,DARRA,109548,CPR & PFA (AM),0,30,true,2063452,2026-10-11T08:00:00+10:00,Provide First Aid (AM),PFA-011,0,30,30,true
has_room,DARRA,109549,CPR & PFA (AM),0,30,true,2063447,2026-10-18T08:00:00+10:00,Provide CPR (AM),CPR-009,0,10,10,true
has_room,DARRA,109549,CPR & PFA (AM),0,30,true,2063453,2026-10-18T08:00:00+10:00,Provide First Aid (AM),PFA-011,0,30,30,true
has_room,DARRA,109550,CPR & PFA (AM),0,30,true,2063448,2026-10-25T08:00:00+10:00,Provide CPR (AM),CPR-009,0,10,10,true
has_room,DARRA,109550,CPR & PFA (AM),0,30,true,2063454,2026-10-25T08:00:00+10:00,Provide First Aid (AM),PFA-011,0,30,30,true
has_room,DARRA,109551,CPR & PFA (AM),0,30,true,2063449,2026-10-31T08:00:00+10:00,Provide CPR (AM),CPR-009,0,10,10,true
has_room,DARRA,109551,CPR & PFA (AM),0,30,true,2063455,2026-10-31T08:00:00+10:00,Provide First Aid (AM),PFA-011,0,30,30,true
has_room,DARRA,109552,CPR & PFA (AM),0,30,true,2063465,2026-10-01T09:00:00+10:00,Provide CPR (AM),CPR-009,0,10,10,true
has_room,DARRA,109552,CPR & PFA (AM),0,30,true,2063474,2026-10-01T09:00:00+10:00,Provide First Aid (AM),PFA-011,0,30,30,true
has_room,DARRA,109553,CPR & PFA (AM),0,30,true,2063466,2026-10-09T09:00:00+10:00,Provide CPR (AM),CPR-009,0,10,10,true
has_room,DARRA,109553,CPR & PFA (AM),0,30,true,2063475,2026-10-09T09:00:00+10:00,Provide First Aid (AM),PFA-011,0,30,30,true
has_room,DARRA,109554,CPR & PFA (AM),0,30,true,2063467,2026-10-12T09:00:00+10:00,Provide CPR (AM),CPR-009,0,10,10,true
has_room,DARRA,109554,CPR & PFA (AM),0,30,true,2063476,2026-10-12T09:00:00+10:00,Provide First Aid (AM),PFA-011,0,30,30,true
has_room,DARRA,109555,CPR & PFA (AM),0,30,true,2063468,2026-10-16T09:00:00+10:00,Provide CPR (AM),CPR-009,0,10,10,true
has_room,DARRA,109555,CPR & PFA (AM),0,30,true,2063477,2026-10-16T09:00:00+10:00,Provide First Aid (AM),PFA-011,0,30,30,true
has_room,DARRA,109556,CPR & PFA (AM),1,30,true,2063469,2026-10-19T09:00:00+10:00,Provide CPR (AM),CPR-009,1,10,9,true
has_room,DARRA,109556,CPR & PFA (AM),1,30,true,2063478,2026-10-19T09:00:00+10:00,Provide First Aid (AM),PFA-011,0,30,30,true
has_room,DARRA,109557,CPR & PFA (AM),0,30,true,2063470,2026-10-22T09:00:00+10:00,Provide CPR (AM),CPR-009,0,10,10,true
has_room,DARRA,109557,CPR & PFA (AM),0,30,true,2063479,2026-10-22T09:00:00+10:00,Provide First Aid (AM),PFA-011,0,30,30,true
has_room,DARRA,109558,CPR & PFA (AM),0,30,true,2063471,2026-10-23T09:00:00+10:00,Provide CPR (AM),CPR-009,0,10,10,true
has_room,DARRA,109558,CPR & PFA (AM),0,30,true,2063480,2026-10-23T09:00:00+10:00,Provide First Aid (AM),PFA-011,0,30,30,true
has_room,DARRA,109559,CPR & PFA (AM),0,30,true,2063472,2026-10-26T09:00:00+10:00,Provide CPR (AM),CPR-009,0,10,10,true
has_room,DARRA,109559,CPR & PFA (AM),0,30,true,2063481,2026-10-26T09:00:00+10:00,Provide First Aid (AM),PFA-011,0,30,30,true
has_room,DARRA,109560,CPR & PFA (AM),0,30,true,2063473,2026-10-29T09:00:00+10:00,Provide CPR (AM),CPR-009,0,10,10,true
has_room,DARRA,109560,CPR & PFA (AM),0,30,true,2063482,2026-10-29T09:00:00+10:00,Provide First Aid (AM),PFA-011,0,30,30,true
has_room,DARRA,109719,CPR/PFA/EFA,0,30,true,2063952,2026-10-03T08:00:00+10:00,Provide CPR (AM),CPR-009,0,12,12,true
has_room,DARRA,109719,CPR/PFA/EFA,0,30,true,2063954,2026-10-03T08:00:00+10:00,Provide First Aid (AM),PFA-011,0,30,30,true
has_room,DARRA,109719,CPR/PFA/EFA,0,30,true,2063956,2026-10-03T08:00:00+10:00,Childcare First Aid (AM),EFA-012,0,30,30,true
has_room,DARRA,109720,CPR/PFA/EFA,0,30,true,2063953,2026-10-24T08:00:00+10:00,Provide CPR (AM),CPR-009,0,12,12,true
has_room,DARRA,109720,CPR/PFA/EFA,0,30,true,2063955,2026-10-24T08:00:00+10:00,Provide First Aid (AM),PFA-011,0,30,30,true
has_room,DARRA,109720,CPR/PFA/EFA,0,30,true,2063957,2026-10-24T08:00:00+10:00,Childcare First Aid (AM),EFA-012,0,30,30,true
has_room,DARWIN,108757,CPR & PFA (AM),11,24,true,2061069,2026-09-12T09:00:00+10:00,Provide CPR (AM),CPR-009,2,24,22,true
has_room,DARWIN,108757,CPR & PFA (AM),11,24,true,2061071,2026-09-12T09:00:00+10:00,Provide First Aid (AM),PFA-011,9,24,15,true
has_room,DARWIN,108758,CPR & PFA (AM),3,24,true,2061070,2026-09-26T09:00:00+10:00,Provide CPR (AM),CPR-009,2,24,22,true
has_room,DARWIN,108758,CPR & PFA (AM),3,24,true,2061072,2026-09-26T09:00:00+10:00,Provide First Aid (AM),PFA-011,1,24,23,true
has_room,DARWIN,109191,CPR/PFA/EFA,0,24,true,2062392,2026-10-03T09:00:00+10:00,Provide CPR (AM),CPR-009,0,24,24,true
has_room,DARWIN,109191,CPR/PFA/EFA,0,24,true,2062395,2026-10-03T09:00:00+10:00,Provide First Aid (AM),PFA-011,0,24,24,true
has_room,DARWIN,109191,CPR/PFA/EFA,0,24,true,2062398,2026-10-03T09:00:00+10:00,Childcare First Aid (AM),EFA-012,0,24,24,true
has_room,DARWIN,109192,CPR/PFA/EFA,0,24,true,2062393,2026-10-17T09:00:00+10:00,Provide CPR (AM),CPR-009,0,24,24,true
has_room,DARWIN,109192,CPR/PFA/EFA,0,24,true,2062396,2026-10-17T09:00:00+10:00,Provide First Aid (AM),PFA-011,0,24,24,true
has_room,DARWIN,109192,CPR/PFA/EFA,0,24,true,2062399,2026-10-17T09:00:00+10:00,Childcare First Aid (AM),EFA-012,0,24,24,true
has_room,DARWIN,109193,CPR/PFA/EFA,0,24,true,2062394,2026-10-31T09:00:00+10:00,Provide CPR (AM),CPR-009,0,24,24,true
has_room,DARWIN,109193,CPR/PFA/EFA,0,24,true,2062397,2026-10-31T09:00:00+10:00,Provide First Aid (AM),PFA-011,0,24,24,true
has_room,DARWIN,109193,CPR/PFA/EFA,0,24,true,2062400,2026-10-31T09:00:00+10:00,Childcare First Aid (AM),EFA-012,0,24,24,true
has_room,Dromana,108590,CPR/PFA/EFA,2,20,true,2060555,2026-09-19T09:00:00+10:00,Provide CPR (AM),CPR-009,0,20,20,true
has_room,Dromana,108590,CPR/PFA/EFA,2,20,true,2060556,2026-09-19T09:00:00+10:00,Provide First Aid (AM),PFA-011,2,20,18,true
has_room,Dromana,108590,CPR/PFA/EFA,2,20,true,2060557,2026-09-19T09:00:00+10:00,Childcare First Aid (AM),EFA-012,0,20,20,true
has_room,Dromana,108591,CPR & PFA (AM),6,20,true,2060558,2026-09-04T09:00:00+10:00,Provide CPR (AM),CPR-009,0,20,20,true
has_room,Dromana,108591,CPR & PFA (AM),6,20,true,2060562,2026-09-04T09:00:00+10:00,Provide First Aid (AM),PFA-011,6,20,14,true
has_room,Dromana,108592,CPR & PFA (AM),5,20,true,2060559,2026-09-09T09:00:00+10:00,Provide CPR (AM),CPR-009,1,20,19,true
has_room,Dromana,108592,CPR & PFA (AM),5,20,true,2060563,2026-09-09T09:00:00+10:00,Provide First Aid (AM),PFA-011,4,20,16,true
has_room,Dromana,108593,CPR & PFA (AM),5,20,true,2060560,2026-09-23T09:00:00+10:00,Provide CPR (AM),CPR-009,3,20,17,true
has_room,Dromana,108593,CPR & PFA (AM),5,20,true,2060564,2026-09-23T09:00:00+10:00,Provide First Aid (AM),PFA-011,2,20,18,true
has_room,Dromana,108594,CPR & PFA (AM),1,20,true,2060561,2026-09-30T09:00:00+10:00,Provide CPR (AM),CPR-009,1,20,19,true
has_room,Dromana,108594,CPR & PFA (AM),1,20,true,2060565,2026-09-30T09:00:00+10:00,Provide First Aid (AM),PFA-011,0,20,20,true
has_room,Dromana,109349,CPR & PFA (AM),0,20,true,2062866,2026-10-23T09:00:00+10:00,Provide CPR (AM),CPR-009,0,20,20,true
has_room,Dromana,109349,CPR & PFA (AM),0,20,true,2062868,2026-10-23T09:00:00+10:00,Provide First Aid (AM),PFA-011,0,20,20,true
has_room,Dromana,109350,CPR & PFA (AM),0,20,true,2062867,2026-10-28T09:00:00+10:00,Provide CPR (AM),CPR-009,0,20,20,true
has_room,Dromana,109350,CPR & PFA (AM),0,20,true,2062869,2026-10-28T09:00:00+10:00,Provide First Aid (AM),PFA-011,0,20,20,true
has_room,Dromana,109351,CPR/PFA/EFA,0,20,true,2062870,2026-10-17T09:00:00+10:00,Provide CPR (AM),CPR-009,0,20,20,true
has_room,Dromana,109351,CPR/PFA/EFA,0,20,true,2062871,2026-10-17T09:00:00+10:00,Provide First Aid (AM),PFA-011,0,20,20,true
has_room,Dromana,109351,CPR/PFA/EFA,0,20,true,2062872,2026-10-17T09:00:00+10:00,Childcare First Aid (AM),EFA-012,0,20,20,true
has_room,EATONS HILL,108101,CPR/PFA/EFA,14,24,true,2059078,2026-09-12T09:00:00+10:00,Provide CPR (AM),CPR-009,5,24,19,true
has_room,EATONS HILL,108101,CPR/PFA/EFA,14,24,true,2059079,2026-09-12T09:00:00+10:00,Childcare First Aid (AM),EFA-012,2,24,22,true
has_room,EATONS HILL,108101,CPR/PFA/EFA,14,24,true,2059080,2026-09-12T09:00:00+10:00,Provide First Aid (AM),PFA-011,7,24,17,true
has_room,EATONS HILL,108102,CPR & PFA (AM),18,24,true,2059081,2026-09-02T09:00:00+10:00,Provide CPR (AM),CPR-009,5,24,19,true
has_room,EATONS HILL,108102,CPR & PFA (AM),18,24,true,2059085,2026-09-02T09:00:00+10:00,Provide First Aid (AM),PFA-011,13,24,11,true
has_room,EATONS HILL,108103,CPR & PFA (AM),10,24,true,2059082,2026-09-17T09:00:00+10:00,Provide CPR (AM),CPR-009,5,24,19,true
has_room,EATONS HILL,108103,CPR & PFA (AM),10,24,true,2059086,2026-09-17T09:00:00+10:00,Provide First Aid (AM),PFA-011,5,24,19,true
has_room,EATONS HILL,108104,CPR & PFA (AM),2,24,true,2059083,2026-09-23T09:00:00+10:00,Provide CPR (AM),CPR-009,1,24,23,true
has_room,EATONS HILL,108104,CPR & PFA (AM),2,24,true,2059087,2026-09-23T09:00:00+10:00,Provide First Aid (AM),PFA-011,1,24,23,true
has_room,EATONS HILL,108105,CPR & PFA (AM),2,24,true,2059084,2026-09-30T09:00:00+10:00,Provide CPR (AM),CPR-009,1,24,23,true
has_room,EATONS HILL,108105,CPR & PFA (AM),2,24,true,2059088,2026-09-30T09:00:00+10:00,Provide First Aid (AM),PFA-011,1,24,23,true
has_room,EATONS HILL,109663,CPR & PFA (AM),0,24,true,2063786,2026-10-21T09:00:00+10:00,Provide CPR (AM),CPR-009,0,24,24,true
has_room,EATONS HILL,109663,CPR & PFA (AM),0,24,true,2063788,2026-10-21T09:00:00+10:00,Provide First Aid (AM),PFA-011,0,24,24,true
has_room,EATONS HILL,109664,CPR & PFA (AM),0,24,true,2063787,2026-10-28T09:00:00+10:00,Provide CPR (AM),CPR-009,0,24,24,true
has_room,EATONS HILL,109664,CPR & PFA (AM),0,24,true,2063789,2026-10-28T09:00:00+10:00,Provide First Aid (AM),PFA-011,0,24,24,true
has_room,EATONS HILL,109665,CPR & PFA (AM),0,24,true,2063792,2026-10-05T09:00:00+10:00,Provide CPR (AM),CPR-009,0,24,24,true
has_room,EATONS HILL,109665,CPR & PFA (AM),0,24,true,2063794,2026-10-05T09:00:00+10:00,Provide First Aid (AM),PFA-011,0,24,24,true
has_room,EATONS HILL,109666,CPR & PFA (AM),0,24,true,2063793,2026-10-15T09:00:00+10:00,Provide CPR (AM),CPR-009,0,24,24,true
has_room,EATONS HILL,109666,CPR & PFA (AM),0,24,true,2063795,2026-10-15T09:00:00+10:00,Provide First Aid (AM),PFA-011,0,24,24,true
has_room,EATONS HILL,109667,CPR/PFA/EFA,0,24,true,2063796,2026-10-10T09:00:00+10:00,Provide CPR (AM),CPR-009,0,24,24,true
has_room,EATONS HILL,109667,CPR/PFA/EFA,0,24,true,2063797,2026-10-10T09:00:00+10:00,Childcare First Aid (AM),EFA-012,0,24,24,true
has_room,EATONS HILL,109667,CPR/PFA/EFA,0,24,true,2063798,2026-10-10T09:00:00+10:00,Provide First Aid (AM),PFA-011,0,24,24,true
has_room,ELTHAM,108571,CPR/PFA/EFA,2,24,true,2060498,2026-09-17T09:00:00+10:00,Provide CPR (AM),CPR-009,0,24,24,true
has_room,ELTHAM,108571,CPR/PFA/EFA,2,24,true,2060499,2026-09-17T09:00:00+10:00,Provide First Aid (AM),PFA-011,1,24,23,true
has_room,ELTHAM,108571,CPR/PFA/EFA,2,24,true,2060500,2026-09-17T09:00:00+10:00,Childcare First Aid (AM),EFA-012,1,24,23,true
has_room,ELTHAM,108572,CPR & PFA (AM),11,24,true,2060501,2026-09-04T09:00:00+10:00,Provide CPR (AM),CPR-009,1,24,23,true
has_room,ELTHAM,108572,CPR & PFA (AM),11,24,true,2060503,2026-09-04T09:00:00+10:00,Provide First Aid (AM),PFA-011,10,24,14,true
has_room,ELTHAM,108573,CPR & PFA (AM),3,24,true,2060502,2026-09-29T09:00:00+10:00,Provide CPR (AM),CPR-009,1,24,23,true
has_room,ELTHAM,108573,CPR & PFA (AM),3,24,true,2060504,2026-09-29T09:00:00+10:00,Provide First Aid (AM),PFA-011,2,24,22,true
has_room,ELTHAM,109329,CPR & PFA (AM),0,24,true,2062804,2026-10-05T09:00:00+10:00,Provide CPR (AM),CPR-009,0,24,24,true
has_room,ELTHAM,109329,CPR & PFA (AM),0,24,true,2062806,2026-10-05T09:00:00+10:00,Provide First Aid (AM),PFA-011,0,24,24,true
has_room,ELTHAM,109330,CPR & PFA (AM),0,24,true,2062805,2026-10-26T09:00:00+10:00,Provide CPR (AM),CPR-009,0,24,24,true
has_room,ELTHAM,109330,CPR & PFA (AM),0,24,true,2062807,2026-10-26T09:00:00+10:00,Provide First Aid (AM),PFA-011,0,24,24,true
has_room,ELTHAM,109331,CPR/PFA/EFA,0,24,true,2062810,2026-10-15T09:00:00+10:00,Provide CPR (AM),CPR-009,0,24,24,true
has_room,ELTHAM,109331,CPR/PFA/EFA,0,24,true,2062811,2026-10-15T09:00:00+10:00,Provide First Aid (AM),PFA-011,0,24,24,true
has_room,ELTHAM,109331,CPR/PFA/EFA,0,24,true,2062812,2026-10-15T09:00:00+10:00,Childcare First Aid (AM),EFA-012,0,24,24,true
over_cap,EPPING,107606,CPR/PFA/EFA,20,8,true,2057591,2026-08-29T09:00:00+10:00,Provide CPR (AM),CPR-009,9,8,0,true
over_cap,EPPING,107606,CPR/PFA/EFA,20,8,true,2057594,2026-08-29T09:00:00+10:00,Provide First Aid (AM),PFA-011,6,6,0,true
over_cap,EPPING,107606,CPR/PFA/EFA,20,8,true,2057597,2026-08-29T09:00:00+10:00,Childcare First Aid (AM),EFA-012,5,5,0,true
has_room,EPPING,108559,CPR/PFA/EFA,6,20,true,2060462,2026-09-12T09:00:00+10:00,Provide CPR (AM),CPR-009,3,8,5,true
has_room,EPPING,108559,CPR/PFA/EFA,6,20,true,2060464,2026-09-12T09:00:00+10:00,Provide First Aid (AM),PFA-011,0,20,20,true
has_room,EPPING,108559,CPR/PFA/EFA,6,20,true,2060466,2026-09-12T09:00:00+10:00,Childcare First Aid (AM),EFA-012,3,20,17,true
has_room,EPPING,108560,CPR/PFA/EFA,3,20,true,2060463,2026-09-19T09:00:00+10:00,Provide CPR (AM),CPR-009,1,8,7,true
has_room,EPPING,108560,CPR/PFA/EFA,3,20,true,2060465,2026-09-19T09:00:00+10:00,Provide First Aid (AM),PFA-011,2,20,18,true
has_room,EPPING,108560,CPR/PFA/EFA,3,20,true,2060467,2026-09-19T09:00:00+10:00,Childcare First Aid (AM),EFA-012,0,20,20,true
has_room,EPPING,108561,CPR & PFA (AM),17,20,true,2060468,2026-09-03T09:00:00+10:00,Provide CPR (AM),CPR-009,6,8,2,true
has_room,EPPING,108561,CPR & PFA (AM),17,20,true,2060475,2026-09-03T09:00:00+10:00,Provide First Aid (AM),PFA-011,11,20,9,true
has_room,EPPING,108562,CPR & PFA (AM),9,20,true,2060469,2026-09-08T09:00:00+10:00,Provide CPR (AM),CPR-009,1,8,7,true
has_room,EPPING,108562,CPR & PFA (AM),9,20,true,2060476,2026-09-08T09:00:00+10:00,Provide First Aid (AM),PFA-011,8,20,12,true
has_room,EPPING,108563,CPR & PFA (AM),8,20,true,2060470,2026-09-11T09:00:00+10:00,Provide CPR (AM),CPR-009,5,8,3,true
has_room,EPPING,108563,CPR & PFA (AM),8,20,true,2060477,2026-09-11T09:00:00+10:00,Provide First Aid (AM),PFA-011,3,20,17,true
has_room,EPPING,108564,CPR & PFA (AM),6,20,true,2060471,2026-09-14T09:00:00+10:00,Provide CPR (AM),CPR-009,1,8,7,true
has_room,EPPING,108564,CPR & PFA (AM),6,20,true,2060478,2026-09-14T09:00:00+10:00,Provide First Aid (AM),PFA-011,5,20,15,true
has_room,EPPING,108565,CPR & PFA (AM),5,20,true,2060472,2026-09-16T09:00:00+10:00,Provide CPR (AM),CPR-009,3,8,5,true
has_room,EPPING,108565,CPR & PFA (AM),5,20,true,2060479,2026-09-16T09:00:00+10:00,Provide First Aid (AM),PFA-011,2,20,18,true
has_room,EPPING,108566,CPR & PFA (AM),3,20,true,2060473,2026-09-22T09:00:00+10:00,Provide CPR (AM),CPR-009,2,8,6,true
has_room,EPPING,108566,CPR & PFA (AM),3,20,true,2060480,2026-09-22T09:00:00+10:00,Provide First Aid (AM),PFA-011,1,20,19,true
has_room,EPPING,108567,CPR & PFA (AM),0,20,true,2060474,2026-09-28T09:00:00+10:00,Provide CPR (AM),CPR-009,0,8,8,true
has_room,EPPING,108567,CPR & PFA (AM),0,20,true,2060481,2026-09-28T09:00:00+10:00,Provide First Aid (AM),PFA-011,0,20,20,true
has_room,EPPING,109314,CPR & PFA (AM),2,20,true,2062768,2026-10-01T09:00:00+10:00,Provide CPR (AM),CPR-009,1,8,7,true
has_room,EPPING,109314,CPR & PFA (AM),2,20,true,2062777,2026-10-01T09:00:00+10:00,Provide First Aid (AM),PFA-011,1,20,19,true
has_room,EPPING,109315,CPR & PFA (AM),0,20,true,2062769,2026-10-06T09:00:00+10:00,Provide CPR (AM),CPR-009,0,8,8,true
has_room,EPPING,109315,CPR & PFA (AM),0,20,true,2062778,2026-10-06T09:00:00+10:00,Provide First Aid (AM),PFA-011,0,20,20,true
has_room,EPPING,109316,CPR & PFA (AM),0,20,true,2062770,2026-10-09T09:00:00+10:00,Provide CPR (AM),CPR-009,0,8,8,true
has_room,EPPING,109316,CPR & PFA (AM),0,20,true,2062779,2026-10-09T09:00:00+10:00,Provide First Aid (AM),PFA-011,0,20,20,true
has_room,EPPING,109317,CPR & PFA (AM),0,20,true,2062771,2026-10-14T09:00:00+10:00,Provide CPR (AM),CPR-009,0,8,8,true
has_room,EPPING,109317,CPR & PFA (AM),0,20,true,2062780,2026-10-14T09:00:00+10:00,Provide First Aid (AM),PFA-011,0,20,20,true
has_room,EPPING,109318,CPR & PFA (AM),0,20,true,2062772,2026-10-15T09:00:00+10:00,Provide CPR (AM),CPR-009,0,8,8,true
has_room,EPPING,109318,CPR & PFA (AM),0,20,true,2062781,2026-10-15T09:00:00+10:00,Provide First Aid (AM),PFA-011,0,20,20,true
has_room,EPPING,109319,CPR & PFA (AM),0,20,true,2062773,2026-10-20T09:00:00+10:00,Provide CPR (AM),CPR-009,0,8,8,true
has_room,EPPING,109319,CPR & PFA (AM),0,20,true,2062782,2026-10-20T09:00:00+10:00,Provide First Aid (AM),PFA-011,0,20,20,true
has_room,EPPING,109320,CPR & PFA (AM),0,20,true,2062774,2026-10-21T09:00:00+10:00,Provide CPR (AM),CPR-009,0,8,8,true
has_room,EPPING,109320,CPR & PFA (AM),0,20,true,2062783,2026-10-21T09:00:00+10:00,Provide First Aid (AM),PFA-011,0,20,20,true
has_room,EPPING,109321,CPR & PFA (AM),0,20,true,2062775,2026-10-26T09:00:00+10:00,Provide CPR (AM),CPR-009,0,8,8,true
has_room,EPPING,109321,CPR & PFA (AM),0,20,true,2062784,2026-10-26T09:00:00+10:00,Provide First Aid (AM),PFA-011,0,20,20,true
has_room,EPPING,109322,CPR & PFA (AM),0,20,true,2062776,2026-10-28T09:00:00+10:00,Provide CPR (AM),CPR-009,0,8,8,true
has_room,EPPING,109322,CPR & PFA (AM),0,20,true,2062785,2026-10-28T09:00:00+10:00,Provide First Aid (AM),PFA-011,0,20,20,true
has_room,EPPING,109323,CPR/PFA/EFA,0,20,true,2062786,2026-10-10T09:00:00+10:00,Provide CPR (AM),CPR-009,0,8,8,true
has_room,EPPING,109323,CPR/PFA/EFA,0,20,true,2062789,2026-10-10T09:00:00+10:00,Provide First Aid (AM),PFA-011,0,20,20,true
has_room,EPPING,109323,CPR/PFA/EFA,0,20,true,2062792,2026-10-10T09:00:00+10:00,Childcare First Aid (AM),EFA-012,0,20,20,true
has_room,EPPING,109324,CPR/PFA/EFA,0,20,true,2062787,2026-10-17T09:00:00+10:00,Provide CPR (AM),CPR-009,0,8,8,true
has_room,EPPING,109324,CPR/PFA/EFA,0,20,true,2062790,2026-10-17T09:00:00+10:00,Provide First Aid (AM),PFA-011,0,20,20,true
has_room,EPPING,109324,CPR/PFA/EFA,0,20,true,2062793,2026-10-17T09:00:00+10:00,Childcare First Aid (AM),EFA-012,0,20,20,true
has_room,EPPING,109325,CPR/PFA/EFA,0,20,true,2062788,2026-10-31T09:00:00+10:00,Provide CPR (AM),CPR-009,0,8,8,true
has_room,EPPING,109325,CPR/PFA/EFA,0,20,true,2062791,2026-10-31T09:00:00+10:00,Provide First Aid (AM),PFA-011,0,20,20,true
has_room,EPPING,109325,CPR/PFA/EFA,0,20,true,2062794,2026-10-31T09:00:00+10:00,Childcare First Aid (AM),EFA-012,0,20,20,true
has_room,ESSENDON,107578,CPR & PFA (AM),17,24,true,2057505,2026-08-28T09:00:00+10:00,Provide CPR (AM),CPR-009,3,8,5,true
has_room,ESSENDON,107578,CPR & PFA (AM),17,24,true,2057509,2026-08-28T09:00:00+10:00,Provide First Aid (AM),PFA-011,14,24,10,true
has_room,ESSENDON,108531,CPR/PFA/EFA,5,24,true,2060377,2026-09-13T09:00:00+10:00,Provide CPR (AM),CPR-009,0,8,8,true
has_room,ESSENDON,108531,CPR/PFA/EFA,5,24,true,2060378,2026-09-13T09:00:00+10:00,Provide First Aid (AM),PFA-011,2,24,22,true
has_room,ESSENDON,108531,CPR/PFA/EFA,5,24,true,2060379,2026-09-13T09:00:00+10:00,Childcare First Aid (AM),EFA-012,3,24,21,true
has_room,ESSENDON,108532,CPR & PFA (AM),8,24,true,2060380,2026-09-04T09:00:00+10:00,Provide CPR (AM),CPR-009,2,8,6,true
has_room,ESSENDON,108532,CPR & PFA (AM),8,24,true,2060384,2026-09-04T09:00:00+10:00,Provide First Aid (AM),PFA-011,6,24,18,true
has_room,ESSENDON,108533,CPR & PFA (AM),12,24,true,2060381,2026-09-08T09:00:00+10:00,Provide CPR (AM),CPR-009,5,8,3,true
has_room,ESSENDON,108533,CPR & PFA (AM),12,24,true,2060385,2026-09-08T09:00:00+10:00,Provide First Aid (AM),PFA-011,7,24,17,true
has_room,ESSENDON,108534,CPR & PFA (AM),3,24,true,2060382,2026-09-18T09:00:00+10:00,Provide CPR (AM),CPR-009,2,8,6,true
has_room,ESSENDON,108534,CPR & PFA (AM),3,24,true,2060386,2026-09-18T09:00:00+10:00,Provide First Aid (AM),PFA-011,1,24,23,true
has_room,ESSENDON,108535,CPR & PFA (AM),2,24,true,2060383,2026-09-25T09:00:00+10:00,Provide CPR (AM),CPR-009,0,8,8,true
has_room,ESSENDON,108535,CPR & PFA (AM),2,24,true,2060387,2026-09-25T09:00:00+10:00,Provide First Aid (AM),PFA-011,2,24,22,true
has_room,ESSENDON,109287,CPR & PFA (AM),6,24,true,2062679,2026-10-02T09:00:00+10:00,Provide CPR (AM),CPR-009,0,8,8,true
has_room,ESSENDON,109287,CPR & PFA (AM),6,24,true,2062684,2026-10-02T09:00:00+10:00,Provide First Aid (AM),PFA-011,6,24,18,true
has_room,ESSENDON,109288,CPR & PFA (AM),0,24,true,2062680,2026-10-06T09:00:00+10:00,Provide CPR (AM),CPR-009,0,8,8,true
has_room,ESSENDON,109288,CPR & PFA (AM),0,24,true,2062685,2026-10-06T09:00:00+10:00,Provide First Aid (AM),PFA-011,0,24,24,true
has_room,ESSENDON,109289,CPR & PFA (AM),0,24,true,2062681,2026-10-16T09:00:00+10:00,Provide CPR (AM),CPR-009,0,8,8,true
has_room,ESSENDON,109289,CPR & PFA (AM),0,24,true,2062686,2026-10-16T09:00:00+10:00,Provide First Aid (AM),PFA-011,0,24,24,true
has_room,ESSENDON,109290,CPR & PFA (AM),0,24,true,2062682,2026-10-23T09:00:00+10:00,Provide CPR (AM),CPR-009,0,8,8,true
has_room,ESSENDON,109290,CPR & PFA (AM),0,24,true,2062687,2026-10-23T09:00:00+10:00,Provide First Aid (AM),PFA-011,0,24,24,true
has_room,ESSENDON,109291,CPR & PFA (AM),0,24,true,2062683,2026-10-27T09:00:00+10:00,Provide CPR (AM),CPR-009,0,8,8,true
has_room,ESSENDON,109291,CPR & PFA (AM),0,24,true,2062688,2026-10-27T09:00:00+10:00,Provide First Aid (AM),PFA-011,0,24,24,true
has_room,ESSENDON,109292,CPR/PFA/EFA,0,24,true,2062694,2026-10-11T09:00:00+10:00,Provide CPR (AM),CPR-009,0,8,8,true
has_room,ESSENDON,109292,CPR/PFA/EFA,0,24,true,2062695,2026-10-11T09:00:00+10:00,Provide First Aid (AM),PFA-011,0,24,24,true
has_room,ESSENDON,109292,CPR/PFA/EFA,0,24,true,2062696,2026-10-11T09:00:00+10:00,Childcare First Aid (AM),EFA-012,0,24,24,true
has_room,FERNTREE GULLY,108557,CPR/PFA/EFA,11,24,true,2060455,2026-09-10T09:00:00+10:00,Provide CPR (AM),CPR-009,3,24,21,true
has_room,FERNTREE GULLY,108557,CPR/PFA/EFA,11,24,true,2060456,2026-09-10T09:00:00+10:00,Provide First Aid (AM),PFA-011,8,24,16,true
has_room,FERNTREE GULLY,108557,CPR/PFA/EFA,11,24,true,2060457,2026-09-10T09:00:00+10:00,Childcare First Aid (AM),EFA-012,0,24,24,true
has_room,FERNTREE GULLY,108558,CPR & PFA (AM),4,24,true,2060458,2026-09-21T09:00:00+10:00,Provide CPR (AM),CPR-009,2,24,22,true
has_room,FERNTREE GULLY,108558,CPR & PFA (AM),4,24,true,2060459,2026-09-21T09:00:00+10:00,Provide First Aid (AM),PFA-011,2,24,22,true
has_room,FERNTREE GULLY,109311,CPR/PFA/EFA,0,24,true,2062751,2026-10-08T09:00:00+10:00,Provide CPR (AM),CPR-009,0,24,24,true
has_room,FERNTREE GULLY,109311,CPR/PFA/EFA,0,24,true,2062753,2026-10-08T09:00:00+10:00,Provide First Aid (AM),PFA-011,0,24,24,true
has_room,FERNTREE GULLY,109311,CPR/PFA/EFA,0,24,true,2062755,2026-10-08T09:00:00+10:00,Childcare First Aid (AM),EFA-012,0,24,24,true
has_room,FERNTREE GULLY,109312,CPR/PFA/EFA,0,24,true,2062752,2026-10-29T09:00:00+10:00,Provide CPR (AM),CPR-009,0,24,24,true
has_room,FERNTREE GULLY,109312,CPR/PFA/EFA,0,24,true,2062754,2026-10-29T09:00:00+10:00,Provide First Aid (AM),PFA-011,0,24,24,true
has_room,FERNTREE GULLY,109312,CPR/PFA/EFA,0,24,true,2062756,2026-10-29T09:00:00+10:00,Childcare First Aid (AM),EFA-012,0,24,24,true
has_room,FERNTREE GULLY,109313,CPR & PFA (AM),0,24,true,2062757,2026-10-19T09:00:00+10:00,Provide CPR (AM),CPR-009,0,24,24,true
has_room,FERNTREE GULLY,109313,CPR & PFA (AM),0,24,true,2062758,2026-10-19T09:00:00+10:00,Provide First Aid (AM),PFA-011,0,24,24,true
has_room,FRANKSTON,107622,CPR/PFA/EFA,12,24,true,2057635,2026-08-29T09:00:00+10:00,Provide CPR (AM),CPR-009,4,8,4,true
has_room,FRANKSTON,107622,CPR/PFA/EFA,12,24,true,2057640,2026-08-29T09:00:00+10:00,Provide First Aid (AM),PFA-011,8,24,16,true
has_room,FRANKSTON,107627,CPR & PFA (AM),17,24,true,2057650,2026-08-31T09:00:00+10:00,Provide CPR (AM),CPR-009,6,8,2,true
has_room,FRANKSTON,107627,CPR & PFA (AM),17,24,true,2057655,2026-08-31T09:00:00+10:00,Provide First Aid (AM),PFA-011,11,24,13,true
has_room,FRANKSTON,108574,CPR/PFA/EFA,2,24,true,2060507,2026-09-05T09:00:00+10:00,Provide CPR (AM),CPR-009,1,8,7,true
has_room,FRANKSTON,108574,CPR/PFA/EFA,2,24,true,2060511,2026-09-05T09:00:00+10:00,Provide First Aid (AM),PFA-011,1,24,23,true
has_room,FRANKSTON,108574,CPR/PFA/EFA,2,24,true,2060515,2026-09-05T09:00:00+10:00,Childcare First Aid (AM),EFA-012,0,24,24,true
has_room,FRANKSTON,108575,CPR/PFA/EFA,1,24,true,2060508,2026-09-12T09:00:00+10:00,Provide CPR (AM),CPR-009,1,8,7,true
has_room,FRANKSTON,108575,CPR/PFA/EFA,1,24,true,2060512,2026-09-12T09:00:00+10:00,Provide First Aid (AM),PFA-011,0,24,24,true
has_room,FRANKSTON,108575,CPR/PFA/EFA,1,24,true,2060516,2026-09-12T09:00:00+10:00,Childcare First Aid (AM),EFA-012,0,24,24,true
has_room,FRANKSTON,108576,CPR/PFA/EFA,1,24,true,2060509,2026-09-19T09:00:00+10:00,Provide CPR (AM),CPR-009,1,8,7,true
has_room,FRANKSTON,108576,CPR/PFA/EFA,1,24,true,2060513,2026-09-19T09:00:00+10:00,Provide First Aid (AM),PFA-011,0,24,24,true
has_room,FRANKSTON,108576,CPR/PFA/EFA,1,24,true,2060517,2026-09-19T09:00:00+10:00,Childcare First Aid (AM),EFA-012,0,24,24,true
has_room,FRANKSTON,108577,CPR/PFA/EFA,2,24,true,2060510,2026-09-26T09:00:00+10:00,Provide CPR (AM),CPR-009,1,8,7,true
has_room,FRANKSTON,108577,CPR/PFA/EFA,2,24,true,2060514,2026-09-26T09:00:00+10:00,Provide First Aid (AM),PFA-011,0,24,24,true
has_room,FRANKSTON,108577,CPR/PFA/EFA,2,24,true,2060518,2026-09-26T09:00:00+10:00,Childcare First Aid (AM),EFA-012,1,24,23,true
has_room,FRANKSTON,108578,CPR & PFA (AM),7,24,true,2060519,2026-09-02T09:00:00+10:00,Provide CPR (AM),CPR-009,2,8,6,true
has_room,FRANKSTON,108578,CPR & PFA (AM),7,24,true,2060527,2026-09-02T09:00:00+10:00,Provide First Aid (AM),PFA-011,5,24,19,true
has_room,FRANKSTON,108579,CPR & PFA (AM),4,24,true,2060520,2026-09-07T09:00:00+10:00,Provide CPR (AM),CPR-009,0,8,8,true
has_room,FRANKSTON,108579,CPR & PFA (AM),4,24,true,2060528,2026-09-07T09:00:00+10:00,Provide First Aid (AM),PFA-011,4,24,20,true
has_room,FRANKSTON,108580,CPR & PFA (AM),8,24,true,2060521,2026-09-09T09:00:00+10:00,Provide CPR (AM),CPR-009,2,8,6,true
has_room,FRANKSTON,108580,CPR & PFA (AM),8,24,true,2060529,2026-09-09T09:00:00+10:00,Provide First Aid (AM),PFA-011,6,24,18,true
has_room,FRANKSTON,108581,CPR & PFA (AM),0,24,true,2060522,2026-09-14T09:00:00+10:00,Provide CPR (AM),CPR-009,0,8,8,true
has_room,FRANKSTON,108581,CPR & PFA (AM),0,24,true,2060530,2026-09-14T09:00:00+10:00,Provide First Aid (AM),PFA-011,0,24,24,true
has_room,FRANKSTON,108582,CPR & PFA (AM),0,24,true,2060523,2026-09-18T09:00:00+10:00,Provide CPR (AM),CPR-009,0,8,8,true
has_room,FRANKSTON,108582,CPR & PFA (AM),0,24,true,2060531,2026-09-18T09:00:00+10:00,Provide First Aid (AM),PFA-011,0,24,24,true
has_room,FRANKSTON,108583,CPR & PFA (AM),0,24,true,2060524,2026-09-21T09:00:00+10:00,Provide CPR (AM),CPR-009,0,8,8,true
has_room,FRANKSTON,108583,CPR & PFA (AM),0,24,true,2060532,2026-09-21T09:00:00+10:00,Provide First Aid (AM),PFA-011,0,24,24,true
has_room,FRANKSTON,108584,CPR & PFA (AM),4,24,true,2060525,2026-09-23T09:00:00+10:00,Provide CPR (AM),CPR-009,0,8,8,true
has_room,FRANKSTON,108584,CPR & PFA (AM),4,24,true,2060533,2026-09-23T09:00:00+10:00,Provide First Aid (AM),PFA-011,4,24,20,true
has_room,FRANKSTON,108585,CPR & PFA (AM),2,24,true,2060526,2026-09-28T09:00:00+10:00,Provide CPR (AM),CPR-009,0,8,8,true
has_room,FRANKSTON,108585,CPR & PFA (AM),2,24,true,2060534,2026-09-28T09:00:00+10:00,Provide First Aid (AM),PFA-011,2,24,22,true
has_room,FRANKSTON,109332,CPR & PFA (AM),0,24,true,2062813,2026-10-01T09:00:00+10:00,Provide CPR (AM),CPR-009,0,8,8,true
has_room,FRANKSTON,109332,CPR & PFA (AM),0,24,true,2062822,2026-10-01T09:00:00+10:00,Provide First Aid (AM),PFA-011,0,24,24,true
has_room,FRANKSTON,109333,CPR & PFA (AM),0,24,true,2062814,2026-10-05T09:00:00+10:00,Provide CPR (AM),CPR-009,0,8,8,true
has_room,FRANKSTON,109333,CPR & PFA (AM),0,24,true,2062823,2026-10-05T09:00:00+10:00,Provide First Aid (AM),PFA-011,0,24,24,true
has_room,FRANKSTON,109334,CPR & PFA (AM),0,24,true,2062815,2026-10-08T09:00:00+10:00,Provide CPR (AM),CPR-009,0,8,8,true
has_room,FRANKSTON,109334,CPR & PFA (AM),0,24,true,2062824,2026-10-08T09:00:00+10:00,Provide First Aid (AM),PFA-011,0,24,24,true
has_room,FRANKSTON,109335,CPR & PFA (AM),0,24,true,2062816,2026-10-12T09:00:00+10:00,Provide CPR (AM),CPR-009,0,8,8,true
has_room,FRANKSTON,109335,CPR & PFA (AM),0,24,true,2062825,2026-10-12T09:00:00+10:00,Provide First Aid (AM),PFA-011,0,24,24,true
has_room,FRANKSTON,109336,CPR & PFA (AM),0,24,true,2062817,2026-10-16T09:00:00+10:00,Provide CPR (AM),CPR-009,0,8,8,true
has_room,FRANKSTON,109336,CPR & PFA (AM),0,24,true,2062826,2026-10-16T09:00:00+10:00,Provide First Aid (AM),PFA-011,0,24,24,true
has_room,FRANKSTON,109337,CPR & PFA (AM),0,24,true,2062818,2026-10-19T09:00:00+10:00,Provide CPR (AM),CPR-009,0,8,8,true
has_room,FRANKSTON,109337,CPR & PFA (AM),0,24,true,2062827,2026-10-19T09:00:00+10:00,Provide First Aid (AM),PFA-011,0,24,24,true
has_room,FRANKSTON,109338,CPR & PFA (AM),0,24,true,2062819,2026-10-22T09:00:00+10:00,Provide CPR (AM),CPR-009,0,8,8,true
has_room,FRANKSTON,109338,CPR & PFA (AM),0,24,true,2062828,2026-10-22T09:00:00+10:00,Provide First Aid (AM),PFA-011,0,24,24,true
has_room,FRANKSTON,109339,CPR & PFA (AM),0,24,true,2062820,2026-10-26T09:00:00+10:00,Provide CPR (AM),CPR-009,0,8,8,true
has_room,FRANKSTON,109339,CPR & PFA (AM),0,24,true,2062829,2026-10-26T09:00:00+10:00,Provide First Aid (AM),PFA-011,0,24,24,true
has_room,FRANKSTON,109340,CPR & PFA (AM),0,24,true,2062821,2026-10-29T09:00:00+10:00,Provide CPR (AM),CPR-009,0,8,8,true
has_room,FRANKSTON,109340,CPR & PFA (AM),0,24,true,2062830,2026-10-29T09:00:00+10:00,Provide First Aid (AM),PFA-011,0,24,24,true
has_room,FRANKSTON,109341,CPR/PFA/EFA,0,24,true,2062840,2026-10-03T09:00:00+10:00,Provide CPR (AM),CPR-009,0,8,8,true
has_room,FRANKSTON,109341,CPR/PFA/EFA,0,24,true,2062845,2026-10-03T09:00:00+10:00,Provide First Aid (AM),PFA-011,0,24,24,true
has_room,FRANKSTON,109341,CPR/PFA/EFA,0,24,true,2062850,2026-10-03T09:00:00+10:00,Childcare First Aid (AM),EFA-012,0,24,24,true
has_room,FRANKSTON,109342,CPR/PFA/EFA,0,24,true,2062841,2026-10-10T09:00:00+10:00,Provide CPR (AM),CPR-009,0,8,8,true
has_room,FRANKSTON,109342,CPR/PFA/EFA,0,24,true,2062846,2026-10-10T09:00:00+10:00,Provide First Aid (AM),PFA-011,0,24,24,true
has_room,FRANKSTON,109342,CPR/PFA/EFA,0,24,true,2062851,2026-10-10T09:00:00+10:00,Childcare First Aid (AM),EFA-012,0,24,24,true
has_room,FRANKSTON,109343,CPR/PFA/EFA,0,24,true,2062842,2026-10-17T09:00:00+10:00,Provide CPR (AM),CPR-009,0,8,8,true
has_room,FRANKSTON,109343,CPR/PFA/EFA,0,24,true,2062847,2026-10-17T09:00:00+10:00,Provide First Aid (AM),PFA-011,0,24,24,true
has_room,FRANKSTON,109343,CPR/PFA/EFA,0,24,true,2062852,2026-10-17T09:00:00+10:00,Childcare First Aid (AM),EFA-012,0,24,24,true
has_room,FRANKSTON,109344,CPR/PFA/EFA,0,24,true,2062843,2026-10-24T09:00:00+10:00,Provide CPR (AM),CPR-009,0,8,8,true
has_room,FRANKSTON,109344,CPR/PFA/EFA,0,24,true,2062848,2026-10-24T09:00:00+10:00,Provide First Aid (AM),PFA-011,0,24,24,true
has_room,FRANKSTON,109344,CPR/PFA/EFA,0,24,true,2062853,2026-10-24T09:00:00+10:00,Childcare First Aid (AM),EFA-012,0,24,24,true
has_room,FRANKSTON,109345,CPR/PFA/EFA,0,24,true,2062844,2026-10-31T09:00:00+10:00,Provide CPR (AM),CPR-009,0,8,8,true
has_room,FRANKSTON,109345,CPR/PFA/EFA,0,24,true,2062849,2026-10-31T09:00:00+10:00,Provide First Aid (AM),PFA-011,0,24,24,true
has_room,FRANKSTON,109345,CPR/PFA/EFA,0,24,true,2062854,2026-10-31T09:00:00+10:00,Childcare First Aid (AM),EFA-012,0,24,24,true
has_room,FREMANTLE,107683,CPR & PFA (AM),17,30,true,2057816,2026-08-31T09:00:00+10:00,Provide CPR (AM),CPR-009,6,10,4,true
has_room,FREMANTLE,107683,CPR & PFA (AM),17,30,true,2057822,2026-08-31T09:00:00+10:00,Provide First Aid (AM),PFA-011,11,30,19,true
has_room,FREMANTLE,108643,CPR/PFA/EFA,12,30,true,2060718,2026-09-06T09:00:00+10:00,Provide CPR (AM),CPR-009,3,30,27,true
has_room,FREMANTLE,108643,CPR/PFA/EFA,12,30,true,2060720,2026-09-06T09:00:00+10:00,Provide First Aid (AM),PFA-011,8,30,22,true
has_room,FREMANTLE,108643,CPR/PFA/EFA,12,30,true,2060722,2026-09-06T09:00:00+10:00,Childcare First Aid (AM),EFA-012,1,30,29,true
has_room,FREMANTLE,108644,CPR/PFA/EFA,8,30,true,2060719,2026-09-13T09:00:00+10:00,Provide CPR (AM),CPR-009,2,30,28,true
has_room,FREMANTLE,108644,CPR/PFA/EFA,8,30,true,2060721,2026-09-13T09:00:00+10:00,Provide First Aid (AM),PFA-011,5,30,25,true
has_room,FREMANTLE,108644,CPR/PFA/EFA,8,30,true,2060723,2026-09-13T09:00:00+10:00,Childcare First Aid (AM),EFA-012,1,30,29,true
has_room,FREMANTLE,108645,CPR & PFA (AM),9,30,true,2060724,2026-09-03T09:00:00+10:00,Provide CPR (AM),CPR-009,3,10,7,true
has_room,FREMANTLE,108645,CPR & PFA (AM),9,30,true,2060728,2026-09-03T09:00:00+10:00,Provide First Aid (AM),PFA-011,6,30,24,true
has_room,FREMANTLE,108646,CPR & PFA (AM),5,30,true,2060725,2026-09-09T09:00:00+10:00,Provide CPR (AM),CPR-009,2,10,8,true
has_room,FREMANTLE,108646,CPR & PFA (AM),5,30,true,2060729,2026-09-09T09:00:00+10:00,Provide First Aid (AM),PFA-011,3,30,27,true
has_room,FREMANTLE,108647,CPR & PFA (AM),5,30,true,2060726,2026-09-16T09:00:00+10:00,Provide CPR (AM),CPR-009,2,10,8,true
has_room,FREMANTLE,108647,CPR & PFA (AM),5,30,true,2060730,2026-09-16T09:00:00+10:00,Provide First Aid (AM),PFA-011,3,30,27,true
has_room,FREMANTLE,108648,CPR & PFA (AM),6,30,true,2060727,2026-09-23T09:00:00+10:00,Provide CPR (AM),CPR-009,2,10,8,true
has_room,FREMANTLE,108648,CPR & PFA (AM),6,30,true,2060731,2026-09-23T09:00:00+10:00,Provide First Aid (AM),PFA-011,4,30,26,true
has_room,FREMANTLE,109097,CPR & PFA (AM),1,30,true,2062107,2026-10-07T09:00:00+10:00,Provide CPR (AM),CPR-009,1,10,9,true
has_room,FREMANTLE,109097,CPR & PFA (AM),1,30,true,2062111,2026-10-07T09:00:00+10:00,Provide First Aid (AM),PFA-011,0,30,30,true
has_room,FREMANTLE,109098,CPR & PFA (AM),0,30,true,2062108,2026-10-14T09:00:00+10:00,Provide CPR (AM),CPR-009,0,10,10,true
has_room,FREMANTLE,109098,CPR & PFA (AM),0,30,true,2062112,2026-10-14T09:00:00+10:00,Provide First Aid (AM),PFA-011,0,30,30,true
has_room,FREMANTLE,109099,CPR & PFA (AM),0,30,true,2062109,2026-10-21T09:00:00+10:00,Provide CPR (AM),CPR-009,0,10,10,true
has_room,FREMANTLE,109099,CPR & PFA (AM),0,30,true,2062113,2026-10-21T09:00:00+10:00,Provide First Aid (AM),PFA-011,0,30,30,true
has_room,FREMANTLE,109100,CPR & PFA (AM),1,30,true,2062110,2026-10-28T09:00:00+10:00,Provide CPR (AM),CPR-009,0,10,10,true
has_room,FREMANTLE,109100,CPR & PFA (AM),1,30,true,2062114,2026-10-28T09:00:00+10:00,Provide First Aid (AM),PFA-011,1,30,29,true
has_room,FREMANTLE,109101,CPR/PFA/EFA,0,30,true,2062115,2026-10-04T09:00:00+10:00,Provide CPR (AM),CPR-009,0,30,30,true
has_room,FREMANTLE,109101,CPR/PFA/EFA,0,30,true,2062117,2026-10-04T09:00:00+10:00,Provide First Aid (AM),PFA-011,0,30,30,true
has_room,FREMANTLE,109101,CPR/PFA/EFA,0,30,true,2062119,2026-10-04T09:00:00+10:00,Childcare First Aid (AM),EFA-012,0,30,30,true
has_room,FREMANTLE,109102,CPR/PFA/EFA,1,30,true,2062116,2026-10-18T09:00:00+10:00,Provide CPR (AM),CPR-009,0,30,30,true
has_room,FREMANTLE,109102,CPR/PFA/EFA,1,30,true,2062118,2026-10-18T09:00:00+10:00,Provide First Aid (AM),PFA-011,0,30,30,true
has_room,FREMANTLE,109102,CPR/PFA/EFA,1,30,true,2062120,2026-10-18T09:00:00+10:00,Childcare First Aid (AM),EFA-012,1,30,29,true
has_room,GATTON,107106,CPR & PFA (AM),23,24,true,2056108,2026-08-27T09:00:00+10:00,Provide CPR (AM),CPR-009,12,12,0,true
has_room,GATTON,107106,CPR & PFA (AM),23,24,true,2056110,2026-08-27T09:00:00+10:00,Provide First Aid (AM),PFA-011,11,24,13,true
has_room,GATTON,108039,CPR/PFA/EFA,9,24,true,2058892,2026-09-09T09:00:00+10:00,Provide CPR (AM),CPR-009,2,8,6,true
has_room,GATTON,108039,CPR/PFA/EFA,9,24,true,2058894,2026-09-09T09:00:00+10:00,Childcare First Aid (AM),EFA-012,0,24,24,true
has_room,GATTON,108039,CPR/PFA/EFA,9,24,true,2058896,2026-09-09T09:00:00+10:00,Provide First Aid (AM),PFA-011,7,24,17,true
has_room,GATTON,108040,CPR/PFA/EFA,5,24,true,2058893,2026-09-16T09:00:00+10:00,Provide CPR (AM),CPR-009,3,8,5,true
has_room,GATTON,108040,CPR/PFA/EFA,5,24,true,2058895,2026-09-16T09:00:00+10:00,Childcare First Aid (AM),EFA-012,0,24,24,true
has_room,GATTON,108040,CPR/PFA/EFA,5,24,true,2058897,2026-09-16T09:00:00+10:00,Provide First Aid (AM),PFA-011,2,24,22,true
has_room,GATTON,108041,CPR & PFA (AM),15,24,true,2058898,2026-09-03T09:00:00+10:00,Provide CPR (AM),CPR-009,5,8,3,true
has_room,GATTON,108041,CPR & PFA (AM),15,24,true,2058900,2026-09-03T09:00:00+10:00,Provide First Aid (AM),PFA-011,10,24,14,true
has_room,GATTON,108042,CPR & PFA (AM),2,24,true,2058899,2026-09-24T09:00:00+10:00,Provide CPR (AM),CPR-009,0,8,8,true
has_room,GATTON,108042,CPR & PFA (AM),2,24,true,2058901,2026-09-24T09:00:00+10:00,Provide First Aid (AM),PFA-011,2,24,22,true
has_room,GATTON,109601,CPR & PFA (AM),0,24,true,2063604,2026-10-01T09:00:00+10:00,Provide CPR (AM),CPR-009,0,8,8,true
has_room,GATTON,109601,CPR & PFA (AM),0,24,true,2063607,2026-10-01T09:00:00+10:00,Provide First Aid (AM),PFA-011,0,24,24,true
has_room,GATTON,109602,CPR & PFA (AM),0,24,true,2063605,2026-10-22T09:00:00+10:00,Provide CPR (AM),CPR-009,0,8,8,true
has_room,GATTON,109602,CPR & PFA (AM),0,24,true,2063608,2026-10-22T09:00:00+10:00,Provide First Aid (AM),PFA-011,0,24,24,true
has_room,GATTON,109603,CPR & PFA (AM),0,24,true,2063606,2026-10-29T09:00:00+10:00,Provide CPR (AM),CPR-009,0,8,8,true
has_room,GATTON,109603,CPR & PFA (AM),0,24,true,2063609,2026-10-29T09:00:00+10:00,Provide First Aid (AM),PFA-011,0,24,24,true
has_room,GATTON,109604,CPR/PFA/EFA,0,24,true,2063610,2026-10-07T09:00:00+10:00,Provide CPR (AM),CPR-009,0,8,8,true
has_room,GATTON,109604,CPR/PFA/EFA,0,24,true,2063612,2026-10-07T09:00:00+10:00,Childcare First Aid (AM),EFA-012,0,24,24,true
has_room,GATTON,109604,CPR/PFA/EFA,0,24,true,2063614,2026-10-07T09:00:00+10:00,Provide First Aid (AM),PFA-011,0,24,24,true
has_room,GATTON,109605,CPR/PFA/EFA,0,24,true,2063611,2026-10-14T09:00:00+10:00,Provide CPR (AM),CPR-009,0,8,8,true
has_room,GATTON,109605,CPR/PFA/EFA,0,24,true,2063613,2026-10-14T09:00:00+10:00,Childcare First Aid (AM),EFA-012,0,24,24,true
has_room,GATTON,109605,CPR/PFA/EFA,0,24,true,2063615,2026-10-14T09:00:00+10:00,Provide First Aid (AM),PFA-011,0,24,24,true
over_cap,GEELONG,107551,CPR/PFA/EFA,20,13,true,2057422,2026-08-29T09:00:00+10:00,Provide CPR (AM),CPR-009,6,6,0,true
over_cap,GEELONG,107551,CPR/PFA/EFA,20,13,true,2057427,2026-08-29T09:00:00+10:00,Provide First Aid (AM),PFA-011,13,13,0,true
over_cap,GEELONG,107551,CPR/PFA/EFA,20,13,true,2057432,2026-08-29T09:00:00+10:00,Childcare First Aid (AM),EFA-012,1,1,0,true
has_room,GEELONG,108504,CPR/PFA/EFA,4,20,true,2060296,2026-09-05T09:00:00+10:00,Provide CPR (AM),CPR-009,1,8,7,true
has_room,GEELONG,108504,CPR/PFA/EFA,4,20,true,2060300,2026-09-05T09:00:00+10:00,Provide First Aid (AM),PFA-011,3,20,17,true
has_room,GEELONG,108504,CPR/PFA/EFA,4,20,true,2060304,2026-09-05T09:00:00+10:00,Childcare First Aid (AM),EFA-012,0,20,20,true
has_room,GEELONG,108505,CPR/PFA/EFA,1,20,true,2060297,2026-09-12T09:00:00+10:00,Provide CPR (AM),CPR-009,0,8,8,true
has_room,GEELONG,108505,CPR/PFA/EFA,1,20,true,2060301,2026-09-12T09:00:00+10:00,Provide First Aid (AM),PFA-011,1,20,19,true
has_room,GEELONG,108505,CPR/PFA/EFA,1,20,true,2060305,2026-09-12T09:00:00+10:00,Childcare First Aid (AM),EFA-012,0,20,20,true
has_room,GEELONG,108506,CPR/PFA/EFA,3,20,true,2060298,2026-09-19T09:00:00+10:00,Provide CPR (AM),CPR-009,2,8,6,true
has_room,GEELONG,108506,CPR/PFA/EFA,3,20,true,2060302,2026-09-19T09:00:00+10:00,Provide First Aid (AM),PFA-011,1,20,19,true
has_room,GEELONG,108506,CPR/PFA/EFA,3,20,true,2060306,2026-09-19T09:00:00+10:00,Childcare First Aid (AM),EFA-012,0,20,20,true
has_room,GEELONG,108507,CPR/PFA/EFA,1,20,true,2060299,2026-09-26T09:00:00+10:00,Provide CPR (AM),CPR-009,0,8,8,true
has_room,GEELONG,108507,CPR/PFA/EFA,1,20,true,2060303,2026-09-26T09:00:00+10:00,Provide First Aid (AM),PFA-011,1,20,19,true
has_room,GEELONG,108507,CPR/PFA/EFA,1,20,true,2060307,2026-09-26T09:00:00+10:00,Childcare First Aid (AM),EFA-012,0,20,20,true
has_room,GEELONG,108508,CPR & PFA (AM),11,20,true,2060308,2026-09-01T09:00:00+10:00,Provide CPR (AM),CPR-009,4,10,6,true
has_room,GEELONG,108508,CPR & PFA (AM),11,20,true,2060316,2026-09-01T09:00:00+10:00,Provide First Aid (AM),PFA-011,7,20,13,true
has_room,GEELONG,108509,CPR & PFA (AM),2,20,true,2060309,2026-09-08T09:00:00+10:00,Provide CPR (AM),CPR-009,2,10,8,true
has_room,GEELONG,108509,CPR & PFA (AM),2,20,true,2060317,2026-09-08T09:00:00+10:00,Provide First Aid (AM),PFA-011,0,20,20,true
has_room,GEELONG,108510,CPR & PFA (AM),4,20,true,2060310,2026-09-11T09:00:00+10:00,Provide CPR (AM),CPR-009,0,10,10,true
has_room,GEELONG,108510,CPR & PFA (AM),4,20,true,2060318,2026-09-11T09:00:00+10:00,Provide First Aid (AM),PFA-011,4,20,16,true
has_room,GEELONG,108511,CPR & PFA (AM),5,20,true,2060311,2026-09-14T09:00:00+10:00,Provide CPR (AM),CPR-009,1,10,9,true
has_room,GEELONG,108511,CPR & PFA (AM),5,20,true,2060319,2026-09-14T09:00:00+10:00,Provide First Aid (AM),PFA-011,4,20,16,true
has_room,GEELONG,108512,CPR & PFA (AM),6,20,true,2060312,2026-09-16T09:00:00+10:00,Provide CPR (AM),CPR-009,4,10,6,true
has_room,GEELONG,108512,CPR & PFA (AM),6,20,true,2060320,2026-09-16T09:00:00+10:00,Provide First Aid (AM),PFA-011,2,20,18,true
has_room,GEELONG,108513,CPR & PFA (AM),1,20,true,2060313,2026-09-18T09:00:00+10:00,Provide CPR (AM),CPR-009,0,10,10,true
has_room,GEELONG,108513,CPR & PFA (AM),1,20,true,2060321,2026-09-18T09:00:00+10:00,Provide First Aid (AM),PFA-011,1,20,19,true
has_room,GEELONG,108514,CPR & PFA (AM),6,20,true,2060314,2026-09-22T09:00:00+10:00,Provide CPR (AM),CPR-009,1,10,9,true
has_room,GEELONG,108514,CPR & PFA (AM),6,20,true,2060322,2026-09-22T09:00:00+10:00,Provide First Aid (AM),PFA-011,5,20,15,true
has_room,GEELONG,108515,CPR & PFA (AM),0,20,true,2060315,2026-09-29T09:00:00+10:00,Provide CPR (AM),CPR-009,0,10,10,true
has_room,GEELONG,108515,CPR & PFA (AM),0,20,true,2060323,2026-09-29T09:00:00+10:00,Provide First Aid (AM),PFA-011,0,20,20,true
has_room,GEELONG,109257,CPR & PFA (AM),0,20,true,2062597,2026-10-06T09:00:00+10:00,Provide CPR (AM),CPR-009,0,10,10,true
has_room,GEELONG,109257,CPR & PFA (AM),0,20,true,2062605,2026-10-06T09:00:00+10:00,Provide First Aid (AM),PFA-011,0,20,20,true
has_room,GEELONG,109258,CPR & PFA (AM),0,20,true,2062598,2026-10-09T09:00:00+10:00,Provide CPR (AM),CPR-009,0,10,10,true
has_room,GEELONG,109258,CPR & PFA (AM),0,20,true,2062606,2026-10-09T09:00:00+10:00,Provide First Aid (AM),PFA-011,0,20,20,true
has_room,GEELONG,109259,CPR & PFA (AM),0,20,true,2062599,2026-10-12T09:00:00+10:00,Provide CPR (AM),CPR-009,0,10,10,true
has_room,GEELONG,109259,CPR & PFA (AM),0,20,true,2062607,2026-10-12T09:00:00+10:00,Provide First Aid (AM),PFA-011,0,20,20,true
has_room,GEELONG,109260,CPR & PFA (AM),0,20,true,2062600,2026-10-14T09:00:00+10:00,Provide CPR (AM),CPR-009,0,10,10,true
has_room,GEELONG,109260,CPR & PFA (AM),0,20,true,2062608,2026-10-14T09:00:00+10:00,Provide First Aid (AM),PFA-011,0,20,20,true
has_room,GEELONG,109261,CPR & PFA (AM),0,20,true,2062601,2026-10-16T09:00:00+10:00,Provide CPR (AM),CPR-009,0,10,10,true
has_room,GEELONG,109261,CPR & PFA (AM),0,20,true,2062609,2026-10-16T09:00:00+10:00,Provide First Aid (AM),PFA-011,0,20,20,true
has_room,GEELONG,109262,CPR & PFA (AM),0,20,true,2062602,2026-10-20T09:00:00+10:00,Provide CPR (AM),CPR-009,0,10,10,true
has_room,GEELONG,109262,CPR & PFA (AM),0,20,true,2062610,2026-10-20T09:00:00+10:00,Provide First Aid (AM),PFA-011,0,20,20,true
has_room,GEELONG,109263,CPR & PFA (AM),0,20,true,2062603,2026-10-27T09:00:00+10:00,Provide CPR (AM),CPR-009,0,10,10,true
has_room,GEELONG,109263,CPR & PFA (AM),0,20,true,2062611,2026-10-27T09:00:00+10:00,Provide First Aid (AM),PFA-011,0,20,20,true
has_room,GEELONG,109264,CPR & PFA (AM),0,20,true,2062604,2026-10-30T09:00:00+10:00,Provide CPR (AM),CPR-009,0,10,10,true
has_room,GEELONG,109264,CPR & PFA (AM),0,20,true,2062612,2026-10-30T09:00:00+10:00,Provide First Aid (AM),PFA-011,0,20,20,true
has_room,GEELONG,109265,CPR/PFA/EFA,0,20,true,2062613,2026-10-03T09:00:00+10:00,Provide CPR (AM),CPR-009,0,8,8,true
has_room,GEELONG,109265,CPR/PFA/EFA,0,20,true,2062618,2026-10-03T09:00:00+10:00,Provide First Aid (AM),PFA-011,0,20,20,true
has_room,GEELONG,109265,CPR/PFA/EFA,0,20,true,2062623,2026-10-03T09:00:00+10:00,Childcare First Aid (AM),EFA-012,0,20,20,true
has_room,GEELONG,109266,CPR/PFA/EFA,0,20,true,2062614,2026-10-10T09:00:00+10:00,Provide CPR (AM),CPR-009,0,8,8,true
has_room,GEELONG,109266,CPR/PFA/EFA,0,20,true,2062619,2026-10-10T09:00:00+10:00,Provide First Aid (AM),PFA-011,0,20,20,true
has_room,GEELONG,109266,CPR/PFA/EFA,0,20,true,2062624,2026-10-10T09:00:00+10:00,Childcare First Aid (AM),EFA-012,0,20,20,true
has_room,GEELONG,109267,CPR/PFA/EFA,0,20,true,2062615,2026-10-17T09:00:00+10:00,Provide CPR (AM),CPR-009,0,8,8,true
has_room,GEELONG,109267,CPR/PFA/EFA,0,20,true,2062620,2026-10-17T09:00:00+10:00,Provide First Aid (AM),PFA-011,0,20,20,true
has_room,GEELONG,109267,CPR/PFA/EFA,0,20,true,2062625,2026-10-17T09:00:00+10:00,Childcare First Aid (AM),EFA-012,0,20,20,true
has_room,GEELONG,109268,CPR/PFA/EFA,0,20,true,2062616,2026-10-24T09:00:00+10:00,Provide CPR (AM),CPR-009,0,8,8,true
has_room,GEELONG,109268,CPR/PFA/EFA,0,20,true,2062621,2026-10-24T09:00:00+10:00,Provide First Aid (AM),PFA-011,0,20,20,true
has_room,GEELONG,109268,CPR/PFA/EFA,0,20,true,2062626,2026-10-24T09:00:00+10:00,Childcare First Aid (AM),EFA-012,0,20,20,true
has_room,GEELONG,109269,CPR/PFA/EFA,0,20,true,2062617,2026-10-31T09:00:00+10:00,Provide CPR (AM),CPR-009,0,8,8,true
has_room,GEELONG,109269,CPR/PFA/EFA,0,20,true,2062622,2026-10-31T09:00:00+10:00,Provide First Aid (AM),PFA-011,0,20,20,true
has_room,GEELONG,109269,CPR/PFA/EFA,0,20,true,2062627,2026-10-31T09:00:00+10:00,Childcare First Aid (AM),EFA-012,0,20,20,true
has_room,GLADSTONE,107288,CPR/PFA/EFA,16,24,true,2056646,2026-08-29T09:00:00+10:00,Provide CPR (AM),CPR-009,1,24,23,true
has_room,GLADSTONE,107288,CPR/PFA/EFA,16,24,true,2056650,2026-08-29T09:00:00+10:00,Provide First Aid (AM),PFA-011,12,24,12,true
has_room,GLADSTONE,107288,CPR/PFA/EFA,16,24,true,2056654,2026-08-29T09:00:00+10:00,Childcare First Aid (AM),EFA-012,3,24,21,true
has_room,GLADSTONE,107294,CPR & PFA (AM),10,24,true,2056660,2026-08-31T09:00:00+10:00,Provide CPR (AM),CPR-009,1,24,23,true
has_room,GLADSTONE,107294,CPR & PFA (AM),10,24,true,2056666,2026-08-31T09:00:00+10:00,Provide First Aid (AM),PFA-011,9,24,15,true
has_room,GLADSTONE,108229,CPR/PFA/EFA,10,24,true,2059464,2026-09-05T09:00:00+10:00,Provide CPR (AM),CPR-009,3,24,21,true
has_room,GLADSTONE,108229,CPR/PFA/EFA,10,24,true,2059467,2026-09-05T09:00:00+10:00,Provide First Aid (AM),PFA-011,7,24,17,true
has_room,GLADSTONE,108229,CPR/PFA/EFA,10,24,true,2059470,2026-09-05T09:00:00+10:00,Childcare First Aid (AM),EFA-012,0,24,24,true
has_room,GLADSTONE,108230,CPR/PFA/EFA,0,24,true,2059465,2026-09-19T09:00:00+10:00,Provide CPR (AM),CPR-009,0,24,24,true
has_room,GLADSTONE,108230,CPR/PFA/EFA,0,24,true,2059468,2026-09-19T09:00:00+10:00,Provide First Aid (AM),PFA-011,0,24,24,true
has_room,GLADSTONE,108230,CPR/PFA/EFA,0,24,true,2059471,2026-09-19T09:00:00+10:00,Childcare First Aid (AM),EFA-012,0,24,24,true
has_room,GLADSTONE,108231,CPR/PFA/EFA,0,24,true,2059466,2026-09-26T09:00:00+10:00,Provide CPR (AM),CPR-009,0,24,24,true
has_room,GLADSTONE,108231,CPR/PFA/EFA,0,24,true,2059469,2026-09-26T09:00:00+10:00,Provide First Aid (AM),PFA-011,0,24,24,true
has_room,GLADSTONE,108231,CPR/PFA/EFA,0,24,true,2059472,2026-09-26T09:00:00+10:00,Childcare First Aid (AM),EFA-012,0,24,24,true
has_room,GLADSTONE,108232,CPR & PFA (AM),9,24,true,2059473,2026-09-04T09:00:00+10:00,Provide CPR (AM),CPR-009,3,24,21,true
has_room,GLADSTONE,108232,CPR & PFA (AM),9,24,true,2059480,2026-09-04T09:00:00+10:00,Provide First Aid (AM),PFA-011,6,24,18,true
has_room,GLADSTONE,108233,CPR & PFA (AM),3,24,true,2059474,2026-09-07T09:00:00+10:00,Provide CPR (AM),CPR-009,1,24,23,true
has_room,GLADSTONE,108233,CPR & PFA (AM),3,24,true,2059481,2026-09-07T09:00:00+10:00,Provide First Aid (AM),PFA-011,2,24,22,true
has_room,GLADSTONE,108234,CPR & PFA (AM),1,24,true,2059475,2026-09-11T09:00:00+10:00,Provide CPR (AM),CPR-009,1,24,23,true
has_room,GLADSTONE,108234,CPR & PFA (AM),1,24,true,2059482,2026-09-11T09:00:00+10:00,Provide First Aid (AM),PFA-011,0,24,24,true
has_room,GLADSTONE,108235,CPR & PFA (AM),2,24,true,2059476,2026-09-15T09:00:00+10:00,Provide CPR (AM),CPR-009,1,24,23,true
has_room,GLADSTONE,108235,CPR & PFA (AM),2,24,true,2059483,2026-09-15T09:00:00+10:00,Provide First Aid (AM),PFA-011,1,24,23,true
has_room,GLADSTONE,108236,CPR & PFA (AM),0,24,true,2059477,2026-09-21T09:00:00+10:00,Provide CPR (AM),CPR-009,0,24,24,true
has_room,GLADSTONE,108236,CPR & PFA (AM),0,24,true,2059484,2026-09-21T09:00:00+10:00,Provide First Aid (AM),PFA-011,0,24,24,true
has_room,GLADSTONE,108237,CPR & PFA (AM),0,24,true,2059478,2026-09-25T09:00:00+10:00,Provide CPR (AM),CPR-009,0,24,24,true
has_room,GLADSTONE,108237,CPR & PFA (AM),0,24,true,2059485,2026-09-25T09:00:00+10:00,Provide First Aid (AM),PFA-011,0,24,24,true
has_room,GLADSTONE,108238,CPR & PFA (AM),0,24,true,2059479,2026-09-28T09:00:00+10:00,Provide CPR (AM),CPR-009,0,24,24,true
has_room,GLADSTONE,108238,CPR & PFA (AM),0,24,true,2059486,2026-09-28T09:00:00+10:00,Provide First Aid (AM),PFA-011,0,24,24,true
has_room,GLADSTONE,108881,CPR & PFA (AM),0,24,true,2061461,2026-10-02T09:00:00+10:00,Provide CPR (AM),CPR-009,0,24,24,true
has_room,GLADSTONE,108881,CPR & PFA (AM),0,24,true,2061468,2026-10-02T09:00:00+10:00,Provide First Aid (AM),PFA-011,0,24,24,true
has_room,GLADSTONE,108882,CPR & PFA (AM),0,24,true,2061462,2026-10-07T09:00:00+10:00,Provide CPR (AM),CPR-009,0,24,24,true
has_room,GLADSTONE,108882,CPR & PFA (AM),0,24,true,2061469,2026-10-07T09:00:00+10:00,Provide First Aid (AM),PFA-011,0,24,24,true
has_room,GLADSTONE,108883,CPR & PFA (AM),0,24,true,2061463,2026-10-13T09:00:00+10:00,Provide CPR (AM),CPR-009,0,24,24,true
has_room,GLADSTONE,108883,CPR & PFA (AM),0,24,true,2061470,2026-10-13T09:00:00+10:00,Provide First Aid (AM),PFA-011,0,24,24,true
has_room,GLADSTONE,108884,CPR & PFA (AM),0,24,true,2061464,2026-10-19T09:00:00+10:00,Provide CPR (AM),CPR-009,0,24,24,true
has_room,GLADSTONE,108884,CPR & PFA (AM),0,24,true,2061471,2026-10-19T09:00:00+10:00,Provide First Aid (AM),PFA-011,0,24,24,true
has_room,GLADSTONE,108885,CPR & PFA (AM),0,24,true,2061465,2026-10-23T09:00:00+10:00,Provide CPR (AM),CPR-009,0,24,24,true
has_room,GLADSTONE,108885,CPR & PFA (AM),0,24,true,2061472,2026-10-23T09:00:00+10:00,Provide First Aid (AM),PFA-011,0,24,24,true
has_room,GLADSTONE,108886,CPR & PFA (AM),0,24,true,2061466,2026-10-26T09:00:00+10:00,Provide CPR (AM),CPR-009,0,24,24,true
has_room,GLADSTONE,108886,CPR & PFA (AM),0,24,true,2061473,2026-10-26T09:00:00+10:00,Provide First Aid (AM),PFA-011,0,24,24,true
has_room,GLADSTONE,108887,CPR & PFA (AM),0,24,true,2061467,2026-10-30T09:00:00+10:00,Provide CPR (AM),CPR-009,0,24,24,true
has_room,GLADSTONE,108887,CPR & PFA (AM),0,24,true,2061474,2026-10-30T09:00:00+10:00,Provide First Aid (AM),PFA-011,0,24,24,true
has_room,GLADSTONE,108888,CPR/PFA/EFA,0,24,true,2061482,2026-10-03T09:00:00+10:00,Provide CPR (AM),CPR-009,0,24,24,true
has_room,GLADSTONE,108888,CPR/PFA/EFA,0,24,true,2061486,2026-10-03T09:00:00+10:00,Provide First Aid (AM),PFA-011,0,24,24,true
has_room,GLADSTONE,108888,CPR/PFA/EFA,0,24,true,2061490,2026-10-03T09:00:00+10:00,Childcare First Aid (AM),EFA-012,0,24,24,true
has_room,GLADSTONE,108889,CPR/PFA/EFA,0,24,true,2061483,2026-10-17T09:00:00+10:00,Provide CPR (AM),CPR-009,0,24,24,true
has_room,GLADSTONE,108889,CPR/PFA/EFA,0,24,true,2061487,2026-10-17T09:00:00+10:00,Provide First Aid (AM),PFA-011,0,24,24,true
has_room,GLADSTONE,108889,CPR/PFA/EFA,0,24,true,2061491,2026-10-17T09:00:00+10:00,Childcare First Aid (AM),EFA-012,0,24,24,true
has_room,GLADSTONE,108890,CPR/PFA/EFA,1,24,true,2061484,2026-10-24T09:00:00+10:00,Provide CPR (AM),CPR-009,0,24,24,true
has_room,GLADSTONE,108890,CPR/PFA/EFA,1,24,true,2061488,2026-10-24T09:00:00+10:00,Provide First Aid (AM),PFA-011,0,24,24,true
has_room,GLADSTONE,108890,CPR/PFA/EFA,1,24,true,2061492,2026-10-24T09:00:00+10:00,Childcare First Aid (AM),EFA-012,1,24,23,true
has_room,GLADSTONE,108891,CPR/PFA/EFA,0,24,true,2061485,2026-10-31T09:00:00+10:00,Provide CPR (AM),CPR-009,0,24,24,true
has_room,GLADSTONE,108891,CPR/PFA/EFA,0,24,true,2061489,2026-10-31T09:00:00+10:00,Provide First Aid (AM),PFA-011,0,24,24,true
has_room,GLADSTONE,108891,CPR/PFA/EFA,0,24,true,2061493,2026-10-31T09:00:00+10:00,Childcare First Aid (AM),EFA-012,0,24,24,true
has_room,GOSFORD,108431,CPR/PFA/EFA,1,24,true,2060059,2026-09-26T09:00:00+10:00,Provide CPR (AM),CPR-009,0,8,8,true
has_room,GOSFORD,108431,CPR/PFA/EFA,1,24,true,2060060,2026-09-26T09:00:00+10:00,Provide First Aid (AM),PFA-011,0,24,24,true
has_room,GOSFORD,108431,CPR/PFA/EFA,1,24,true,2060061,2026-09-26T09:00:00+10:00,Childcare First Aid (AM),EFA-012,1,24,23,true
has_room,GOSFORD,108432,CPR & PFA (AM),6,24,true,2060062,2026-09-08T09:00:00+10:00,Provide CPR (AM),CPR-009,2,8,6,true
has_room,GOSFORD,108432,CPR & PFA (AM),6,24,true,2060063,2026-09-08T09:00:00+10:00,Provide First Aid (AM),PFA-011,4,24,20,true
has_room,GOSFORD,109050,CPR & PFA (AM),0,24,true,2061964,2026-10-06T09:00:00+10:00,Provide CPR (AM),CPR-009,0,8,8,true
has_room,GOSFORD,109050,CPR & PFA (AM),0,24,true,2061965,2026-10-06T09:00:00+10:00,Provide First Aid (AM),PFA-011,0,24,24,true
has_room,GOSFORD,109051,CPR & PFA (AM),1,24,true,2061966,2026-10-13T09:00:00+10:00,Provide CPR (AM),CPR-009,0,8,8,true
has_room,GOSFORD,109051,CPR & PFA (AM),1,24,true,2061967,2026-10-13T09:00:00+10:00,Provide First Aid (AM),PFA-011,1,24,23,true
has_room,GOSFORD,109052,CPR/PFA/EFA,1,24,true,2061968,2026-10-24T09:00:00+10:00,Provide CPR (AM),CPR-009,0,8,8,true
has_room,GOSFORD,109052,CPR/PFA/EFA,1,24,true,2061969,2026-10-24T09:00:00+10:00,Provide First Aid (AM),PFA-011,1,24,23,true
has_room,GOSFORD,109052,CPR/PFA/EFA,1,24,true,2061970,2026-10-24T09:00:00+10:00,Childcare First Aid (AM),EFA-012,0,24,24,true
has_room,GYMPIE,107215,CPR/PFA/EFA,20,24,true,2056431,2026-08-28T10:00:00+10:00,Provide CPR (AM),CPR-009,7,24,17,true
has_room,GYMPIE,107215,CPR/PFA/EFA,20,24,true,2056433,2026-08-28T10:00:00+10:00,Provide First Aid (AM),PFA-011,11,24,13,true
has_room,GYMPIE,107215,CPR/PFA/EFA,20,24,true,2056435,2026-08-28T10:00:00+10:00,Childcare First Aid (AM),EFA-012,2,24,22,true
has_room,GYMPIE,108147,CPR/PFA/EFA,1,24,true,2059211,2026-09-25T10:00:00+10:00,Provide CPR (AM),CPR-009,0,24,24,true
has_room,GYMPIE,108147,CPR/PFA/EFA,1,24,true,2059213,2026-09-25T10:00:00+10:00,Provide First Aid (AM),PFA-011,1,24,23,true
has_room,GYMPIE,108147,CPR/PFA/EFA,1,24,true,2059215,2026-09-25T10:00:00+10:00,Childcare First Aid (AM),EFA-012,0,24,24,true
has_room,GYMPIE,108149,CPR & PFA (AM),4,24,true,2059217,2026-09-14T10:00:00+10:00,Provide CPR (AM),CPR-009,1,24,23,true
has_room,GYMPIE,108149,CPR & PFA (AM),4,24,true,2059221,2026-09-14T10:00:00+10:00,Provide First Aid (AM),PFA-011,3,24,21,true
has_room,GYMPIE,108150,CPR & PFA (AM),3,24,true,2059218,2026-09-17T10:00:00+10:00,Provide CPR (AM),CPR-009,0,24,24,true
has_room,GYMPIE,108150,CPR & PFA (AM),3,24,true,2059222,2026-09-17T10:00:00+10:00,Provide First Aid (AM),PFA-011,3,24,21,true
has_room,GYMPIE,108151,CPR & PFA (AM),7,24,true,2059219,2026-09-21T10:00:00+10:00,Provide CPR (AM),CPR-009,5,24,19,true
has_room,GYMPIE,108151,CPR & PFA (AM),7,24,true,2059223,2026-09-21T10:00:00+10:00,Provide First Aid (AM),PFA-011,2,24,22,true
has_room,GYMPIE,109713,CPR & PFA (AM),0,24,true,2063938,2026-10-12T10:00:00+10:00,Provide CPR (AM),CPR-009,0,24,24,true
has_room,GYMPIE,109713,CPR & PFA (AM),0,24,true,2063942,2026-10-12T10:00:00+10:00,Provide First Aid (AM),PFA-011,0,24,24,true
has_room,GYMPIE,109714,CPR & PFA (AM),1,24,true,2063939,2026-10-15T10:00:00+10:00,Provide CPR (AM),CPR-009,0,24,24,true
has_room,GYMPIE,109714,CPR & PFA (AM),1,24,true,2063943,2026-10-15T10:00:00+10:00,Provide First Aid (AM),PFA-011,1,24,23,true
has_room,GYMPIE,109715,CPR & PFA (AM),0,24,true,2063940,2026-10-19T10:00:00+10:00,Provide CPR (AM),CPR-009,0,24,24,true
has_room,GYMPIE,109715,CPR & PFA (AM),0,24,true,2063944,2026-10-19T10:00:00+10:00,Provide First Aid (AM),PFA-011,0,24,24,true
has_room,GYMPIE,109716,CPR & PFA (AM),0,24,true,2063941,2026-10-30T10:00:00+10:00,Provide CPR (AM),CPR-009,0,24,24,true
has_room,GYMPIE,109716,CPR & PFA (AM),0,24,true,2063945,2026-10-30T10:00:00+10:00,Provide First Aid (AM),PFA-011,0,24,24,true
has_room,GYMPIE,109717,CPR/PFA/EFA,0,24,true,2063946,2026-10-08T10:00:00+10:00,Provide CPR (AM),CPR-009,0,24,24,true
has_room,GYMPIE,109717,CPR/PFA/EFA,0,24,true,2063948,2026-10-08T10:00:00+10:00,Provide First Aid (AM),PFA-011,0,24,24,true
has_room,GYMPIE,109717,CPR/PFA/EFA,0,24,true,2063950,2026-10-08T10:00:00+10:00,Childcare First Aid (AM),EFA-012,0,24,24,true
has_room,GYMPIE,109718,CPR/PFA/EFA,0,24,true,2063947,2026-10-23T10:00:00+10:00,Provide CPR (AM),CPR-009,0,24,24,true
has_room,GYMPIE,109718,CPR/PFA/EFA,0,24,true,2063949,2026-10-23T10:00:00+10:00,Provide First Aid (AM),PFA-011,0,24,24,true
has_room,GYMPIE,109718,CPR/PFA/EFA,0,24,true,2063951,2026-10-23T10:00:00+10:00,Childcare First Aid (AM),EFA-012,0,24,24,true
has_room,HERVEY BAY,107268,CPR/PFA/EFA,17,24,true,2056588,2026-08-29T09:00:00+10:00,Provide CPR (AM),CPR-009,5,24,19,true
has_room,HERVEY BAY,107268,CPR/PFA/EFA,17,24,true,2056591,2026-08-29T09:00:00+10:00,Provide First Aid (AM),PFA-011,10,24,14,true
has_room,HERVEY BAY,107268,CPR/PFA/EFA,17,24,true,2056594,2026-08-29T09:00:00+10:00,Childcare First Aid (AM),EFA-012,2,24,22,true
has_room,HERVEY BAY,107276,CPR & PFA (AM),21,24,true,2056602,2026-08-27T09:00:00+10:00,Provide CPR (AM),CPR-009,9,24,15,true
has_room,HERVEY BAY,107276,CPR & PFA (AM),21,24,true,2056611,2026-08-27T09:00:00+10:00,Provide First Aid (AM),PFA-011,12,24,12,true
has_room,HERVEY BAY,107277,CPR & PFA (AM),19,24,true,2056603,2026-08-31T09:00:00+10:00,Provide CPR (AM),CPR-009,12,24,12,true
has_room,HERVEY BAY,107277,CPR & PFA (AM),19,24,true,2056612,2026-08-31T09:00:00+10:00,Provide First Aid (AM),PFA-011,7,24,17,true
has_room,HERVEY BAY,108209,CPR/PFA/EFA,3,24,true,2059404,2026-09-05T09:00:00+10:00,Provide CPR (AM),CPR-009,1,24,23,true
has_room,HERVEY BAY,108209,CPR/PFA/EFA,3,24,true,2059406,2026-09-05T09:00:00+10:00,Provide First Aid (AM),PFA-011,1,24,23,true
has_room,HERVEY BAY,108209,CPR/PFA/EFA,3,24,true,2059408,2026-09-05T09:00:00+10:00,Childcare First Aid (AM),EFA-012,1,24,23,true
has_room,HERVEY BAY,108210,CPR/PFA/EFA,1,24,true,2059405,2026-09-19T09:00:00+10:00,Provide CPR (AM),CPR-009,0,24,24,true
has_room,HERVEY BAY,108210,CPR/PFA/EFA,1,24,true,2059407,2026-09-19T09:00:00+10:00,Provide First Aid (AM),PFA-011,1,24,23,true
has_room,HERVEY BAY,108210,CPR/PFA/EFA,1,24,true,2059409,2026-09-19T09:00:00+10:00,Childcare First Aid (AM),EFA-012,0,24,24,true
has_room,HERVEY BAY,108211,CPR & PFA (AM),14,24,true,2059410,2026-09-02T09:00:00+10:00,Provide CPR (AM),CPR-009,9,24,15,true
has_room,HERVEY BAY,108211,CPR & PFA (AM),14,24,true,2059419,2026-09-02T09:00:00+10:00,Provide First Aid (AM),PFA-011,5,24,19,true
has_room,HERVEY BAY,108212,CPR & PFA (AM),13,24,true,2059411,2026-09-07T09:00:00+10:00,Provide CPR (AM),CPR-009,7,24,17,true
has_room,HERVEY BAY,108212,CPR & PFA (AM),13,24,true,2059420,2026-09-07T09:00:00+10:00,Provide First Aid (AM),PFA-011,6,24,18,true
has_room,HERVEY BAY,108215,CPR & PFA (AM),1,24,true,2059414,2026-09-17T09:00:00+10:00,Provide CPR (AM),CPR-009,0,24,24,true
has_room,HERVEY BAY,108215,CPR & PFA (AM),1,24,true,2059423,2026-09-17T09:00:00+10:00,Provide First Aid (AM),PFA-011,1,24,23,true
has_room,HERVEY BAY,108216,CPR & PFA (AM),2,24,true,2059415,2026-09-21T09:00:00+10:00,Provide CPR (AM),CPR-009,1,24,23,true
has_room,HERVEY BAY,108216,CPR & PFA (AM),2,24,true,2059424,2026-09-21T09:00:00+10:00,Provide First Aid (AM),PFA-011,1,24,23,true
has_room,HERVEY BAY,108217,CPR & PFA (AM),0,24,true,2059416,2026-09-24T09:00:00+10:00,Provide CPR (AM),CPR-009,0,24,24,true
has_room,HERVEY BAY,108217,CPR & PFA (AM),0,24,true,2059425,2026-09-24T09:00:00+10:00,Provide First Aid (AM),PFA-011,0,24,24,true
has_room,HERVEY BAY,108218,CPR & PFA (AM),0,24,true,2059417,2026-09-28T09:00:00+10:00,Provide CPR (AM),CPR-009,0,24,24,true
has_room,HERVEY BAY,108218,CPR & PFA (AM),0,24,true,2059426,2026-09-28T09:00:00+10:00,Provide First Aid (AM),PFA-011,0,24,24,true
has_room,HERVEY BAY,108219,CPR & PFA (AM),0,24,true,2059418,2026-09-30T09:00:00+10:00,Provide CPR (AM),CPR-009,0,24,24,true
has_room,HERVEY BAY,108219,CPR & PFA (AM),0,24,true,2059427,2026-09-30T09:00:00+10:00,Provide First Aid (AM),PFA-011,0,24,24,true
has_room,HERVEY BAY,108866,CPR & PFA (AM),0,24,true,2061416,2026-10-05T09:00:00+10:00,Provide CPR (AM),CPR-009,0,24,24,true
has_room,HERVEY BAY,108866,CPR & PFA (AM),0,24,true,2061432,2026-10-05T09:00:00+10:00,Provide First Aid (AM),PFA-011,0,24,24,true
has_room,HERVEY BAY,108867,CPR & PFA (AM),0,24,true,2061417,2026-10-08T09:00:00+10:00,Provide CPR (AM),CPR-009,0,24,24,true
has_room,HERVEY BAY,108867,CPR & PFA (AM),0,24,true,2061433,2026-10-08T09:00:00+10:00,Provide First Aid (AM),PFA-011,0,24,24,true
has_room,HERVEY BAY,108868,CPR & PFA (AM),6,24,true,2061418,2026-10-12T09:00:00+10:00,Provide CPR (AM),CPR-009,0,24,24,true
has_room,HERVEY BAY,108868,CPR & PFA (AM),6,24,true,2061434,2026-10-12T09:00:00+10:00,Provide First Aid (AM),PFA-011,6,24,18,true
has_room,HERVEY BAY,108869,CPR & PFA (AM),0,24,true,2061419,2026-10-15T09:00:00+10:00,Provide CPR (AM),CPR-009,0,24,24,true
has_room,HERVEY BAY,108869,CPR & PFA (AM),0,24,true,2061435,2026-10-15T09:00:00+10:00,Provide First Aid (AM),PFA-011,0,24,24,true
has_room,HERVEY BAY,108870,CPR & PFA (AM),0,24,true,2061420,2026-10-22T09:00:00+10:00,Provide CPR (AM),CPR-009,0,24,24,true
has_room,HERVEY BAY,108870,CPR & PFA (AM),0,24,true,2061436,2026-10-22T09:00:00+10:00,Provide First Aid (AM),PFA-011,0,24,24,true
has_room,HERVEY BAY,108871,CPR & PFA (AM),0,24,true,2061421,2026-10-26T09:00:00+10:00,Provide CPR (AM),CPR-009,0,24,24,true
has_room,HERVEY BAY,108871,CPR & PFA (AM),0,24,true,2061437,2026-10-26T09:00:00+10:00,Provide First Aid (AM),PFA-011,0,24,24,true
has_room,HERVEY BAY,108872,CPR & PFA (AM),0,24,true,2061422,2026-10-28T09:00:00+10:00,Provide CPR (AM),CPR-009,0,24,24,true
has_room,HERVEY BAY,108872,CPR & PFA (AM),0,24,true,2061438,2026-10-28T09:00:00+10:00,Provide First Aid (AM),PFA-011,0,24,24,true
has_room,HERVEY BAY,108873,CPR & PFA (AM),0,24,true,2061423,2026-10-29T09:00:00+10:00,Provide CPR (AM),CPR-009,0,24,24,true
has_room,HERVEY BAY,108873,CPR & PFA (AM),0,24,true,2061439,2026-10-29T09:00:00+10:00,Provide First Aid (AM),PFA-011,0,24,24,true
has_room,HERVEY BAY,108874,CPR/PFA/EFA,0,24,true,2061440,2026-10-24T09:00:00+10:00,Provide CPR (AM),CPR-009,0,24,24,true
has_room,HERVEY BAY,108874,CPR/PFA/EFA,0,24,true,2061441,2026-10-24T09:00:00+10:00,Provide First Aid (AM),PFA-011,0,24,24,true
has_room,HERVEY BAY,108874,CPR/PFA/EFA,0,24,true,2061442,2026-10-24T09:00:00+10:00,Childcare First Aid (AM),EFA-012,0,24,24,true
has_room,HOBART,107781,CPR/PFA/EFA,10,20,true,2058116,2026-08-29T09:00:00+10:00,Provide CPR (AM),CPR-009,3,20,17,true
has_room,HOBART,107781,CPR/PFA/EFA,10,20,true,2058118,2026-08-29T09:00:00+10:00,Provide First Aid (AM),PFA-011,7,20,13,true
has_room,HOBART,108759,CPR/PFA/EFA,5,20,true,2061073,2026-09-05T09:00:00+10:00,Provide CPR (AM),CPR-009,1,20,19,true
has_room,HOBART,108759,CPR/PFA/EFA,5,20,true,2061075,2026-09-05T09:00:00+10:00,Provide First Aid (AM),PFA-011,4,20,16,true
has_room,HOBART,108759,CPR/PFA/EFA,5,20,true,2061077,2026-09-05T09:00:00+10:00,Childcare First Aid (AM),EFA-012,0,20,20,true
has_room,HOBART,108760,CPR/PFA/EFA,0,20,true,2061074,2026-09-19T09:00:00+10:00,Provide CPR (AM),CPR-009,0,20,20,true
has_room,HOBART,108760,CPR/PFA/EFA,0,20,true,2061076,2026-09-19T09:00:00+10:00,Provide First Aid (AM),PFA-011,0,20,20,true
has_room,HOBART,108760,CPR/PFA/EFA,0,20,true,2061078,2026-09-19T09:00:00+10:00,Childcare First Aid (AM),EFA-012,0,20,20,true
has_room,HOBART,108761,CPR & PFA (AM),1,20,true,2061079,2026-09-12T09:00:00+10:00,Provide CPR (AM),CPR-009,1,20,19,true
has_room,HOBART,108761,CPR & PFA (AM),1,20,true,2061081,2026-09-12T09:00:00+10:00,Provide First Aid (AM),PFA-011,0,20,20,true
has_room,HOBART,108762,CPR & PFA (AM),1,20,true,2061080,2026-09-26T09:00:00+10:00,Provide CPR (AM),CPR-009,1,20,19,true
has_room,HOBART,108762,CPR & PFA (AM),1,20,true,2061082,2026-09-26T09:00:00+10:00,Provide First Aid (AM),PFA-011,0,20,20,true
has_room,HOBART,108798,CPR/PFA/EFA,0,20,true,2061213,2026-10-03T09:00:00+10:00,Provide CPR (AM),CPR-009,0,20,20,true
has_room,HOBART,108798,CPR/PFA/EFA,0,20,true,2061216,2026-10-03T09:00:00+10:00,Provide First Aid (AM),PFA-011,0,20,20,true
has_room,HOBART,108798,CPR/PFA/EFA,0,20,true,2061219,2026-10-03T09:00:00+10:00,Childcare First Aid (AM),EFA-012,0,20,20,true
has_room,HOBART,108799,CPR/PFA/EFA,0,20,true,2061214,2026-10-17T09:00:00+10:00,Provide CPR (AM),CPR-009,0,20,20,true
has_room,HOBART,108799,CPR/PFA/EFA,0,20,true,2061217,2026-10-17T09:00:00+10:00,Provide First Aid (AM),PFA-011,0,20,20,true
has_room,HOBART,108799,CPR/PFA/EFA,0,20,true,2061220,2026-10-17T09:00:00+10:00,Childcare First Aid (AM),EFA-012,0,20,20,true
has_room,HOBART,108800,CPR/PFA/EFA,0,20,true,2061215,2026-10-31T09:00:00+10:00,Provide CPR (AM),CPR-009,0,20,20,true
has_room,HOBART,108800,CPR/PFA/EFA,0,20,true,2061218,2026-10-31T09:00:00+10:00,Provide First Aid (AM),PFA-011,0,20,20,true
has_room,HOBART,108800,CPR/PFA/EFA,0,20,true,2061221,2026-10-31T09:00:00+10:00,Childcare First Aid (AM),EFA-012,0,20,20,true
has_room,HUGHES ACT,108742,CPR/PFA/EFA,5,20,true,2061020,2026-09-19T09:00:00+10:00,Provide CPR (AM),CPR-009,0,20,20,true
has_room,HUGHES ACT,108742,CPR/PFA/EFA,5,20,true,2061022,2026-09-19T09:00:00+10:00,Provide First Aid (AM),PFA-011,1,20,19,true
has_room,HUGHES ACT,108742,CPR/PFA/EFA,5,20,true,2061024,2026-09-19T09:00:00+10:00,Childcare First Aid (AM),EFA-012,4,20,16,true
has_room,HUGHES ACT,108743,CPR/PFA/EFA,1,20,true,2061021,2026-09-26T09:00:00+10:00,Provide CPR (AM),CPR-009,0,20,20,true
has_room,HUGHES ACT,108743,CPR/PFA/EFA,1,20,true,2061023,2026-09-26T09:00:00+10:00,Provide First Aid (AM),PFA-011,1,20,19,true
has_room,HUGHES ACT,108743,CPR/PFA/EFA,1,20,true,2061025,2026-09-26T09:00:00+10:00,Childcare First Aid (AM),EFA-012,0,20,20,true
has_room,HUGHES ACT,109196,CPR/PFA/EFA,0,20,true,2062406,2026-10-10T09:00:00+10:00,Provide CPR (AM),CPR-009,0,20,20,true
has_room,HUGHES ACT,109196,CPR/PFA/EFA,0,20,true,2062408,2026-10-10T09:00:00+10:00,Provide First Aid (AM),PFA-011,0,20,20,true
has_room,HUGHES ACT,109196,CPR/PFA/EFA,0,20,true,2062410,2026-10-10T09:00:00+10:00,Childcare First Aid (AM),EFA-012,0,20,20,true
has_room,HUGHES ACT,109197,CPR/PFA/EFA,0,20,true,2062407,2026-10-24T09:00:00+10:00,Provide CPR (AM),CPR-009,0,20,20,true
has_room,HUGHES ACT,109197,CPR/PFA/EFA,0,20,true,2062409,2026-10-24T09:00:00+10:00,Provide First Aid (AM),PFA-011,0,20,20,true
has_room,HUGHES ACT,109197,CPR/PFA/EFA,0,20,true,2062411,2026-10-24T09:00:00+10:00,Childcare First Aid (AM),EFA-012,0,20,20,true
has_room,INNALOO,107686,CPR/PFA/EFA,15,24,true,2057831,2026-08-28T09:00:00+10:00,Provide CPR (AM),CPR-009,6,8,2,true
has_room,INNALOO,107686,CPR/PFA/EFA,15,24,true,2057834,2026-08-28T09:00:00+10:00,Provide First Aid (AM),PFA-011,7,24,17,true
has_room,INNALOO,107686,CPR/PFA/EFA,15,24,true,2057837,2026-08-28T09:00:00+10:00,Childcare First Aid (AM),EFA-012,2,24,22,true
has_room,INNALOO,108649,CPR/PFA/EFA,4,24,true,2060736,2026-09-10T09:00:00+10:00,Provide CPR (AM),CPR-009,1,8,7,true
has_room,INNALOO,108649,CPR/PFA/EFA,4,24,true,2060739,2026-09-10T09:00:00+10:00,Provide First Aid (AM),PFA-011,2,24,22,true
has_room,INNALOO,108649,CPR/PFA/EFA,4,24,true,2060742,2026-09-10T09:00:00+10:00,Childcare First Aid (AM),EFA-012,1,24,23,true
has_room,INNALOO,108650,CPR/PFA/EFA,0,24,true,2060737,2026-09-18T09:00:00+10:00,Provide CPR (AM),CPR-009,0,8,8,true
has_room,INNALOO,108650,CPR/PFA/EFA,0,24,true,2060740,2026-09-18T09:00:00+10:00,Provide First Aid (AM),PFA-011,0,24,24,true
has_room,INNALOO,108652,CPR & PFA (AM),13,24,true,2060745,2026-09-01T09:00:00+10:00,Provide CPR (AM),CPR-009,4,12,8,true
has_room,INNALOO,108652,CPR & PFA (AM),13,24,true,2060751,2026-09-01T09:00:00+10:00,Provide First Aid (AM),PFA-011,9,24,15,true
has_room,INNALOO,108653,CPR & PFA (AM),3,24,true,2060746,2026-09-07T09:00:00+10:00,Provide CPR (AM),CPR-009,2,12,10,true
has_room,INNALOO,108653,CPR & PFA (AM),3,24,true,2060752,2026-09-07T09:00:00+10:00,Provide First Aid (AM),PFA-011,1,24,23,true
has_room,INNALOO,108654,CPR & PFA (AM),2,24,true,2060747,2026-09-14T09:00:00+10:00,Provide CPR (AM),CPR-009,0,12,12,true
has_room,INNALOO,108654,CPR & PFA (AM),2,24,true,2060753,2026-09-14T09:00:00+10:00,Provide First Aid (AM),PFA-011,2,24,22,true
has_room,INNALOO,108655,CPR & PFA (AM),0,24,true,2060748,2026-09-21T09:00:00+10:00,Provide CPR (AM),CPR-009,0,12,12,true
has_room,INNALOO,108655,CPR & PFA (AM),0,24,true,2060754,2026-09-21T09:00:00+10:00,Provide First Aid (AM),PFA-011,0,24,24,true
has_room,INNALOO,108656,CPR & PFA (AM),0,24,true,2060749,2026-09-23T09:00:00+10:00,Provide CPR (AM),CPR-009,0,12,12,true
has_room,INNALOO,108656,CPR & PFA (AM),0,24,true,2060755,2026-09-23T09:00:00+10:00,Provide First Aid (AM),PFA-011,0,24,24,true
has_room,INNALOO,108657,CPR & PFA (AM),1,24,true,2060750,2026-09-29T09:00:00+10:00,Provide CPR (AM),CPR-009,0,12,12,true
has_room,INNALOO,108657,CPR & PFA (AM),1,24,true,2060756,2026-09-29T09:00:00+10:00,Provide First Aid (AM),PFA-011,1,24,23,true
has_room,INNALOO,109103,CPR & PFA (AM),1,24,true,2062121,2026-10-09T09:00:00+10:00,Provide CPR (AM),CPR-009,1,12,11,true
has_room,INNALOO,109103,CPR & PFA (AM),1,24,true,2062123,2026-10-09T09:00:00+10:00,Provide First Aid (AM),PFA-011,0,24,24,true
has_room,INNALOO,109104,CPR & PFA (AM),0,24,true,2062122,2026-10-15T09:00:00+10:00,Provide CPR (AM),CPR-009,0,12,12,true
has_room,INNALOO,109104,CPR & PFA (AM),0,24,true,2062124,2026-10-15T09:00:00+10:00,Provide First Aid (AM),PFA-011,0,24,24,true
has_room,INNALOO,109105,CPR & PFA (AM),0,24,true,2062130,2026-10-05T09:00:00+10:00,Provide CPR (AM),CPR-009,0,12,12,true
has_room,INNALOO,109105,CPR & PFA (AM),0,24,true,2062135,2026-10-05T09:00:00+10:00,Provide First Aid (AM),PFA-011,0,24,24,true
has_room,INNALOO,109106,CPR & PFA (AM),0,24,true,2062131,2026-10-12T09:00:00+10:00,Provide CPR (AM),CPR-009,0,12,12,true
has_room,INNALOO,109106,CPR & PFA (AM),0,24,true,2062136,2026-10-12T09:00:00+10:00,Provide First Aid (AM),PFA-011,0,24,24,true
has_room,INNALOO,109107,CPR & PFA (AM),0,24,true,2062132,2026-10-19T09:00:00+10:00,Provide CPR (AM),CPR-009,0,12,12,true
has_room,INNALOO,109107,CPR & PFA (AM),0,24,true,2062137,2026-10-19T09:00:00+10:00,Provide First Aid (AM),PFA-011,0,24,24,true
has_room,INNALOO,109108,CPR & PFA (AM),0,24,true,2062133,2026-10-26T09:00:00+10:00,Provide CPR (AM),CPR-009,0,12,12,true
has_room,INNALOO,109108,CPR & PFA (AM),0,24,true,2062138,2026-10-26T09:00:00+10:00,Provide First Aid (AM),PFA-011,0,24,24,true
has_room,INNALOO,109109,CPR & PFA (AM),0,24,true,2062134,2026-10-29T09:00:00+10:00,Provide CPR (AM),CPR-009,0,12,12,true
has_room,INNALOO,109109,CPR & PFA (AM),0,24,true,2062139,2026-10-29T09:00:00+10:00,Provide First Aid (AM),PFA-011,0,24,24,true
has_room,INNALOO,109110,CPR/PFA/EFA,2,24,true,2062140,2026-10-01T09:00:00+10:00,Provide CPR (AM),CPR-009,0,8,8,true
has_room,INNALOO,109110,CPR/PFA/EFA,2,24,true,2062142,2026-10-01T09:00:00+10:00,Provide First Aid (AM),PFA-011,2,24,22,true
has_room,INNALOO,109110,CPR/PFA/EFA,2,24,true,2062144,2026-10-01T09:00:00+10:00,Childcare First Aid (AM),EFA-012,0,24,24,true
has_room,INNALOO,109111,CPR/PFA/EFA,0,24,true,2062141,2026-10-23T09:00:00+10:00,Provide CPR (AM),CPR-009,0,8,8,true
has_room,INNALOO,109111,CPR/PFA/EFA,0,24,true,2062143,2026-10-23T09:00:00+10:00,Provide First Aid (AM),PFA-011,0,24,24,true
has_room,INNALOO,109111,CPR/PFA/EFA,0,24,true,2062145,2026-10-23T09:00:00+10:00,Childcare First Aid (AM),EFA-012,0,24,24,true
has_room,IPSWICH,107080,CPR/PFA/EFA,17,30,true,2056018,2026-08-29T09:00:00+10:00,Provide CPR (AM),CPR-009,4,10,6,true
has_room,IPSWICH,107080,CPR/PFA/EFA,17,30,true,2056027,2026-08-29T09:00:00+10:00,Provide First Aid (AM),PFA-011,10,30,20,true
has_room,IPSWICH,107080,CPR/PFA/EFA,17,30,true,2056036,2026-08-29T09:00:00+10:00,Childcare First Aid (AM),EFA-012,3,30,27,true
has_room,IPSWICH,107081,CPR/PFA/EFA,6,30,true,2056019,2026-08-30T09:00:00+10:00,Provide CPR (AM),CPR-009,2,10,8,true
has_room,IPSWICH,107081,CPR/PFA/EFA,6,30,true,2056028,2026-08-30T09:00:00+10:00,Provide First Aid (AM),PFA-011,3,30,27,true
has_room,IPSWICH,107081,CPR/PFA/EFA,6,30,true,2056037,2026-08-30T09:00:00+10:00,Childcare First Aid (AM),EFA-012,1,30,29,true
over_cap,IPSWICH,107100,CPR & PFA (AM),18,11,true,2056056,2026-08-27T09:00:00+10:00,Provide CPR (AM),CPR-009,11,11,0,true
over_cap,IPSWICH,107100,CPR & PFA (AM),18,11,true,2056077,2026-08-27T09:00:00+10:00,Provide First Aid (AM),PFA-011,7,7,0,true
has_room,IPSWICH,107101,CPR & PFA (AM),17,30,true,2056057,2026-08-28T09:00:00+10:00,Provide CPR (AM),CPR-009,8,12,4,true
has_room,IPSWICH,107101,CPR & PFA (AM),17,30,true,2056078,2026-08-28T09:00:00+10:00,Provide First Aid (AM),PFA-011,9,30,21,true
has_room,IPSWICH,107102,CPR & PFA (AM),16,30,true,2056058,2026-08-31T09:00:00+10:00,Provide CPR (AM),CPR-009,8,12,4,true
has_room,IPSWICH,107102,CPR & PFA (AM),16,30,true,2056079,2026-08-31T09:00:00+10:00,Provide First Aid (AM),PFA-011,8,30,22,true
has_room,IPSWICH,108010,CPR/PFA/EFA,7,30,true,2058805,2026-09-05T09:00:00+10:00,Provide CPR (AM),CPR-009,0,10,10,true
has_room,IPSWICH,108010,CPR/PFA/EFA,7,30,true,2058812,2026-09-05T09:00:00+10:00,Provide First Aid (AM),PFA-011,1,30,29,true
has_room,IPSWICH,108010,CPR/PFA/EFA,7,30,true,2058819,2026-09-05T09:00:00+10:00,Childcare First Aid (AM),EFA-012,6,30,24,true
has_room,IPSWICH,108011,CPR/PFA/EFA,0,30,true,2058806,2026-09-06T09:00:00+10:00,Provide CPR (AM),CPR-009,0,10,10,true
has_room,IPSWICH,108011,CPR/PFA/EFA,0,30,true,2058813,2026-09-06T09:00:00+10:00,Provide First Aid (AM),PFA-011,0,30,30,true
has_room,IPSWICH,108011,CPR/PFA/EFA,0,30,true,2058820,2026-09-06T09:00:00+10:00,Childcare First Aid (AM),EFA-012,0,30,30,true
has_room,IPSWICH,108012,CPR/PFA/EFA,0,30,true,2058807,2026-09-12T09:00:00+10:00,Provide CPR (AM),CPR-009,0,10,10,true
has_room,IPSWICH,108012,CPR/PFA/EFA,0,30,true,2058814,2026-09-12T09:00:00+10:00,Provide First Aid (AM),PFA-011,0,30,30,true
has_room,IPSWICH,108012,CPR/PFA/EFA,0,30,true,2058821,2026-09-12T09:00:00+10:00,Childcare First Aid (AM),EFA-012,0,30,30,true
has_room,IPSWICH,108013,CPR/PFA/EFA,5,30,true,2058808,2026-09-19T09:00:00+10:00,Provide CPR (AM),CPR-009,5,10,5,true
has_room,IPSWICH,108013,CPR/PFA/EFA,5,30,true,2058815,2026-09-19T09:00:00+10:00,Provide First Aid (AM),PFA-011,0,30,30,true
has_room,IPSWICH,108013,CPR/PFA/EFA,5,30,true,2058822,2026-09-19T09:00:00+10:00,Childcare First Aid (AM),EFA-012,0,30,30,true
has_room,IPSWICH,108014,CPR/PFA/EFA,0,30,true,2058809,2026-09-20T09:00:00+10:00,Provide CPR (AM),CPR-009,0,10,10,true
has_room,IPSWICH,108014,CPR/PFA/EFA,0,30,true,2058816,2026-09-20T09:00:00+10:00,Provide First Aid (AM),PFA-011,0,30,30,true
has_room,IPSWICH,108014,CPR/PFA/EFA,0,30,true,2058823,2026-09-20T09:00:00+10:00,Childcare First Aid (AM),EFA-012,0,30,30,true
has_room,IPSWICH,108015,CPR/PFA/EFA,1,30,true,2058810,2026-09-26T09:00:00+10:00,Provide CPR (AM),CPR-009,0,10,10,true
has_room,IPSWICH,108015,CPR/PFA/EFA,1,30,true,2058817,2026-09-26T09:00:00+10:00,Provide First Aid (AM),PFA-011,0,30,30,true
has_room,IPSWICH,108015,CPR/PFA/EFA,1,30,true,2058824,2026-09-26T09:00:00+10:00,Childcare First Aid (AM),EFA-012,1,30,29,true
has_room,IPSWICH,108016,CPR/PFA/EFA,0,30,true,2058811,2026-09-27T09:00:00+10:00,Provide CPR (AM),CPR-009,0,10,10,true
has_room,IPSWICH,108016,CPR/PFA/EFA,0,30,true,2058818,2026-09-27T09:00:00+10:00,Provide First Aid (AM),PFA-011,0,30,30,true
has_room,IPSWICH,108016,CPR/PFA/EFA,0,30,true,2058825,2026-09-27T09:00:00+10:00,Childcare First Aid (AM),EFA-012,0,30,30,true
has_room,IPSWICH,108017,CPR & PFA (AM),10,30,true,2058826,2026-09-01T09:00:00+10:00,Provide CPR (AM),CPR-009,3,12,9,true
has_room,IPSWICH,108017,CPR & PFA (AM),10,30,true,2058848,2026-09-01T09:00:00+10:00,Provide First Aid (AM),PFA-011,7,30,23,true
has_room,IPSWICH,108018,CPR & PFA (AM),8,30,true,2058827,2026-09-02T09:00:00+10:00,Provide CPR (AM),CPR-009,4,12,8,true
has_room,IPSWICH,108018,CPR & PFA (AM),8,30,true,2058849,2026-09-02T09:00:00+10:00,Provide First Aid (AM),PFA-011,4,30,26,true
has_room,IPSWICH,108019,CPR & PFA (AM),6,30,true,2058828,2026-09-03T09:00:00+10:00,Provide CPR (AM),CPR-009,1,12,11,true
has_room,IPSWICH,108019,CPR & PFA (AM),6,30,true,2058850,2026-09-03T09:00:00+10:00,Provide First Aid (AM),PFA-011,5,30,25,true
has_room,IPSWICH,108020,CPR & PFA (AM),8,30,true,2058829,2026-09-04T09:00:00+10:00,Provide CPR (AM),CPR-009,4,12,8,true
has_room,IPSWICH,108020,CPR & PFA (AM),8,30,true,2058851,2026-09-04T09:00:00+10:00,Provide First Aid (AM),PFA-011,4,30,26,true
has_room,IPSWICH,108021,CPR & PFA (AM),3,30,true,2058830,2026-09-07T09:00:00+10:00,Provide CPR (AM),CPR-009,3,12,9,true
has_room,IPSWICH,108021,CPR & PFA (AM),3,30,true,2058852,2026-09-07T09:00:00+10:00,Provide First Aid (AM),PFA-011,0,30,30,true
has_room,IPSWICH,108022,CPR & PFA (AM),3,30,true,2058831,2026-09-08T09:00:00+10:00,Provide CPR (AM),CPR-009,1,12,11,true
has_room,IPSWICH,108022,CPR & PFA (AM),3,30,true,2058853,2026-09-08T09:00:00+10:00,Provide First Aid (AM),PFA-011,2,30,28,true
has_room,IPSWICH,108023,CPR & PFA (AM),2,30,true,2058832,2026-09-09T09:00:00+10:00,Provide CPR (AM),CPR-009,0,12,12,true
has_room,IPSWICH,108023,CPR & PFA (AM),2,30,true,2058854,2026-09-09T09:00:00+10:00,Provide First Aid (AM),PFA-011,2,30,28,true
has_room,IPSWICH,108024,CPR & PFA (AM),6,30,true,2058833,2026-09-10T09:00:00+10:00,Provide CPR (AM),CPR-009,2,12,10,true
has_room,IPSWICH,108024,CPR & PFA (AM),6,30,true,2058855,2026-09-10T09:00:00+10:00,Provide First Aid (AM),PFA-011,4,30,26,true
has_room,IPSWICH,108025,CPR & PFA (AM),2,30,true,2058834,2026-09-11T09:00:00+10:00,Provide CPR (AM),CPR-009,1,12,11,true
has_room,IPSWICH,108025,CPR & PFA (AM),2,30,true,2058856,2026-09-11T09:00:00+10:00,Provide First Aid (AM),PFA-011,1,30,29,true
has_room,IPSWICH,108026,CPR & PFA (AM),2,30,true,2058835,2026-09-14T09:00:00+10:00,Provide CPR (AM),CPR-009,0,12,12,true
has_room,IPSWICH,108026,CPR & PFA (AM),2,30,true,2058857,2026-09-14T09:00:00+10:00,Provide First Aid (AM),PFA-011,2,30,28,true
has_room,IPSWICH,108027,CPR & PFA (AM),2,30,true,2058836,2026-09-15T09:00:00+10:00,Provide CPR (AM),CPR-009,2,12,10,true
has_room,IPSWICH,108027,CPR & PFA (AM),2,30,true,2058858,2026-09-15T09:00:00+10:00,Provide First Aid (AM),PFA-011,0,30,30,true
has_room,IPSWICH,108028,CPR & PFA (AM),0,30,true,2058837,2026-09-16T09:00:00+10:00,Provide CPR (AM),CPR-009,0,12,12,true
has_room,IPSWICH,108028,CPR & PFA (AM),0,30,true,2058859,2026-09-16T09:00:00+10:00,Provide First Aid (AM),PFA-011,0,30,30,true
has_room,IPSWICH,108029,CPR & PFA (AM),0,30,true,2058838,2026-09-17T09:00:00+10:00,Provide CPR (AM),CPR-009,0,12,12,true
has_room,IPSWICH,108029,CPR & PFA (AM),0,30,true,2058860,2026-09-17T09:00:00+10:00,Provide First Aid (AM),PFA-011,0,30,30,true
has_room,IPSWICH,108030,CPR & PFA (AM),1,30,true,2058839,2026-09-18T09:00:00+10:00,Provide CPR (AM),CPR-009,0,12,12,true
has_room,IPSWICH,108030,CPR & PFA (AM),1,30,true,2058861,2026-09-18T09:00:00+10:00,Provide First Aid (AM),PFA-011,1,30,29,true
has_room,IPSWICH,108031,CPR & PFA (AM),0,30,true,2058840,2026-09-21T09:00:00+10:00,Provide CPR (AM),CPR-009,0,12,12,true
has_room,IPSWICH,108031,CPR & PFA (AM),0,30,true,2058862,2026-09-21T09:00:00+10:00,Provide First Aid (AM),PFA-011,0,30,30,true
has_room,IPSWICH,108032,CPR & PFA (AM),1,30,true,2058841,2026-09-22T09:00:00+10:00,Provide CPR (AM),CPR-009,0,12,12,true
has_room,IPSWICH,108032,CPR & PFA (AM),1,30,true,2058863,2026-09-22T09:00:00+10:00,Provide First Aid (AM),PFA-011,1,30,29,true
has_room,IPSWICH,108033,CPR & PFA (AM),0,30,true,2058842,2026-09-23T09:00:00+10:00,Provide CPR (AM),CPR-009,0,12,12,true
has_room,IPSWICH,108033,CPR & PFA (AM),0,30,true,2058864,2026-09-23T09:00:00+10:00,Provide First Aid (AM),PFA-011,0,30,30,true
has_room,IPSWICH,108034,CPR & PFA (AM),0,30,true,2058843,2026-09-24T09:00:00+10:00,Provide CPR (AM),CPR-009,0,12,12,true
has_room,IPSWICH,108034,CPR & PFA (AM),0,30,true,2058865,2026-09-24T09:00:00+10:00,Provide First Aid (AM),PFA-011,0,30,30,true
has_room,IPSWICH,108035,CPR & PFA (AM),1,30,true,2058844,2026-09-25T09:00:00+10:00,Provide CPR (AM),CPR-009,0,12,12,true
has_room,IPSWICH,108035,CPR & PFA (AM),1,30,true,2058866,2026-09-25T09:00:00+10:00,Provide First Aid (AM),PFA-011,1,30,29,true
has_room,IPSWICH,108036,CPR & PFA (AM),0,30,true,2058845,2026-09-28T09:00:00+10:00,Provide CPR (AM),CPR-009,0,12,12,true
has_room,IPSWICH,108036,CPR & PFA (AM),0,30,true,2058867,2026-09-28T09:00:00+10:00,Provide First Aid (AM),PFA-011,0,30,30,true
has_room,IPSWICH,108037,CPR & PFA (AM),1,30,true,2058846,2026-09-29T09:00:00+10:00,Provide CPR (AM),CPR-009,0,12,12,true
has_room,IPSWICH,108037,CPR & PFA (AM),1,30,true,2058868,2026-09-29T09:00:00+10:00,Provide First Aid (AM),PFA-011,1,30,29,true
has_room,IPSWICH,108038,CPR & PFA (AM),3,30,true,2058847,2026-09-30T09:00:00+10:00,Provide CPR (AM),CPR-009,3,12,9,true
has_room,IPSWICH,108038,CPR & PFA (AM),3,30,true,2058869,2026-09-30T09:00:00+10:00,Provide First Aid (AM),PFA-011,0,30,30,true
has_room,IPSWICH,109571,CPR & PFA (AM),1,30,true,2063524,2026-10-01T09:00:00+10:00,Provide CPR (AM),CPR-009,1,12,11,true
has_room,IPSWICH,109571,CPR & PFA (AM),1,30,true,2063535,2026-10-01T09:00:00+10:00,Provide First Aid (AM),PFA-011,0,30,30,true
has_room,IPSWICH,109572,CPR & PFA (AM),0,30,true,2063525,2026-10-02T09:00:00+10:00,Provide CPR (AM),CPR-009,0,12,12,true
has_room,IPSWICH,109572,CPR & PFA (AM),0,30,true,2063536,2026-10-02T09:00:00+10:00,Provide First Aid (AM),PFA-011,0,30,30,true
has_room,IPSWICH,109573,CPR & PFA (AM),0,30,true,2063526,2026-10-12T09:00:00+10:00,Provide CPR (AM),CPR-009,0,12,12,true
has_room,IPSWICH,109573,CPR & PFA (AM),0,30,true,2063537,2026-10-12T09:00:00+10:00,Provide First Aid (AM),PFA-011,0,30,30,true
has_room,IPSWICH,109574,CPR & PFA (AM),0,30,true,2063527,2026-10-15T09:00:00+10:00,Provide CPR (AM),CPR-009,0,12,12,true
has_room,IPSWICH,109574,CPR & PFA (AM),0,30,true,2063538,2026-10-15T09:00:00+10:00,Provide First Aid (AM),PFA-011,0,30,30,true
has_room,IPSWICH,109575,CPR & PFA (AM),0,30,true,2063528,2026-10-16T09:00:00+10:00,Provide CPR (AM),CPR-009,0,12,12,true
has_room,IPSWICH,109575,CPR & PFA (AM),0,30,true,2063539,2026-10-16T09:00:00+10:00,Provide First Aid (AM),PFA-011,0,30,30,true
has_room,IPSWICH,109576,CPR & PFA (AM),0,30,true,2063529,2026-10-19T09:00:00+10:00,Provide CPR (AM),CPR-009,0,12,12,true
has_room,IPSWICH,109576,CPR & PFA (AM),0,30,true,2063540,2026-10-19T09:00:00+10:00,Provide First Aid (AM),PFA-011,0,30,30,true
has_room,IPSWICH,109577,CPR & PFA (AM),0,30,true,2063530,2026-10-22T09:00:00+10:00,Provide CPR (AM),CPR-009,0,12,12,true
has_room,IPSWICH,109577,CPR & PFA (AM),0,30,true,2063541,2026-10-22T09:00:00+10:00,Provide First Aid (AM),PFA-011,0,30,30,true
has_room,IPSWICH,109578,CPR & PFA (AM),0,30,true,2063531,2026-10-23T09:00:00+10:00,Provide CPR (AM),CPR-009,0,12,12,true
has_room,IPSWICH,109578,CPR & PFA (AM),0,30,true,2063542,2026-10-23T09:00:00+10:00,Provide First Aid (AM),PFA-011,0,30,30,true
has_room,IPSWICH,109579,CPR & PFA (AM),0,30,true,2063532,2026-10-26T09:00:00+10:00,Provide CPR (AM),CPR-009,0,12,12,true
has_room,IPSWICH,109579,CPR & PFA (AM),0,30,true,2063543,2026-10-26T09:00:00+10:00,Provide First Aid (AM),PFA-011,0,30,30,true
has_room,IPSWICH,109580,CPR & PFA (AM),0,30,true,2063533,2026-10-29T09:00:00+10:00,Provide CPR (AM),CPR-009,0,12,12,true
has_room,IPSWICH,109580,CPR & PFA (AM),0,30,true,2063544,2026-10-29T09:00:00+10:00,Provide First Aid (AM),PFA-011,0,30,30,true
has_room,IPSWICH,109581,CPR & PFA (AM),0,30,true,2063534,2026-10-30T09:00:00+10:00,Provide CPR (AM),CPR-009,0,12,12,true
has_room,IPSWICH,109581,CPR & PFA (AM),0,30,true,2063545,2026-10-30T09:00:00+10:00,Provide First Aid (AM),PFA-011,0,30,30,true
has_room,IPSWICH,109582,CPR & PFA (AM),0,30,true,2063546,2026-10-05T09:00:00+10:00,Provide CPR (AM),CPR-009,0,12,12,true
has_room,IPSWICH,109582,CPR & PFA (AM),0,30,true,2063548,2026-10-05T09:00:00+10:00,Provide First Aid (AM),PFA-011,0,30,30,true
has_room,IPSWICH,109583,CPR & PFA (AM),0,30,true,2063547,2026-10-09T09:00:00+10:00,Provide CPR (AM),CPR-009,0,12,12,true
has_room,IPSWICH,109583,CPR & PFA (AM),0,30,true,2063549,2026-10-09T09:00:00+10:00,Provide First Aid (AM),PFA-011,0,30,30,true
has_room,IPSWICH,109584,CPR & PFA (AM),0,30,true,2063559,2026-10-06T09:00:00+10:00,Provide CPR (AM),CPR-009,0,12,12,true
has_room,IPSWICH,109584,CPR & PFA (AM),0,30,true,2063568,2026-10-06T09:00:00+10:00,Provide First Aid (AM),PFA-011,0,30,30,true
has_room,IPSWICH,109585,CPR & PFA (AM),0,30,true,2063560,2026-10-07T09:00:00+10:00,Provide CPR (AM),CPR-009,0,12,12,true
has_room,IPSWICH,109585,CPR & PFA (AM),0,30,true,2063569,2026-10-07T09:00:00+10:00,Provide First Aid (AM),PFA-011,0,30,30,true
has_room,IPSWICH,109586,CPR & PFA (AM),0,30,true,2063561,2026-10-08T09:00:00+10:00,Provide CPR (AM),CPR-009,0,12,12,true
has_room,IPSWICH,109586,CPR & PFA (AM),0,30,true,2063570,2026-10-08T09:00:00+10:00,Provide First Aid (AM),PFA-011,0,30,30,true
has_room,IPSWICH,109587,CPR & PFA (AM),0,30,true,2063562,2026-10-13T09:00:00+10:00,Provide CPR (AM),CPR-009,0,12,12,true
has_room,IPSWICH,109587,CPR & PFA (AM),0,30,true,2063571,2026-10-13T09:00:00+10:00,Provide First Aid (AM),PFA-011,0,30,30,true
has_room,IPSWICH,109588,CPR & PFA (AM),0,30,true,2063563,2026-10-14T09:00:00+10:00,Provide CPR (AM),CPR-009,0,12,12,true
has_room,IPSWICH,109588,CPR & PFA (AM),0,30,true,2063572,2026-10-14T09:00:00+10:00,Provide First Aid (AM),PFA-011,0,30,30,true
has_room,IPSWICH,109589,CPR & PFA (AM),0,30,true,2063564,2026-10-20T09:00:00+10:00,Provide CPR (AM),CPR-009,0,12,12,true
has_room,IPSWICH,109589,CPR & PFA (AM),0,30,true,2063573,2026-10-20T09:00:00+10:00,Provide First Aid (AM),PFA-011,0,30,30,true
has_room,IPSWICH,109590,CPR & PFA (AM),0,30,true,2063565,2026-10-21T09:00:00+10:00,Provide CPR (AM),CPR-009,0,12,12,true
has_room,IPSWICH,109590,CPR & PFA (AM),0,30,true,2063574,2026-10-21T09:00:00+10:00,Provide First Aid (AM),PFA-011,0,30,30,true
has_room,IPSWICH,109591,CPR & PFA (AM),0,30,true,2063566,2026-10-27T09:00:00+10:00,Provide CPR (AM),CPR-009,0,12,12,true
has_room,IPSWICH,109591,CPR & PFA (AM),0,30,true,2063575,2026-10-27T09:00:00+10:00,Provide First Aid (AM),PFA-011,0,30,30,true
has_room,IPSWICH,109592,CPR & PFA (AM),0,30,true,2063567,2026-10-28T09:00:00+10:00,Provide CPR (AM),CPR-009,0,12,12,true
has_room,IPSWICH,109592,CPR & PFA (AM),0,30,true,2063576,2026-10-28T09:00:00+10:00,Provide First Aid (AM),PFA-011,0,30,30,true
has_room,IPSWICH,109593,CPR/PFA/EFA,0,30,true,2063577,2026-10-03T09:00:00+10:00,Provide CPR (AM),CPR-009,0,10,10,true
has_room,IPSWICH,109593,CPR/PFA/EFA,0,30,true,2063585,2026-10-03T09:00:00+10:00,Provide First Aid (AM),PFA-011,0,30,30,true
has_room,IPSWICH,109593,CPR/PFA/EFA,0,30,true,2063593,2026-10-03T09:00:00+10:00,Childcare First Aid (AM),EFA-012,0,30,30,true
has_room,IPSWICH,109594,CPR/PFA/EFA,0,30,true,2063578,2026-10-04T09:00:00+10:00,Provide CPR (AM),CPR-009,0,10,10,true
has_room,IPSWICH,109594,CPR/PFA/EFA,0,30,true,2063586,2026-10-04T09:00:00+10:00,Provide First Aid (AM),PFA-011,0,30,30,true
has_room,IPSWICH,109594,CPR/PFA/EFA,0,30,true,2063594,2026-10-04T09:00:00+10:00,Childcare First Aid (AM),EFA-012,0,30,30,true
has_room,IPSWICH,109595,CPR/PFA/EFA,0,30,true,2063579,2026-10-10T09:00:00+10:00,Provide CPR (AM),CPR-009,0,10,10,true
has_room,IPSWICH,109595,CPR/PFA/EFA,0,30,true,2063587,2026-10-10T09:00:00+10:00,Provide First Aid (AM),PFA-011,0,30,30,true
has_room,IPSWICH,109595,CPR/PFA/EFA,0,30,true,2063595,2026-10-10T09:00:00+10:00,Childcare First Aid (AM),EFA-012,0,30,30,true
has_room,IPSWICH,109596,CPR/PFA/EFA,0,30,true,2063580,2026-10-17T09:00:00+10:00,Provide CPR (AM),CPR-009,0,10,10,true
has_room,IPSWICH,109596,CPR/PFA/EFA,0,30,true,2063588,2026-10-17T09:00:00+10:00,Provide First Aid (AM),PFA-011,0,30,30,true
has_room,IPSWICH,109596,CPR/PFA/EFA,0,30,true,2063596,2026-10-17T09:00:00+10:00,Childcare First Aid (AM),EFA-012,0,30,30,true
has_room,IPSWICH,109597,CPR/PFA/EFA,0,30,true,2063581,2026-10-18T09:00:00+10:00,Provide CPR (AM),CPR-009,0,10,10,true
has_room,IPSWICH,109597,CPR/PFA/EFA,0,30,true,2063589,2026-10-18T09:00:00+10:00,Provide First Aid (AM),PFA-011,0,30,30,true
has_room,IPSWICH,109597,CPR/PFA/EFA,0,30,true,2063597,2026-10-18T09:00:00+10:00,Childcare First Aid (AM),EFA-012,0,30,30,true
has_room,IPSWICH,109598,CPR/PFA/EFA,0,30,true,2063582,2026-10-24T09:00:00+10:00,Provide CPR (AM),CPR-009,0,10,10,true
has_room,IPSWICH,109598,CPR/PFA/EFA,0,30,true,2063590,2026-10-24T09:00:00+10:00,Provide First Aid (AM),PFA-011,0,30,30,true
has_room,IPSWICH,109598,CPR/PFA/EFA,0,30,true,2063598,2026-10-24T09:00:00+10:00,Childcare First Aid (AM),EFA-012,0,30,30,true
has_room,IPSWICH,109599,CPR/PFA/EFA,0,30,true,2063583,2026-10-25T09:00:00+10:00,Provide CPR (AM),CPR-009,0,10,10,true
has_room,IPSWICH,109599,CPR/PFA/EFA,0,30,true,2063591,2026-10-25T09:00:00+10:00,Provide First Aid (AM),PFA-011,0,30,30,true
has_room,IPSWICH,109599,CPR/PFA/EFA,0,30,true,2063599,2026-10-25T09:00:00+10:00,Childcare First Aid (AM),EFA-012,0,30,30,true
has_room,IPSWICH,109600,CPR/PFA/EFA,0,30,true,2063584,2026-10-31T09:00:00+10:00,Provide CPR (AM),CPR-009,0,10,10,true
has_room,IPSWICH,109600,CPR/PFA/EFA,0,30,true,2063592,2026-10-31T09:00:00+10:00,Provide First Aid (AM),PFA-011,0,30,30,true
has_room,IPSWICH,109600,CPR/PFA/EFA,0,30,true,2063600,2026-10-31T09:00:00+10:00,Childcare First Aid (AM),EFA-012,0,30,30,true
has_room,JIMBOOMBA,106921,CPR/PFA/EFA,13,24,true,2055575,2026-08-28T09:00:00+10:00,Provide CPR (AM),CPR-009,8,8,0,true
has_room,JIMBOOMBA,106921,CPR/PFA/EFA,13,24,true,2055577,2026-08-28T09:00:00+10:00,Childcare First Aid (AM),EFA-012,0,24,24,true
has_room,JIMBOOMBA,106921,CPR/PFA/EFA,13,24,true,2055579,2026-08-28T09:00:00+10:00,Provide First Aid (AM),PFA-011,5,24,19,true
has_room,JIMBOOMBA,107861,CPR/PFA/EFA,5,24,true,2058369,2026-09-04T09:00:00+10:00,Provide CPR (AM),CPR-009,3,8,5,true
has_room,JIMBOOMBA,107861,CPR/PFA/EFA,5,24,true,2058371,2026-09-04T09:00:00+10:00,Childcare First Aid (AM),EFA-012,0,24,24,true
has_room,JIMBOOMBA,107861,CPR/PFA/EFA,5,24,true,2058373,2026-09-04T09:00:00+10:00,Provide First Aid (AM),PFA-011,2,24,22,true
has_room,JIMBOOMBA,107862,CPR/PFA/EFA,0,24,true,2058370,2026-09-25T09:00:00+10:00,Provide CPR (AM),CPR-009,0,8,8,true
has_room,JIMBOOMBA,107862,CPR/PFA/EFA,0,24,true,2058372,2026-09-25T09:00:00+10:00,Childcare First Aid (AM),EFA-012,0,24,24,true
has_room,JIMBOOMBA,107862,CPR/PFA/EFA,0,24,true,2058374,2026-09-25T09:00:00+10:00,Provide First Aid (AM),PFA-011,0,24,24,true
has_room,JIMBOOMBA,107863,CPR & PFA (AM),3,24,true,2058375,2026-09-09T09:00:00+10:00,Provide CPR (AM),CPR-009,1,9,8,true
has_room,JIMBOOMBA,107863,CPR & PFA (AM),3,24,true,2058377,2026-09-09T09:00:00+10:00,Provide First Aid (AM),PFA-011,2,24,22,true
has_room,JIMBOOMBA,107864,CPR & PFA (AM),2,24,true,2058376,2026-09-16T09:00:00+10:00,Provide CPR (AM),CPR-009,1,9,8,true
has_room,JIMBOOMBA,107864,CPR & PFA (AM),2,24,true,2058378,2026-09-16T09:00:00+10:00,Provide First Aid (AM),PFA-011,1,24,23,true
has_room,JIMBOOMBA,109420,CPR & PFA (AM),0,24,true,2063081,2026-10-07T09:00:00+10:00,Provide CPR (AM),CPR-009,0,9,9,true
has_room,JIMBOOMBA,109420,CPR & PFA (AM),0,24,true,2063083,2026-10-07T09:00:00+10:00,Provide First Aid (AM),PFA-011,0,24,24,true
has_room,JIMBOOMBA,109421,CPR & PFA (AM),0,24,true,2063082,2026-10-14T09:00:00+10:00,Provide CPR (AM),CPR-009,0,9,9,true
has_room,JIMBOOMBA,109421,CPR & PFA (AM),0,24,true,2063084,2026-10-14T09:00:00+10:00,Provide First Aid (AM),PFA-011,0,24,24,true
has_room,JIMBOOMBA,109422,CPR/PFA/EFA,0,24,true,2063085,2026-10-02T09:00:00+10:00,Provide CPR (AM),CPR-009,0,8,8,true
has_room,JIMBOOMBA,109422,CPR/PFA/EFA,0,24,true,2063088,2026-10-02T09:00:00+10:00,Childcare First Aid (AM),EFA-012,0,24,24,true
has_room,JIMBOOMBA,109422,CPR/PFA/EFA,0,24,true,2063091,2026-10-02T09:00:00+10:00,Provide First Aid (AM),PFA-011,0,24,24,true
has_room,JIMBOOMBA,109423,CPR/PFA/EFA,0,24,true,2063086,2026-10-23T09:00:00+10:00,Provide CPR (AM),CPR-009,0,8,8,true
has_room,JIMBOOMBA,109423,CPR/PFA/EFA,0,24,true,2063089,2026-10-23T09:00:00+10:00,Childcare First Aid (AM),EFA-012,0,24,24,true
has_room,JIMBOOMBA,109423,CPR/PFA/EFA,0,24,true,2063092,2026-10-23T09:00:00+10:00,Provide First Aid (AM),PFA-011,0,24,24,true
has_room,JIMBOOMBA,109424,CPR/PFA/EFA,0,24,true,2063087,2026-10-30T09:00:00+10:00,Provide CPR (AM),CPR-009,0,8,8,true
has_room,JIMBOOMBA,109424,CPR/PFA/EFA,0,24,true,2063090,2026-10-30T09:00:00+10:00,Childcare First Aid (AM),EFA-012,0,24,24,true
has_room,JIMBOOMBA,109424,CPR/PFA/EFA,0,24,true,2063093,2026-10-30T09:00:00+10:00,Provide First Aid (AM),PFA-011,0,24,24,true
over_cap,JOONDALUP,107698,CPR/PFA/EFA,24,12,true,2057859,2026-08-29T09:00:00+10:00,Provide CPR (AM),CPR-009,10,10,0,true
over_cap,JOONDALUP,107698,CPR/PFA/EFA,24,12,true,2057866,2026-08-29T09:00:00+10:00,Provide First Aid (AM),PFA-011,12,12,0,true
over_cap,JOONDALUP,107698,CPR/PFA/EFA,24,12,true,2057873,2026-08-29T09:00:00+10:00,Childcare First Aid (AM),EFA-012,2,2,0,true
has_room,JOONDALUP,107713,CPR & PFA (AM),19,24,true,2057888,2026-08-27T09:00:00+10:00,Provide CPR (AM),CPR-009,6,10,4,true
has_room,JOONDALUP,107713,CPR & PFA (AM),19,24,true,2057905,2026-08-27T09:00:00+10:00,Provide First Aid (AM),PFA-011,13,24,11,true
has_room,JOONDALUP,107714,CPR & PFA (AM),19,24,true,2057889,2026-08-28T09:00:00+10:00,Provide CPR (AM),CPR-009,7,10,3,true
has_room,JOONDALUP,107714,CPR & PFA (AM),19,24,true,2057906,2026-08-28T09:00:00+10:00,Provide First Aid (AM),PFA-011,12,24,12,true
has_room,JOONDALUP,107715,CPR & PFA (AM),17,24,true,2057890,2026-08-31T09:00:00+10:00,Provide CPR (AM),CPR-009,9,10,1,true
has_room,JOONDALUP,107715,CPR & PFA (AM),17,24,true,2057907,2026-08-31T09:00:00+10:00,Provide First Aid (AM),PFA-011,8,24,16,true
has_room,JOONDALUP,108658,CPR/PFA/EFA,10,24,true,2060764,2026-09-05T09:00:00+10:00,Provide CPR (AM),CPR-009,1,10,9,true
has_room,JOONDALUP,108658,CPR/PFA/EFA,10,24,true,2060769,2026-09-05T09:00:00+10:00,Provide First Aid (AM),PFA-011,5,24,19,true
has_room,JOONDALUP,108658,CPR/PFA/EFA,10,24,true,2060774,2026-09-05T09:00:00+10:00,Childcare First Aid (AM),EFA-012,4,24,20,true
has_room,JOONDALUP,108659,CPR/PFA/EFA,5,24,true,2060765,2026-09-06T09:00:00+10:00,Provide CPR (AM),CPR-009,2,10,8,true
has_room,JOONDALUP,108659,CPR/PFA/EFA,5,24,true,2060770,2026-09-06T09:00:00+10:00,Provide First Aid (AM),PFA-011,3,24,21,true
has_room,JOONDALUP,108659,CPR/PFA/EFA,5,24,true,2060775,2026-09-06T09:00:00+10:00,Childcare First Aid (AM),EFA-012,0,24,24,true
has_room,JOONDALUP,108660,CPR/PFA/EFA,6,24,true,2060766,2026-09-19T09:00:00+10:00,Provide CPR (AM),CPR-009,2,10,8,true
has_room,JOONDALUP,108660,CPR/PFA/EFA,6,24,true,2060771,2026-09-19T09:00:00+10:00,Provide First Aid (AM),PFA-011,4,24,20,true
has_room,JOONDALUP,108660,CPR/PFA/EFA,6,24,true,2060776,2026-09-19T09:00:00+10:00,Childcare First Aid (AM),EFA-012,0,24,24,true
has_room,JOONDALUP,108661,CPR/PFA/EFA,3,24,true,2060767,2026-09-20T09:00:00+10:00,Provide CPR (AM),CPR-009,3,10,7,true
has_room,JOONDALUP,108661,CPR/PFA/EFA,3,24,true,2060772,2026-09-20T09:00:00+10:00,Provide First Aid (AM),PFA-011,0,24,24,true
has_room,JOONDALUP,108661,CPR/PFA/EFA,3,24,true,2060777,2026-09-20T09:00:00+10:00,Childcare First Aid (AM),EFA-012,0,24,24,true
has_room,JOONDALUP,108662,CPR/PFA/EFA,4,24,true,2060768,2026-09-26T09:00:00+10:00,Provide CPR (AM),CPR-009,2,10,8,true
has_room,JOONDALUP,108662,CPR/PFA/EFA,4,24,true,2060773,2026-09-26T09:00:00+10:00,Provide First Aid (AM),PFA-011,0,24,24,true
has_room,JOONDALUP,108662,CPR/PFA/EFA,4,24,true,2060778,2026-09-26T09:00:00+10:00,Childcare First Aid (AM),EFA-012,2,24,22,true
has_room,JOONDALUP,108663,CPR & PFA (AM),6,24,true,2060779,2026-09-01T09:00:00+10:00,Provide CPR (AM),CPR-009,2,10,8,true
has_room,JOONDALUP,108663,CPR & PFA (AM),6,24,true,2060796,2026-09-01T09:00:00+10:00,Provide First Aid (AM),PFA-011,4,24,20,true
has_room,JOONDALUP,108664,CPR & PFA (AM),9,24,true,2060780,2026-09-03T09:00:00+10:00,Provide CPR (AM),CPR-009,4,10,6,true
has_room,JOONDALUP,108664,CPR & PFA (AM),9,24,true,2060797,2026-09-03T09:00:00+10:00,Provide First Aid (AM),PFA-011,5,24,19,true
has_room,JOONDALUP,108665,CPR & PFA (AM),10,24,true,2060781,2026-09-04T09:00:00+10:00,Provide CPR (AM),CPR-009,9,12,3,true
has_room,JOONDALUP,108665,CPR & PFA (AM),10,24,true,2060798,2026-09-04T09:00:00+10:00,Provide First Aid (AM),PFA-011,1,24,23,true
has_room,JOONDALUP,108666,CPR & PFA (AM),2,24,true,2060782,2026-09-07T09:00:00+10:00,Provide CPR (AM),CPR-009,0,10,10,true
has_room,JOONDALUP,108666,CPR & PFA (AM),2,24,true,2060799,2026-09-07T09:00:00+10:00,Provide First Aid (AM),PFA-011,2,24,22,true
has_room,JOONDALUP,108667,CPR & PFA (AM),6,24,true,2060783,2026-09-09T09:00:00+10:00,Provide CPR (AM),CPR-009,2,10,8,true
has_room,JOONDALUP,108667,CPR & PFA (AM),6,24,true,2060800,2026-09-09T09:00:00+10:00,Provide First Aid (AM),PFA-011,4,24,20,true
has_room,JOONDALUP,108668,CPR & PFA (AM),7,24,true,2060784,2026-09-11T09:00:00+10:00,Provide CPR (AM),CPR-009,1,10,9,true
has_room,JOONDALUP,108668,CPR & PFA (AM),7,24,true,2060801,2026-09-11T09:00:00+10:00,Provide First Aid (AM),PFA-011,6,24,18,true
has_room,JOONDALUP,108669,CPR & PFA (AM),3,24,true,2060785,2026-09-14T09:00:00+10:00,Provide CPR (AM),CPR-009,1,10,9,true
has_room,JOONDALUP,108669,CPR & PFA (AM),3,24,true,2060802,2026-09-14T09:00:00+10:00,Provide First Aid (AM),PFA-011,2,24,22,true
has_room,JOONDALUP,108670,CPR & PFA (AM),2,24,true,2060786,2026-09-15T09:00:00+10:00,Provide CPR (AM),CPR-009,0,10,10,true
has_room,JOONDALUP,108670,CPR & PFA (AM),2,24,true,2060803,2026-09-15T09:00:00+10:00,Provide First Aid (AM),PFA-011,2,24,22,true
has_room,JOONDALUP,108671,CPR & PFA (AM),1,24,true,2060787,2026-09-17T09:00:00+10:00,Provide CPR (AM),CPR-009,0,10,10,true
has_room,JOONDALUP,108671,CPR & PFA (AM),1,24,true,2060804,2026-09-17T09:00:00+10:00,Provide First Aid (AM),PFA-011,1,24,23,true
has_room,JOONDALUP,108672,CPR & PFA (AM),3,24,true,2060788,2026-09-18T09:00:00+10:00,Provide CPR (AM),CPR-009,1,10,9,true
has_room,JOONDALUP,108672,CPR & PFA (AM),3,24,true,2060805,2026-09-18T09:00:00+10:00,Provide First Aid (AM),PFA-011,2,24,22,true
has_room,JOONDALUP,108673,CPR & PFA (AM),0,24,true,2060789,2026-09-21T09:00:00+10:00,Provide CPR (AM),CPR-009,0,10,10,true
has_room,JOONDALUP,108673,CPR & PFA (AM),0,24,true,2060806,2026-09-21T09:00:00+10:00,Provide First Aid (AM),PFA-011,0,24,24,true
has_room,JOONDALUP,108674,CPR & PFA (AM),0,24,true,2060790,2026-09-22T09:00:00+10:00,Provide CPR (AM),CPR-009,0,10,10,true
has_room,JOONDALUP,108674,CPR & PFA (AM),0,24,true,2060807,2026-09-22T09:00:00+10:00,Provide First Aid (AM),PFA-011,0,24,24,true
has_room,JOONDALUP,108675,CPR & PFA (AM),0,24,true,2060791,2026-09-24T09:00:00+10:00,Provide CPR (AM),CPR-009,0,10,10,true
has_room,JOONDALUP,108675,CPR & PFA (AM),0,24,true,2060808,2026-09-24T09:00:00+10:00,Provide First Aid (AM),PFA-011,0,24,24,true
has_room,JOONDALUP,108676,CPR & PFA (AM),0,24,true,2060792,2026-09-25T09:00:00+10:00,Provide CPR (AM),CPR-009,0,10,10,true
has_room,JOONDALUP,108676,CPR & PFA (AM),0,24,true,2060809,2026-09-25T09:00:00+10:00,Provide First Aid (AM),PFA-011,0,24,24,true
has_room,JOONDALUP,108677,CPR & PFA (AM),1,24,true,2060793,2026-09-28T09:00:00+10:00,Provide CPR (AM),CPR-009,0,10,10,true
has_room,JOONDALUP,108677,CPR & PFA (AM),1,24,true,2060810,2026-09-28T09:00:00+10:00,Provide First Aid (AM),PFA-011,1,24,23,true
has_room,JOONDALUP,108678,CPR & PFA (AM),0,24,true,2060794,2026-09-29T09:00:00+10:00,Provide CPR (AM),CPR-009,0,10,10,true
has_room,JOONDALUP,108678,CPR & PFA (AM),0,24,true,2060811,2026-09-29T09:00:00+10:00,Provide First Aid (AM),PFA-011,0,24,24,true
has_room,JOONDALUP,108679,CPR & PFA (AM),2,24,true,2060795,2026-09-30T09:00:00+10:00,Provide CPR (AM),CPR-009,0,10,10,true
has_room,JOONDALUP,108679,CPR & PFA (AM),2,24,true,2060812,2026-09-30T09:00:00+10:00,Provide First Aid (AM),PFA-011,2,24,22,true
has_room,JOONDALUP,109112,CPR & PFA (AM),0,24,true,2062146,2026-10-02T09:00:00+10:00,Provide CPR (AM),CPR-009,0,10,10,true
has_room,JOONDALUP,109112,CPR & PFA (AM),0,24,true,2062160,2026-10-02T09:00:00+10:00,Provide First Aid (AM),PFA-011,0,24,24,true
has_room,JOONDALUP,109113,CPR & PFA (AM),0,24,true,2062147,2026-10-05T09:00:00+10:00,Provide CPR (AM),CPR-009,0,10,10,true
has_room,JOONDALUP,109113,CPR & PFA (AM),0,24,true,2062161,2026-10-05T09:00:00+10:00,Provide First Aid (AM),PFA-011,0,24,24,true
has_room,JOONDALUP,109114,CPR & PFA (AM),0,24,true,2062148,2026-10-06T09:00:00+10:00,Provide CPR (AM),CPR-009,0,10,10,true
has_room,JOONDALUP,109114,CPR & PFA (AM),0,24,true,2062162,2026-10-06T09:00:00+10:00,Provide First Aid (AM),PFA-011,0,24,24,true
has_room,JOONDALUP,109115,CPR & PFA (AM),1,24,true,2062149,2026-10-08T09:00:00+10:00,Provide CPR (AM),CPR-009,0,10,10,true
has_room,JOONDALUP,109115,CPR & PFA (AM),1,24,true,2062163,2026-10-08T09:00:00+10:00,Provide First Aid (AM),PFA-011,1,24,23,true
has_room,JOONDALUP,109116,CPR & PFA (AM),0,24,true,2062150,2026-10-09T09:00:00+10:00,Provide CPR (AM),CPR-009,0,10,10,true
has_room,JOONDALUP,109116,CPR & PFA (AM),0,24,true,2062164,2026-10-09T09:00:00+10:00,Provide First Aid (AM),PFA-011,0,24,24,true
has_room,JOONDALUP,109117,CPR & PFA (AM),0,24,true,2062151,2026-10-12T09:00:00+10:00,Provide CPR (AM),CPR-009,0,10,10,true
has_room,JOONDALUP,109117,CPR & PFA (AM),0,24,true,2062165,2026-10-12T09:00:00+10:00,Provide First Aid (AM),PFA-011,0,24,24,true
has_room,JOONDALUP,109118,CPR & PFA (AM),0,24,true,2062152,2026-10-13T09:00:00+10:00,Provide CPR (AM),CPR-009,0,10,10,true
has_room,JOONDALUP,109118,CPR & PFA (AM),0,24,true,2062166,2026-10-13T09:00:00+10:00,Provide First Aid (AM),PFA-011,0,24,24,true
has_room,JOONDALUP,109119,CPR & PFA (AM),0,24,true,2062153,2026-10-16T09:00:00+10:00,Provide CPR (AM),CPR-009,0,10,10,true
has_room,JOONDALUP,109119,CPR & PFA (AM),0,24,true,2062167,2026-10-16T09:00:00+10:00,Provide First Aid (AM),PFA-011,0,24,24,true
has_room,JOONDALUP,109120,CPR & PFA (AM),0,24,true,2062154,2026-10-19T09:00:00+10:00,Provide CPR (AM),CPR-009,0,10,10,true
has_room,JOONDALUP,109120,CPR & PFA (AM),0,24,true,2062168,2026-10-19T09:00:00+10:00,Provide First Aid (AM),PFA-011,0,24,24,true
has_room,JOONDALUP,109121,CPR & PFA (AM),0,24,true,2062155,2026-10-20T09:00:00+10:00,Provide CPR (AM),CPR-009,0,10,10,true
has_room,JOONDALUP,109121,CPR & PFA (AM),0,24,true,2062169,2026-10-20T09:00:00+10:00,Provide First Aid (AM),PFA-011,0,24,24,true
has_room,JOONDALUP,109122,CPR & PFA (AM),1,24,true,2062156,2026-10-22T09:00:00+10:00,Provide CPR (AM),CPR-009,1,10,9,true
has_room,JOONDALUP,109122,CPR & PFA (AM),1,24,true,2062170,2026-10-22T09:00:00+10:00,Provide First Aid (AM),PFA-011,0,24,24,true
has_room,JOONDALUP,109123,CPR & PFA (AM),0,24,true,2062157,2026-10-26T09:00:00+10:00,Provide CPR (AM),CPR-009,0,10,10,true
has_room,JOONDALUP,109123,CPR & PFA (AM),0,24,true,2062171,2026-10-26T09:00:00+10:00,Provide First Aid (AM),PFA-011,0,24,24,true
has_room,JOONDALUP,109124,CPR & PFA (AM),0,24,true,2062158,2026-10-27T09:00:00+10:00,Provide CPR (AM),CPR-009,0,10,10,true
has_room,JOONDALUP,109124,CPR & PFA (AM),0,24,true,2062172,2026-10-27T09:00:00+10:00,Provide First Aid (AM),PFA-011,0,24,24,true
has_room,JOONDALUP,109125,CPR & PFA (AM),0,24,true,2062159,2026-10-30T09:00:00+10:00,Provide CPR (AM),CPR-009,0,10,10,true
has_room,JOONDALUP,109125,CPR & PFA (AM),0,24,true,2062173,2026-10-30T09:00:00+10:00,Provide First Aid (AM),PFA-011,0,24,24,true
has_room,JOONDALUP,109126,CPR/PFA/EFA,0,24,true,2062188,2026-10-03T09:00:00+10:00,Provide CPR (AM),CPR-009,0,10,10,true
has_room,JOONDALUP,109126,CPR/PFA/EFA,0,24,true,2062195,2026-10-03T09:00:00+10:00,Provide First Aid (AM),PFA-011,0,24,24,true
has_room,JOONDALUP,109126,CPR/PFA/EFA,0,24,true,2062202,2026-10-03T09:00:00+10:00,Childcare First Aid (AM),EFA-012,0,24,24,true
has_room,JOONDALUP,109127,CPR/PFA/EFA,0,24,true,2062189,2026-10-10T09:00:00+10:00,Provide CPR (AM),CPR-009,0,10,10,true
has_room,JOONDALUP,109127,CPR/PFA/EFA,0,24,true,2062196,2026-10-10T09:00:00+10:00,Provide First Aid (AM),PFA-011,0,24,24,true
has_room,JOONDALUP,109127,CPR/PFA/EFA,0,24,true,2062203,2026-10-10T09:00:00+10:00,Childcare First Aid (AM),EFA-012,0,24,24,true
has_room,JOONDALUP,109128,CPR/PFA/EFA,0,24,true,2062190,2026-10-11T09:00:00+10:00,Provide CPR (AM),CPR-009,0,10,10,true
has_room,JOONDALUP,109128,CPR/PFA/EFA,0,24,true,2062197,2026-10-11T09:00:00+10:00,Provide First Aid (AM),PFA-011,0,24,24,true
has_room,JOONDALUP,109128,CPR/PFA/EFA,0,24,true,2062204,2026-10-11T09:00:00+10:00,Childcare First Aid (AM),EFA-012,0,24,24,true
has_room,JOONDALUP,109129,CPR/PFA/EFA,0,24,true,2062191,2026-10-17T09:00:00+10:00,Provide CPR (AM),CPR-009,0,10,10,true
has_room,JOONDALUP,109129,CPR/PFA/EFA,0,24,true,2062198,2026-10-17T09:00:00+10:00,Provide First Aid (AM),PFA-011,0,24,24,true
has_room,JOONDALUP,109129,CPR/PFA/EFA,0,24,true,2062205,2026-10-17T09:00:00+10:00,Childcare First Aid (AM),EFA-012,0,24,24,true
has_room,JOONDALUP,109130,CPR/PFA/EFA,0,24,true,2062192,2026-10-24T09:00:00+10:00,Provide CPR (AM),CPR-009,0,10,10,true
has_room,JOONDALUP,109130,CPR/PFA/EFA,0,24,true,2062199,2026-10-24T09:00:00+10:00,Provide First Aid (AM),PFA-011,0,24,24,true
has_room,JOONDALUP,109130,CPR/PFA/EFA,0,24,true,2062206,2026-10-24T09:00:00+10:00,Childcare First Aid (AM),EFA-012,0,24,24,true
has_room,JOONDALUP,109131,CPR/PFA/EFA,1,24,true,2062193,2026-10-25T09:00:00+10:00,Provide CPR (AM),CPR-009,0,10,10,true
has_room,JOONDALUP,109131,CPR/PFA/EFA,1,24,true,2062200,2026-10-25T09:00:00+10:00,Provide First Aid (AM),PFA-011,1,24,23,true
has_room,JOONDALUP,109131,CPR/PFA/EFA,1,24,true,2062207,2026-10-25T09:00:00+10:00,Childcare First Aid (AM),EFA-012,0,24,24,true
has_room,JOONDALUP,109132,CPR/PFA/EFA,0,24,true,2062194,2026-10-31T09:00:00+10:00,Provide CPR (AM),CPR-009,0,10,10,true
has_room,JOONDALUP,109132,CPR/PFA/EFA,0,24,true,2062201,2026-10-31T09:00:00+10:00,Provide First Aid (AM),PFA-011,0,24,24,true
has_room,JOONDALUP,109132,CPR/PFA/EFA,0,24,true,2062208,2026-10-31T09:00:00+10:00,Childcare First Aid (AM),EFA-012,0,24,24,true
has_room,JOONDALUP,109730,CPR & PFA (AM),0,24,true,2063997,2026-10-23T09:00:00+10:00,Provide CPR (AM),CPR-009,0,10,10,true
has_room,JOONDALUP,109730,CPR & PFA (AM),0,24,true,2063998,2026-10-23T09:00:00+10:00,Provide First Aid (AM),PFA-011,0,24,24,true
has_room,KAWANA WATERS,107190,CPR/PFA/EFA,9,21,true,2056352,2026-08-29T09:00:00+10:00,Provide CPR (AM),CPR-009,6,9,3,true
has_room,KAWANA WATERS,107190,CPR/PFA/EFA,9,21,true,2056357,2026-08-29T09:00:00+10:00,Provide First Aid (AM),PFA-011,1,21,20,true
has_room,KAWANA WATERS,107190,CPR/PFA/EFA,9,21,true,2056362,2026-08-29T09:00:00+10:00,Childcare First Aid (AM),EFA-012,2,21,19,true
has_room,KAWANA WATERS,107198,CPR & PFA (AM),17,21,true,2056370,2026-08-27T09:00:00+10:00,Provide CPR (AM),CPR-009,7,9,2,true
has_room,KAWANA WATERS,107198,CPR & PFA (AM),17,21,true,2056379,2026-08-27T09:00:00+10:00,Provide First Aid (AM),PFA-011,10,21,11,true
has_room,KAWANA WATERS,108118,CPR/PFA/EFA,2,21,true,2059126,2026-09-05T09:00:00+10:00,Provide CPR (AM),CPR-009,0,7,7,true
has_room,KAWANA WATERS,108118,CPR/PFA/EFA,2,21,true,2059130,2026-09-05T09:00:00+10:00,Provide First Aid (AM),PFA-011,2,21,19,true
has_room,KAWANA WATERS,108118,CPR/PFA/EFA,2,21,true,2059134,2026-09-05T09:00:00+10:00,Childcare First Aid (AM),EFA-012,0,21,21,true
has_room,KAWANA WATERS,108119,CPR/PFA/EFA,0,21,true,2059127,2026-09-12T09:00:00+10:00,Provide CPR (AM),CPR-009,0,7,7,true
has_room,KAWANA WATERS,108119,CPR/PFA/EFA,0,21,true,2059131,2026-09-12T09:00:00+10:00,Provide First Aid (AM),PFA-011,0,21,21,true
has_room,KAWANA WATERS,108119,CPR/PFA/EFA,0,21,true,2059135,2026-09-12T09:00:00+10:00,Childcare First Aid (AM),EFA-012,0,21,21,true
has_room,KAWANA WATERS,108120,CPR/PFA/EFA,0,21,true,2059128,2026-09-19T09:00:00+10:00,Provide CPR (AM),CPR-009,0,7,7,true
has_room,KAWANA WATERS,108120,CPR/PFA/EFA,0,21,true,2059132,2026-09-19T09:00:00+10:00,Provide First Aid (AM),PFA-011,0,21,21,true
has_room,KAWANA WATERS,108120,CPR/PFA/EFA,0,21,true,2059136,2026-09-19T09:00:00+10:00,Childcare First Aid (AM),EFA-012,0,21,21,true
has_room,KAWANA WATERS,108121,CPR/PFA/EFA,1,21,true,2059129,2026-09-26T09:00:00+10:00,Provide CPR (AM),CPR-009,1,7,6,true
has_room,KAWANA WATERS,108121,CPR/PFA/EFA,1,21,true,2059133,2026-09-26T09:00:00+10:00,Provide First Aid (AM),PFA-011,0,21,21,true
has_room,KAWANA WATERS,108121,CPR/PFA/EFA,1,21,true,2059137,2026-09-26T09:00:00+10:00,Childcare First Aid (AM),EFA-012,0,21,21,true
has_room,KAWANA WATERS,108122,CPR & PFA (AM),5,21,true,2059138,2026-09-03T09:00:00+10:00,Provide CPR (AM),CPR-009,5,7,2,true
has_room,KAWANA WATERS,108122,CPR & PFA (AM),5,21,true,2059145,2026-09-03T09:00:00+10:00,Provide First Aid (AM),PFA-011,0,21,21,true
has_room,KAWANA WATERS,108123,CPR & PFA (AM),2,21,true,2059139,2026-09-07T09:00:00+10:00,Provide CPR (AM),CPR-009,2,7,5,true
has_room,KAWANA WATERS,108123,CPR & PFA (AM),2,21,true,2059146,2026-09-07T09:00:00+10:00,Provide First Aid (AM),PFA-011,0,21,21,true
has_room,KAWANA WATERS,108124,CPR & PFA (AM),3,21,true,2059140,2026-09-11T09:00:00+10:00,Provide CPR (AM),CPR-009,3,7,4,true
has_room,KAWANA WATERS,108124,CPR & PFA (AM),3,21,true,2059147,2026-09-11T09:00:00+10:00,Provide First Aid (AM),PFA-011,0,21,21,true
has_room,KAWANA WATERS,108125,CPR & PFA (AM),0,21,true,2059141,2026-09-14T09:00:00+10:00,Provide CPR (AM),CPR-009,0,7,7,true
has_room,KAWANA WATERS,108125,CPR & PFA (AM),0,21,true,2059148,2026-09-14T09:00:00+10:00,Provide First Aid (AM),PFA-011,0,21,21,true
has_room,KAWANA WATERS,108126,CPR & PFA (AM),1,21,true,2059142,2026-09-18T09:00:00+10:00,Provide CPR (AM),CPR-009,1,7,6,true
has_room,KAWANA WATERS,108126,CPR & PFA (AM),1,21,true,2059149,2026-09-18T09:00:00+10:00,Provide First Aid (AM),PFA-011,0,21,21,true
has_room,KAWANA WATERS,108127,CPR & PFA (AM),2,21,true,2059143,2026-09-21T09:00:00+10:00,Provide CPR (AM),CPR-009,2,7,5,true
has_room,KAWANA WATERS,108127,CPR & PFA (AM),2,21,true,2059150,2026-09-21T09:00:00+10:00,Provide First Aid (AM),PFA-011,0,21,21,true
has_room,KAWANA WATERS,108128,CPR & PFA (AM),1,21,true,2059144,2026-09-24T09:00:00+10:00,Provide CPR (AM),CPR-009,0,7,7,true
has_room,KAWANA WATERS,108128,CPR & PFA (AM),1,21,true,2059151,2026-09-24T09:00:00+10:00,Provide First Aid (AM),PFA-011,1,21,20,true
has_room,KAWANA WATERS,109680,CPR & PFA (AM),1,21,true,2063842,2026-10-01T09:00:00+10:00,Provide CPR (AM),CPR-009,1,7,6,true
has_room,KAWANA WATERS,109680,CPR & PFA (AM),1,21,true,2063850,2026-10-01T09:00:00+10:00,Provide First Aid (AM),PFA-011,0,21,21,true
has_room,KAWANA WATERS,109681,CPR & PFA (AM),0,21,true,2063843,2026-10-05T09:00:00+10:00,Provide CPR (AM),CPR-009,0,7,7,true
has_room,KAWANA WATERS,109681,CPR & PFA (AM),0,21,true,2063851,2026-10-05T09:00:00+10:00,Provide First Aid (AM),PFA-011,0,21,21,true
has_room,KAWANA WATERS,109682,CPR & PFA (AM),0,21,true,2063844,2026-10-09T09:00:00+10:00,Provide CPR (AM),CPR-009,0,7,7,true
has_room,KAWANA WATERS,109682,CPR & PFA (AM),0,21,true,2063852,2026-10-09T09:00:00+10:00,Provide First Aid (AM),PFA-011,0,21,21,true
has_room,KAWANA WATERS,109683,CPR & PFA (AM),0,21,true,2063845,2026-10-12T09:00:00+10:00,Provide CPR (AM),CPR-009,0,7,7,true
has_room,KAWANA WATERS,109683,CPR & PFA (AM),0,21,true,2063853,2026-10-12T09:00:00+10:00,Provide First Aid (AM),PFA-011,0,21,21,true
has_room,KAWANA WATERS,109684,CPR & PFA (AM),0,21,true,2063846,2026-10-16T09:00:00+10:00,Provide CPR (AM),CPR-009,0,7,7,true
has_room,KAWANA WATERS,109684,CPR & PFA (AM),0,21,true,2063854,2026-10-16T09:00:00+10:00,Provide First Aid (AM),PFA-011,0,21,21,true
has_room,KAWANA WATERS,109685,CPR & PFA (AM),0,21,true,2063847,2026-10-19T09:00:00+10:00,Provide CPR (AM),CPR-009,0,7,7,true
has_room,KAWANA WATERS,109685,CPR & PFA (AM),0,21,true,2063855,2026-10-19T09:00:00+10:00,Provide First Aid (AM),PFA-011,0,21,21,true
has_room,KAWANA WATERS,109686,CPR & PFA (AM),0,21,true,2063848,2026-10-22T09:00:00+10:00,Provide CPR (AM),CPR-009,0,7,7,true
has_room,KAWANA WATERS,109686,CPR & PFA (AM),0,21,true,2063856,2026-10-22T09:00:00+10:00,Provide First Aid (AM),PFA-011,0,21,21,true
has_room,KAWANA WATERS,109687,CPR & PFA (AM),0,21,true,2063849,2026-10-29T09:00:00+10:00,Provide CPR (AM),CPR-009,0,7,7,true
has_room,KAWANA WATERS,109687,CPR & PFA (AM),0,21,true,2063857,2026-10-29T09:00:00+10:00,Provide First Aid (AM),PFA-011,0,21,21,true
has_room,KAWANA WATERS,109688,CPR/PFA/EFA,0,21,true,2063858,2026-10-03T09:00:00+10:00,Provide CPR (AM),CPR-009,0,7,7,true
has_room,KAWANA WATERS,109688,CPR/PFA/EFA,0,21,true,2063863,2026-10-03T09:00:00+10:00,Provide First Aid (AM),PFA-011,0,21,21,true
has_room,KAWANA WATERS,109688,CPR/PFA/EFA,0,21,true,2063868,2026-10-03T09:00:00+10:00,Childcare First Aid (AM),EFA-012,0,21,21,true
has_room,KAWANA WATERS,109689,CPR/PFA/EFA,0,21,true,2063859,2026-10-10T09:00:00+10:00,Provide CPR (AM),CPR-009,0,7,7,true
has_room,KAWANA WATERS,109689,CPR/PFA/EFA,0,21,true,2063864,2026-10-10T09:00:00+10:00,Provide First Aid (AM),PFA-011,0,21,21,true
has_room,KAWANA WATERS,109689,CPR/PFA/EFA,0,21,true,2063869,2026-10-10T09:00:00+10:00,Childcare First Aid (AM),EFA-012,0,21,21,true
has_room,KAWANA WATERS,109690,CPR/PFA/EFA,0,21,true,2063860,2026-10-17T09:00:00+10:00,Provide CPR (AM),CPR-009,0,7,7,true
has_room,KAWANA WATERS,109690,CPR/PFA/EFA,0,21,true,2063865,2026-10-17T09:00:00+10:00,Provide First Aid (AM),PFA-011,0,21,21,true
has_room,KAWANA WATERS,109690,CPR/PFA/EFA,0,21,true,2063870,2026-10-17T09:00:00+10:00,Childcare First Aid (AM),EFA-012,0,21,21,true
has_room,KAWANA WATERS,109691,CPR/PFA/EFA,0,21,true,2063861,2026-10-24T09:00:00+10:00,Provide CPR (AM),CPR-009,0,7,7,true
has_room,KAWANA WATERS,109691,CPR/PFA/EFA,0,21,true,2063866,2026-10-24T09:00:00+10:00,Provide First Aid (AM),PFA-011,0,21,21,true
has_room,KAWANA WATERS,109691,CPR/PFA/EFA,0,21,true,2063871,2026-10-24T09:00:00+10:00,Childcare First Aid (AM),EFA-012,0,21,21,true
has_room,KAWANA WATERS,109692,CPR/PFA/EFA,0,21,true,2063862,2026-10-31T09:00:00+10:00,Provide CPR (AM),CPR-009,0,7,7,true
has_room,KAWANA WATERS,109692,CPR/PFA/EFA,0,21,true,2063867,2026-10-31T09:00:00+10:00,Provide First Aid (AM),PFA-011,0,21,21,true
has_room,KAWANA WATERS,109692,CPR/PFA/EFA,0,21,true,2063872,2026-10-31T09:00:00+10:00,Childcare First Aid (AM),EFA-012,0,21,21,true
has_room,MACKAY,107325,CPR/PFA/EFA,20,24,true,2056754,2026-08-29T10:00:00+10:00,Provide CPR (AM),CPR-009,8,9,1,true
has_room,MACKAY,107325,CPR/PFA/EFA,20,24,true,2056758,2026-08-29T10:00:00+10:00,Provide First Aid (AM),PFA-011,9,24,15,true
has_room,MACKAY,107325,CPR/PFA/EFA,20,24,true,2056762,2026-08-29T10:00:00+10:00,Childcare First Aid (AM),EFA-012,3,24,21,true
over_cap,MACKAY,107328,CPR & PFA (AM),24,20,true,2056765,2026-08-27T10:00:00+10:00,Provide CPR (AM),CPR-009,4,4,0,true
over_cap,MACKAY,107328,CPR & PFA (AM),24,20,true,2056768,2026-08-27T10:00:00+10:00,Provide First Aid (AM),PFA-011,20,20,0,true
has_room,MACKAY,108265,CPR/PFA/EFA,4,24,true,2059569,2026-09-05T10:00:00+10:00,Provide CPR (AM),CPR-009,2,8,6,true
has_room,MACKAY,108265,CPR/PFA/EFA,4,24,true,2059573,2026-09-05T10:00:00+10:00,Provide First Aid (AM),PFA-011,2,24,22,true
has_room,MACKAY,108265,CPR/PFA/EFA,4,24,true,2059577,2026-09-05T10:00:00+10:00,Childcare First Aid (AM),EFA-012,0,24,24,true
has_room,MACKAY,108266,CPR/PFA/EFA,2,24,true,2059570,2026-09-12T10:00:00+10:00,Provide CPR (AM),CPR-009,0,8,8,true
has_room,MACKAY,108266,CPR/PFA/EFA,2,24,true,2059574,2026-09-12T10:00:00+10:00,Provide First Aid (AM),PFA-011,2,24,22,true
has_room,MACKAY,108266,CPR/PFA/EFA,2,24,true,2059578,2026-09-12T10:00:00+10:00,Childcare First Aid (AM),EFA-012,0,24,24,true
has_room,MACKAY,108267,CPR/PFA/EFA,1,24,true,2059571,2026-09-19T10:00:00+10:00,Provide CPR (AM),CPR-009,1,8,7,true
has_room,MACKAY,108267,CPR/PFA/EFA,1,24,true,2059575,2026-09-19T10:00:00+10:00,Provide First Aid (AM),PFA-011,0,24,24,true
has_room,MACKAY,108267,CPR/PFA/EFA,1,24,true,2059579,2026-09-19T10:00:00+10:00,Childcare First Aid (AM),EFA-012,0,24,24,true
has_room,MACKAY,108268,CPR/PFA/EFA,1,24,true,2059572,2026-09-26T10:00:00+10:00,Provide CPR (AM),CPR-009,0,8,8,true
has_room,MACKAY,108268,CPR/PFA/EFA,1,24,true,2059576,2026-09-26T10:00:00+10:00,Provide First Aid (AM),PFA-011,1,24,23,true
has_room,MACKAY,108268,CPR/PFA/EFA,1,24,true,2059580,2026-09-26T10:00:00+10:00,Childcare First Aid (AM),EFA-012,0,24,24,true
has_room,MACKAY,108269,CPR & PFA (AM),23,24,true,2059581,2026-09-04T10:00:00+10:00,Provide CPR (AM),CPR-009,11,9,0,true
has_room,MACKAY,108269,CPR & PFA (AM),23,24,true,2059585,2026-09-04T10:00:00+10:00,Provide First Aid (AM),PFA-011,12,24,12,true
has_room,MACKAY,108270,CPR & PFA (AM),11,24,true,2059582,2026-09-10T10:00:00+10:00,Provide CPR (AM),CPR-009,4,8,4,true
has_room,MACKAY,108270,CPR & PFA (AM),11,24,true,2059586,2026-09-10T10:00:00+10:00,Provide First Aid (AM),PFA-011,7,24,17,true
has_room,MACKAY,108271,CPR & PFA (AM),0,24,true,2059583,2026-09-18T10:00:00+10:00,Provide CPR (AM),CPR-009,0,8,8,true
has_room,MACKAY,108271,CPR & PFA (AM),0,24,true,2059587,2026-09-18T10:00:00+10:00,Provide First Aid (AM),PFA-011,0,24,24,true
has_room,MACKAY,108272,CPR & PFA (AM),1,24,true,2059584,2026-09-24T10:00:00+10:00,Provide CPR (AM),CPR-009,1,8,7,true
has_room,MACKAY,108272,CPR & PFA (AM),1,24,true,2059588,2026-09-24T10:00:00+10:00,Provide First Aid (AM),PFA-011,0,24,24,true
has_room,MACKAY,108804,CPR & PFA (AM),2,24,true,2061230,2026-10-02T10:00:00+10:00,Provide CPR (AM),CPR-009,1,8,7,true
has_room,MACKAY,108804,CPR & PFA (AM),2,24,true,2061235,2026-10-02T10:00:00+10:00,Provide First Aid (AM),PFA-011,1,24,23,true
has_room,MACKAY,108805,CPR & PFA (AM),0,24,true,2061231,2026-10-08T10:00:00+10:00,Provide CPR (AM),CPR-009,0,8,8,true
has_room,MACKAY,108805,CPR & PFA (AM),0,24,true,2061236,2026-10-08T10:00:00+10:00,Provide First Aid (AM),PFA-011,0,24,24,true
has_room,MACKAY,108806,CPR & PFA (AM),0,24,true,2061232,2026-10-16T10:00:00+10:00,Provide CPR (AM),CPR-009,0,8,8,true
has_room,MACKAY,108806,CPR & PFA (AM),0,24,true,2061237,2026-10-16T10:00:00+10:00,Provide First Aid (AM),PFA-011,0,24,24,true
has_room,MACKAY,108807,CPR & PFA (AM),0,24,true,2061233,2026-10-22T10:00:00+10:00,Provide CPR (AM),CPR-009,0,8,8,true
has_room,MACKAY,108807,CPR & PFA (AM),0,24,true,2061238,2026-10-22T10:00:00+10:00,Provide First Aid (AM),PFA-011,0,24,24,true
has_room,MACKAY,108808,CPR & PFA (AM),0,24,true,2061234,2026-10-29T10:00:00+10:00,Provide CPR (AM),CPR-009,0,8,8,true
has_room,MACKAY,108808,CPR & PFA (AM),0,24,true,2061239,2026-10-29T10:00:00+10:00,Provide First Aid (AM),PFA-011,0,24,24,true
has_room,MACKAY,108809,CPR/PFA/EFA,0,24,true,2061245,2026-10-03T10:00:00+10:00,Provide CPR (AM),CPR-009,0,8,8,true
has_room,MACKAY,108809,CPR/PFA/EFA,0,24,true,2061250,2026-10-03T10:00:00+10:00,Provide First Aid (AM),PFA-011,0,24,24,true
has_room,MACKAY,108809,CPR/PFA/EFA,0,24,true,2061255,2026-10-03T10:00:00+10:00,Childcare First Aid (AM),EFA-012,0,24,24,true
has_room,MACKAY,108810,CPR/PFA/EFA,0,24,true,2061246,2026-10-10T10:00:00+10:00,Provide CPR (AM),CPR-009,0,8,8,true
has_room,MACKAY,108810,CPR/PFA/EFA,0,24,true,2061251,2026-10-10T10:00:00+10:00,Provide First Aid (AM),PFA-011,0,24,24,true
has_room,MACKAY,108810,CPR/PFA/EFA,0,24,true,2061256,2026-10-10T10:00:00+10:00,Childcare First Aid (AM),EFA-012,0,24,24,true
has_room,MACKAY,108811,CPR/PFA/EFA,0,24,true,2061247,2026-10-17T10:00:00+10:00,Provide CPR (AM),CPR-009,0,8,8,true
has_room,MACKAY,108811,CPR/PFA/EFA,0,24,true,2061252,2026-10-17T10:00:00+10:00,Provide First Aid (AM),PFA-011,0,24,24,true
has_room,MACKAY,108811,CPR/PFA/EFA,0,24,true,2061257,2026-10-17T10:00:00+10:00,Childcare First Aid (AM),EFA-012,0,24,24,true
has_room,MACKAY,108812,CPR/PFA/EFA,0,24,true,2061248,2026-10-24T10:00:00+10:00,Provide CPR (AM),CPR-009,0,8,8,true
has_room,MACKAY,108812,CPR/PFA/EFA,0,24,true,2061253,2026-10-24T10:00:00+10:00,Provide First Aid (AM),PFA-011,0,24,24,true
has_room,MACKAY,108812,CPR/PFA/EFA,0,24,true,2061258,2026-10-24T10:00:00+10:00,Childcare First Aid (AM),EFA-012,0,24,24,true
has_room,MACKAY,108813,CPR/PFA/EFA,0,24,true,2061249,2026-10-31T10:00:00+10:00,Provide CPR (AM),CPR-009,0,8,8,true
has_room,MACKAY,108813,CPR/PFA/EFA,0,24,true,2061254,2026-10-31T10:00:00+10:00,Provide First Aid (AM),PFA-011,0,24,24,true
has_room,MACKAY,108813,CPR/PFA/EFA,0,24,true,2061259,2026-10-31T10:00:00+10:00,Childcare First Aid (AM),EFA-012,0,24,24,true
over_cap,MAITLAND,107460,CPR/PFA/EFA,20,13,true,2057155,2026-08-29T09:00:00+10:00,Provide CPR (AM),CPR-009,7,7,0,true
over_cap,MAITLAND,107460,CPR/PFA/EFA,20,13,true,2057159,2026-08-29T09:00:00+10:00,Provide First Aid (AM),PFA-011,13,13,0,true
over_cap,MAITLAND,107460,CPR/PFA/EFA,20,13,true,2057163,2026-08-29T09:00:00+10:00,Childcare First Aid (AM),EFA-012,0,0,0,true
has_room,MAITLAND,108410,CPR/PFA/EFA,7,20,true,2059997,2026-09-05T09:00:00+10:00,Provide CPR (AM),CPR-009,3,8,5,true
has_room,MAITLAND,108410,CPR/PFA/EFA,7,20,true,2060001,2026-09-05T09:00:00+10:00,Provide First Aid (AM),PFA-011,3,20,17,true
has_room,MAITLAND,108410,CPR/PFA/EFA,7,20,true,2060005,2026-09-05T09:00:00+10:00,Childcare First Aid (AM),EFA-012,1,20,19,true
has_room,MAITLAND,108411,CPR/PFA/EFA,4,20,true,2059998,2026-09-12T09:00:00+10:00,Provide CPR (AM),CPR-009,0,8,8,true
has_room,MAITLAND,108411,CPR/PFA/EFA,4,20,true,2060002,2026-09-12T09:00:00+10:00,Provide First Aid (AM),PFA-011,1,20,19,true
has_room,MAITLAND,108411,CPR/PFA/EFA,4,20,true,2060006,2026-09-12T09:00:00+10:00,Childcare First Aid (AM),EFA-012,3,20,17,true
has_room,MAITLAND,108412,CPR/PFA/EFA,2,20,true,2059999,2026-09-19T09:00:00+10:00,Provide CPR (AM),CPR-009,0,8,8,true
has_room,MAITLAND,108412,CPR/PFA/EFA,2,20,true,2060003,2026-09-19T09:00:00+10:00,Provide First Aid (AM),PFA-011,1,20,19,true
has_room,MAITLAND,108412,CPR/PFA/EFA,2,20,true,2060007,2026-09-19T09:00:00+10:00,Childcare First Aid (AM),EFA-012,1,20,19,true
has_room,MAITLAND,108413,CPR/PFA/EFA,4,20,true,2060000,2026-09-26T09:00:00+10:00,Provide CPR (AM),CPR-009,4,8,4,true
has_room,MAITLAND,108413,CPR/PFA/EFA,4,20,true,2060004,2026-09-26T09:00:00+10:00,Provide First Aid (AM),PFA-011,0,20,20,true
has_room,MAITLAND,108413,CPR/PFA/EFA,4,20,true,2060008,2026-09-26T09:00:00+10:00,Childcare First Aid (AM),EFA-012,0,20,20,true
over_cap,MAITLAND,108414,CPR & PFA (AM),20,12,true,2060009,2026-09-01T09:00:00+10:00,Provide CPR (AM),CPR-009,8,8,0,true
over_cap,MAITLAND,108414,CPR & PFA (AM),20,12,true,2060015,2026-09-01T09:00:00+10:00,Provide First Aid (AM),PFA-011,12,12,0,true
has_room,MAITLAND,108415,CPR & PFA (AM),18,20,true,2060010,2026-09-08T09:00:00+10:00,Provide CPR (AM),CPR-009,7,8,1,true
has_room,MAITLAND,108415,CPR & PFA (AM),18,20,true,2060016,2026-09-08T09:00:00+10:00,Provide First Aid (AM),PFA-011,11,20,9,true
has_room,MAITLAND,108416,CPR & PFA (AM),4,20,true,2060011,2026-09-11T09:00:00+10:00,Provide CPR (AM),CPR-009,1,8,7,true
has_room,MAITLAND,108416,CPR & PFA (AM),4,20,true,2060017,2026-09-11T09:00:00+10:00,Provide First Aid (AM),PFA-011,3,20,17,true
has_room,MAITLAND,108417,CPR & PFA (AM),5,20,true,2060012,2026-09-15T09:00:00+10:00,Provide CPR (AM),CPR-009,2,8,6,true
has_room,MAITLAND,108417,CPR & PFA (AM),5,20,true,2060018,2026-09-15T09:00:00+10:00,Provide First Aid (AM),PFA-011,3,20,17,true
has_room,MAITLAND,108418,CPR & PFA (AM),2,20,true,2060013,2026-09-22T09:00:00+10:00,Provide CPR (AM),CPR-009,0,8,8,true
has_room,MAITLAND,108418,CPR & PFA (AM),2,20,true,2060019,2026-09-22T09:00:00+10:00,Provide First Aid (AM),PFA-011,2,20,18,true
has_room,MAITLAND,108419,CPR & PFA (AM),1,20,true,2060014,2026-09-29T09:00:00+10:00,Provide CPR (AM),CPR-009,0,8,8,true
has_room,MAITLAND,108419,CPR & PFA (AM),1,20,true,2060020,2026-09-29T09:00:00+10:00,Provide First Aid (AM),PFA-011,1,20,19,true
has_room,MAITLAND,109030,CPR & PFA (AM),4,20,true,2061904,2026-10-06T09:00:00+10:00,Provide CPR (AM),CPR-009,0,8,8,true
has_room,MAITLAND,109030,CPR & PFA (AM),4,20,true,2061908,2026-10-06T09:00:00+10:00,Provide First Aid (AM),PFA-011,4,20,16,true
has_room,MAITLAND,109031,CPR & PFA (AM),0,20,true,2061905,2026-10-13T09:00:00+10:00,Provide CPR (AM),CPR-009,0,8,8,true
has_room,MAITLAND,109031,CPR & PFA (AM),0,20,true,2061909,2026-10-13T09:00:00+10:00,Provide First Aid (AM),PFA-011,0,20,20,true
has_room,MAITLAND,109032,CPR & PFA (AM),0,20,true,2061906,2026-10-20T09:00:00+10:00,Provide CPR (AM),CPR-009,0,8,8,true
has_room,MAITLAND,109032,CPR & PFA (AM),0,20,true,2061910,2026-10-20T09:00:00+10:00,Provide First Aid (AM),PFA-011,0,20,20,true
has_room,MAITLAND,109033,CPR & PFA (AM),0,20,true,2061907,2026-10-27T09:00:00+10:00,Provide CPR (AM),CPR-009,0,8,8,true
has_room,MAITLAND,109033,CPR & PFA (AM),0,20,true,2061911,2026-10-27T09:00:00+10:00,Provide First Aid (AM),PFA-011,0,20,20,true
has_room,MAITLAND,109034,CPR/PFA/EFA,0,20,true,2061916,2026-10-10T09:00:00+10:00,Provide CPR (AM),CPR-009,0,8,8,true
has_room,MAITLAND,109034,CPR/PFA/EFA,0,20,true,2061920,2026-10-10T09:00:00+10:00,Provide First Aid (AM),PFA-011,0,20,20,true
has_room,MAITLAND,109034,CPR/PFA/EFA,0,20,true,2061924,2026-10-10T09:00:00+10:00,Childcare First Aid (AM),EFA-012,0,20,20,true
has_room,MAITLAND,109035,CPR/PFA/EFA,0,20,true,2061917,2026-10-17T09:00:00+10:00,Provide CPR (AM),CPR-009,0,8,8,true
has_room,MAITLAND,109035,CPR/PFA/EFA,0,20,true,2061921,2026-10-17T09:00:00+10:00,Provide First Aid (AM),PFA-011,0,20,20,true
has_room,MAITLAND,109035,CPR/PFA/EFA,0,20,true,2061925,2026-10-17T09:00:00+10:00,Childcare First Aid (AM),EFA-012,0,20,20,true
has_room,MAITLAND,109036,CPR/PFA/EFA,0,20,true,2061918,2026-10-24T09:00:00+10:00,Provide CPR (AM),CPR-009,0,8,8,true
has_room,MAITLAND,109036,CPR/PFA/EFA,0,20,true,2061922,2026-10-24T09:00:00+10:00,Provide First Aid (AM),PFA-011,0,20,20,true
has_room,MAITLAND,109036,CPR/PFA/EFA,0,20,true,2061926,2026-10-24T09:00:00+10:00,Childcare First Aid (AM),EFA-012,0,20,20,true
has_room,MAITLAND,109037,CPR/PFA/EFA,0,20,true,2061919,2026-10-31T09:00:00+10:00,Provide CPR (AM),CPR-009,0,8,8,true
has_room,MAITLAND,109037,CPR/PFA/EFA,0,20,true,2061923,2026-10-31T09:00:00+10:00,Provide First Aid (AM),PFA-011,0,20,20,true
has_room,MAITLAND,109037,CPR/PFA/EFA,0,20,true,2061927,2026-10-31T09:00:00+10:00,Childcare First Aid (AM),EFA-012,0,20,20,true
over_cap,MANDURAH,107717,CPR/PFA/EFA,24,16,true,2057926,2026-08-28T09:00:00+10:00,Provide CPR (AM),CPR-009,4,4,0,true
over_cap,MANDURAH,107717,CPR/PFA/EFA,24,16,true,2057928,2026-08-28T09:00:00+10:00,Provide First Aid (AM),PFA-011,16,16,0,true
over_cap,MANDURAH,107717,CPR/PFA/EFA,24,16,true,2057930,2026-08-28T09:00:00+10:00,Childcare First Aid (AM),EFA-012,4,4,0,true
has_room,MANDURAH,108680,CPR/PFA/EFA,14,24,true,2060830,2026-09-19T09:00:00+10:00,Provide CPR (AM),CPR-009,1,10,9,true
has_room,MANDURAH,108680,CPR/PFA/EFA,14,24,true,2060832,2026-09-19T09:00:00+10:00,Provide First Aid (AM),PFA-011,11,24,13,true
has_room,MANDURAH,108680,CPR/PFA/EFA,14,24,true,2060834,2026-09-19T09:00:00+10:00,Childcare First Aid (AM),EFA-012,2,24,22,true
has_room,MANDURAH,108681,CPR/PFA/EFA,6,24,true,2060831,2026-09-25T09:00:00+10:00,Provide CPR (AM),CPR-009,1,10,9,true
has_room,MANDURAH,108681,CPR/PFA/EFA,6,24,true,2060833,2026-09-25T09:00:00+10:00,Provide First Aid (AM),PFA-011,5,24,19,true
has_room,MANDURAH,108681,CPR/PFA/EFA,6,24,true,2060835,2026-09-25T09:00:00+10:00,Childcare First Aid (AM),EFA-012,0,24,24,true
over_cap,MANDURAH,108682,CPR & PFA (AM),24,14,true,2060836,2026-09-02T09:00:00+10:00,Provide CPR (AM),CPR-009,10,10,0,true
over_cap,MANDURAH,108682,CPR & PFA (AM),24,14,true,2060840,2026-09-02T09:00:00+10:00,Provide First Aid (AM),PFA-011,14,14,0,true
has_room,MANDURAH,108683,CPR & PFA (AM),20,24,true,2060837,2026-09-08T09:00:00+10:00,Provide CPR (AM),CPR-009,3,10,7,true
has_room,MANDURAH,108683,CPR & PFA (AM),20,24,true,2060841,2026-09-08T09:00:00+10:00,Provide First Aid (AM),PFA-011,17,24,7,true
has_room,MANDURAH,108684,CPR & PFA (AM),7,24,true,2060838,2026-09-22T09:00:00+10:00,Provide CPR (AM),CPR-009,3,10,7,true
has_room,MANDURAH,108684,CPR & PFA (AM),7,24,true,2060842,2026-09-22T09:00:00+10:00,Provide First Aid (AM),PFA-011,4,24,20,true
has_room,MANDURAH,108685,CPR & PFA (AM),2,24,true,2060839,2026-09-30T09:00:00+10:00,Provide CPR (AM),CPR-009,1,10,9,true
has_room,MANDURAH,108685,CPR & PFA (AM),2,24,true,2060843,2026-09-30T09:00:00+10:00,Provide First Aid (AM),PFA-011,1,24,23,true
has_room,MANDURAH,109133,CPR/PFA/EFA,0,24,true,2062221,2026-10-17T09:00:00+10:00,Provide CPR (AM),CPR-009,0,10,10,true
has_room,MANDURAH,109133,CPR/PFA/EFA,0,24,true,2062223,2026-10-17T09:00:00+10:00,Provide First Aid (AM),PFA-011,0,24,24,true
has_room,MANDURAH,109133,CPR/PFA/EFA,0,24,true,2062225,2026-10-17T09:00:00+10:00,Childcare First Aid (AM),EFA-012,0,24,24,true
has_room,MANDURAH,109134,CPR/PFA/EFA,0,24,true,2062222,2026-10-31T09:00:00+10:00,Provide CPR (AM),CPR-009,0,10,10,true
has_room,MANDURAH,109134,CPR/PFA/EFA,0,24,true,2062224,2026-10-31T09:00:00+10:00,Provide First Aid (AM),PFA-011,0,24,24,true
has_room,MANDURAH,109134,CPR/PFA/EFA,0,24,true,2062226,2026-10-31T09:00:00+10:00,Childcare First Aid (AM),EFA-012,0,24,24,true
has_room,MANDURAH,109135,CPR & PFA (AM),0,24,true,2062228,2026-10-02T09:00:00+10:00,Provide CPR (AM),CPR-009,0,10,10,true
has_room,MANDURAH,109135,CPR & PFA (AM),0,24,true,2062234,2026-10-02T09:00:00+10:00,Provide First Aid (AM),PFA-011,0,24,24,true
has_room,MANDURAH,109136,CPR & PFA (AM),0,24,true,2062229,2026-10-07T09:00:00+10:00,Provide CPR (AM),CPR-009,0,10,10,true
has_room,MANDURAH,109136,CPR & PFA (AM),0,24,true,2062235,2026-10-07T09:00:00+10:00,Provide First Aid (AM),PFA-011,0,24,24,true
has_room,MANDURAH,109137,CPR & PFA (AM),0,24,true,2062230,2026-10-13T09:00:00+10:00,Provide CPR (AM),CPR-009,0,10,10,true
has_room,MANDURAH,109137,CPR & PFA (AM),0,24,true,2062236,2026-10-13T09:00:00+10:00,Provide First Aid (AM),PFA-011,0,24,24,true
has_room,MANDURAH,109138,CPR & PFA (AM),0,24,true,2062231,2026-10-16T09:00:00+10:00,Provide CPR (AM),CPR-009,0,10,10,true
has_room,MANDURAH,109138,CPR & PFA (AM),0,24,true,2062237,2026-10-16T09:00:00+10:00,Provide First Aid (AM),PFA-011,0,24,24,true
has_room,MANDURAH,109139,CPR & PFA (AM),0,24,true,2062232,2026-10-22T09:00:00+10:00,Provide CPR (AM),CPR-009,0,10,10,true
has_room,MANDURAH,109139,CPR & PFA (AM),0,24,true,2062238,2026-10-22T09:00:00+10:00,Provide First Aid (AM),PFA-011,0,24,24,true
has_room,MANDURAH,109140,CPR & PFA (AM),0,24,true,2062233,2026-10-27T09:00:00+10:00,Provide CPR (AM),CPR-009,0,10,10,true
has_room,MANDURAH,109140,CPR & PFA (AM),0,24,true,2062239,2026-10-27T09:00:00+10:00,Provide First Aid (AM),PFA-011,0,24,24,true
has_room,MAROOCHYDORE,107208,CPR/PFA/EFA,19,24,true,2056412,2026-08-31T09:00:00+10:00,Provide CPR (AM),CPR-009,7,24,17,true
has_room,MAROOCHYDORE,107208,CPR/PFA/EFA,19,24,true,2056413,2026-08-31T09:00:00+10:00,Provide First Aid (AM),PFA-011,11,24,13,true
has_room,MAROOCHYDORE,107208,CPR/PFA/EFA,19,24,true,2056414,2026-08-31T09:00:00+10:00,Childcare First Aid (AM),EFA-012,1,24,23,true
has_room,MAROOCHYDORE,108135,CPR/PFA/EFA,0,24,true,2059177,2026-09-28T09:00:00+10:00,Provide CPR (AM),CPR-009,0,24,24,true
has_room,MAROOCHYDORE,108135,CPR/PFA/EFA,0,24,true,2059178,2026-09-28T09:00:00+10:00,Provide First Aid (AM),PFA-011,0,24,24,true
has_room,MAROOCHYDORE,108135,CPR/PFA/EFA,0,24,true,2059179,2026-09-28T09:00:00+10:00,Childcare First Aid (AM),EFA-012,0,24,24,true
has_room,MAROOCHYDORE,108136,CPR & PFA (AM),11,24,true,2059180,2026-09-04T09:00:00+10:00,Provide CPR (AM),CPR-009,6,24,18,true
has_room,MAROOCHYDORE,108136,CPR & PFA (AM),11,24,true,2059184,2026-09-04T09:00:00+10:00,Provide First Aid (AM),PFA-011,5,24,19,true
has_room,MAROOCHYDORE,108137,CPR & PFA (AM),3,24,true,2059181,2026-09-10T09:00:00+10:00,Provide CPR (AM),CPR-009,2,24,22,true
has_room,MAROOCHYDORE,108137,CPR & PFA (AM),3,24,true,2059185,2026-09-10T09:00:00+10:00,Provide First Aid (AM),PFA-011,1,24,23,true
has_room,MAROOCHYDORE,108138,CPR & PFA (AM),1,24,true,2059182,2026-09-17T09:00:00+10:00,Provide CPR (AM),CPR-009,0,24,24,true
has_room,MAROOCHYDORE,108138,CPR & PFA (AM),1,24,true,2059186,2026-09-17T09:00:00+10:00,Provide First Aid (AM),PFA-011,1,24,23,true
has_room,MAROOCHYDORE,108139,CPR & PFA (AM),3,24,true,2059183,2026-09-22T09:00:00+10:00,Provide CPR (AM),CPR-009,3,24,21,true
has_room,MAROOCHYDORE,108139,CPR & PFA (AM),3,24,true,2059187,2026-09-22T09:00:00+10:00,Provide First Aid (AM),PFA-011,0,24,24,true
has_room,MAROOCHYDORE,109700,CPR & PFA (AM),0,24,true,2063900,2026-10-02T09:00:00+10:00,Provide CPR (AM),CPR-009,0,24,24,true
has_room,MAROOCHYDORE,109700,CPR & PFA (AM),0,24,true,2063905,2026-10-02T09:00:00+10:00,Provide First Aid (AM),PFA-011,0,24,24,true
has_room,MAROOCHYDORE,109701,CPR & PFA (AM),0,24,true,2063901,2026-10-08T09:00:00+10:00,Provide CPR (AM),CPR-009,0,24,24,true
has_room,MAROOCHYDORE,109701,CPR & PFA (AM),0,24,true,2063906,2026-10-08T09:00:00+10:00,Provide First Aid (AM),PFA-011,0,24,24,true
has_room,MAROOCHYDORE,109702,CPR & PFA (AM),0,24,true,2063902,2026-10-15T09:00:00+10:00,Provide CPR (AM),CPR-009,0,24,24,true
has_room,MAROOCHYDORE,109702,CPR & PFA (AM),0,24,true,2063907,2026-10-15T09:00:00+10:00,Provide First Aid (AM),PFA-011,0,24,24,true
has_room,MAROOCHYDORE,109703,CPR & PFA (AM),0,24,true,2063903,2026-10-20T09:00:00+10:00,Provide CPR (AM),CPR-009,0,24,24,true
has_room,MAROOCHYDORE,109703,CPR & PFA (AM),0,24,true,2063908,2026-10-20T09:00:00+10:00,Provide First Aid (AM),PFA-011,0,24,24,true
has_room,MAROOCHYDORE,109704,CPR & PFA (AM),0,24,true,2063904,2026-10-30T09:00:00+10:00,Provide CPR (AM),CPR-009,0,24,24,true
has_room,MAROOCHYDORE,109704,CPR & PFA (AM),0,24,true,2063909,2026-10-30T09:00:00+10:00,Provide First Aid (AM),PFA-011,0,24,24,true
has_room,MAROOCHYDORE,109705,CPR/PFA/EFA,0,24,true,2063910,2026-10-26T09:00:00+10:00,Provide CPR (AM),CPR-009,0,24,24,true
has_room,MAROOCHYDORE,109705,CPR/PFA/EFA,0,24,true,2063911,2026-10-26T09:00:00+10:00,Provide First Aid (AM),PFA-011,0,24,24,true
has_room,MAROOCHYDORE,109705,CPR/PFA/EFA,0,24,true,2063912,2026-10-26T09:00:00+10:00,Childcare First Aid (AM),EFA-012,0,24,24,true
has_room,MARYBOROUGH,108221,CPR & PFA (AM),10,24,true,2059440,2026-09-01T09:00:00+10:00,Provide CPR (AM),CPR-009,5,24,19,true
has_room,MARYBOROUGH,108221,CPR & PFA (AM),10,24,true,2059445,2026-09-01T09:00:00+10:00,Provide First Aid (AM),PFA-011,5,24,19,true
has_room,MARYBOROUGH,108222,CPR & PFA (AM),2,24,true,2059441,2026-09-08T09:00:00+10:00,Provide CPR (AM),CPR-009,1,24,23,true
has_room,MARYBOROUGH,108222,CPR & PFA (AM),2,24,true,2059446,2026-09-08T09:00:00+10:00,Provide First Aid (AM),PFA-011,1,24,23,true
has_room,MARYBOROUGH,108223,CPR & PFA (AM),2,24,true,2059442,2026-09-16T09:00:00+10:00,Provide CPR (AM),CPR-009,2,24,22,true
has_room,MARYBOROUGH,108223,CPR & PFA (AM),2,24,true,2059447,2026-09-16T09:00:00+10:00,Provide First Aid (AM),PFA-011,0,24,24,true
has_room,MARYBOROUGH,108224,CPR & PFA (AM),0,24,true,2059443,2026-09-22T09:00:00+10:00,Provide CPR (AM),CPR-009,0,24,24,true
has_room,MARYBOROUGH,108224,CPR & PFA (AM),0,24,true,2059448,2026-09-22T09:00:00+10:00,Provide First Aid (AM),PFA-011,0,24,24,true
has_room,MARYBOROUGH,108225,CPR & PFA (AM),0,24,true,2059444,2026-09-29T09:00:00+10:00,Provide CPR (AM),CPR-009,0,24,24,true
has_room,MARYBOROUGH,108225,CPR & PFA (AM),0,24,true,2059449,2026-09-29T09:00:00+10:00,Provide First Aid (AM),PFA-011,0,24,24,true
has_room,MARYBOROUGH,108875,CPR & PFA (AM),0,24,true,2061443,2026-10-06T09:00:00+10:00,Provide CPR (AM),CPR-009,0,24,24,true
has_room,MARYBOROUGH,108875,CPR & PFA (AM),0,24,true,2061446,2026-10-06T09:00:00+10:00,Provide First Aid (AM),PFA-011,0,24,24,true
has_room,MARYBOROUGH,108876,CPR & PFA (AM),0,24,true,2061444,2026-10-20T09:00:00+10:00,Provide CPR (AM),CPR-009,0,24,24,true
has_room,MARYBOROUGH,108876,CPR & PFA (AM),0,24,true,2061447,2026-10-20T09:00:00+10:00,Provide First Aid (AM),PFA-011,0,24,24,true
has_room,MARYBOROUGH,108877,CPR & PFA (AM),0,24,true,2061445,2026-10-27T09:00:00+10:00,Provide CPR (AM),CPR-009,0,24,24,true
has_room,MARYBOROUGH,108877,CPR & PFA (AM),0,24,true,2061448,2026-10-27T09:00:00+10:00,Provide First Aid (AM),PFA-011,0,24,24,true
has_room,MARYBOROUGH,108878,CPR/PFA/EFA,0,24,true,2061452,2026-10-11T09:00:00+10:00,Provide CPR (AM),CPR-009,0,24,24,true
has_room,MARYBOROUGH,108878,CPR/PFA/EFA,0,24,true,2061453,2026-10-11T09:00:00+10:00,Childcare First Aid (AM),EFA-012,0,24,24,true
has_room,MARYBOROUGH,108878,CPR/PFA/EFA,0,24,true,2061454,2026-10-11T09:00:00+10:00,Provide First Aid (AM),PFA-011,0,24,24,true
has_room,MAWSON LAKES,107765,CPR & PFA (AM),23,24,true,2058070,2026-08-27T08:00:00+10:00,Provide CPR (AM),CPR-009,5,10,5,true
has_room,MAWSON LAKES,107765,CPR & PFA (AM),23,24,true,2058072,2026-08-27T08:00:00+10:00,Provide First Aid (AM),PFA-011,18,24,6,true
has_room,MAWSON LAKES,108721,CPR & PFA (AM),9,24,true,2060954,2026-09-04T09:30:00+10:00,Provide CPR (AM),CPR-009,1,10,9,true
has_room,MAWSON LAKES,108721,CPR & PFA (AM),9,24,true,2060957,2026-09-04T09:30:00+10:00,Provide First Aid (AM),PFA-011,8,24,16,true
has_room,MAWSON LAKES,108722,CPR & PFA (AM),2,24,true,2060955,2026-09-11T09:30:00+10:00,Provide CPR (AM),CPR-009,0,10,10,true
has_room,MAWSON LAKES,108722,CPR & PFA (AM),2,24,true,2060958,2026-09-11T09:30:00+10:00,Provide First Aid (AM),PFA-011,2,24,22,true
has_room,MAWSON LAKES,108723,CPR & PFA (AM),2,24,true,2060956,2026-09-25T09:30:00+10:00,Provide CPR (AM),CPR-009,0,10,10,true
has_room,MAWSON LAKES,108723,CPR & PFA (AM),2,24,true,2060959,2026-09-25T09:30:00+10:00,Provide First Aid (AM),PFA-011,2,24,22,true
has_room,MELBOURNE,107492,CPR/PFA/EFA,14,40,true,2057241,2026-08-29T09:00:00+10:00,Provide CPR (AM),CPR-009,3,12,9,true
has_room,MELBOURNE,107492,CPR/PFA/EFA,14,40,true,2057248,2026-08-29T09:00:00+10:00,Provide First Aid (AM),PFA-011,6,40,34,true
has_room,MELBOURNE,107492,CPR/PFA/EFA,14,40,true,2057255,2026-08-29T09:00:00+10:00,Childcare First Aid (AM),EFA-012,5,40,35,true
has_room,MELBOURNE,107511,CPR & PFA (AM),11,40,true,2057274,2026-08-27T09:00:00+10:00,Provide CPR (AM),CPR-009,3,12,9,true
has_room,MELBOURNE,107511,CPR & PFA (AM),11,40,true,2057295,2026-08-27T09:00:00+10:00,Provide First Aid (AM),PFA-011,8,40,32,true
has_room,MELBOURNE,107512,CPR & PFA (AM),12,40,true,2057275,2026-08-28T09:00:00+10:00,Provide CPR (AM),CPR-009,3,12,9,true
has_room,MELBOURNE,107512,CPR & PFA (AM),12,40,true,2057296,2026-08-28T09:00:00+10:00,Provide First Aid (AM),PFA-011,9,40,31,true
has_room,MELBOURNE,107513,CPR & PFA (AM),5,40,true,2057276,2026-08-31T09:00:00+10:00,Provide CPR (AM),CPR-009,1,12,11,true
has_room,MELBOURNE,107513,CPR & PFA (AM),5,40,true,2057297,2026-08-31T09:00:00+10:00,Provide First Aid (AM),PFA-011,4,40,36,true
has_room,MELBOURNE,108439,CPR/PFA/EFA,5,40,true,2060083,2026-09-05T09:00:00+10:00,Provide CPR (AM),CPR-009,3,12,9,true
has_room,MELBOURNE,108439,CPR/PFA/EFA,5,40,true,2060089,2026-09-05T09:00:00+10:00,Provide First Aid (AM),PFA-011,1,40,39,true
has_room,MELBOURNE,108439,CPR/PFA/EFA,5,40,true,2060095,2026-09-05T09:00:00+10:00,Childcare First Aid (AM),EFA-012,1,40,39,true
has_room,MELBOURNE,108440,CPR/PFA/EFA,2,40,true,2060084,2026-09-06T09:00:00+10:00,Provide CPR (AM),CPR-009,0,12,12,true
has_room,MELBOURNE,108440,CPR/PFA/EFA,2,40,true,2060090,2026-09-06T09:00:00+10:00,Provide First Aid (AM),PFA-011,2,40,38,true
has_room,MELBOURNE,108440,CPR/PFA/EFA,2,40,true,2060096,2026-09-06T09:00:00+10:00,Childcare First Aid (AM),EFA-012,0,40,40,true
has_room,MELBOURNE,108441,CPR/PFA/EFA,3,40,true,2060085,2026-09-12T09:00:00+10:00,Provide CPR (AM),CPR-009,0,12,12,true
has_room,MELBOURNE,108441,CPR/PFA/EFA,3,40,true,2060091,2026-09-12T09:00:00+10:00,Provide First Aid (AM),PFA-011,1,40,39,true
has_room,MELBOURNE,108441,CPR/PFA/EFA,3,40,true,2060097,2026-09-12T09:00:00+10:00,Childcare First Aid (AM),EFA-012,2,40,38,true
has_room,MELBOURNE,108442,CPR/PFA/EFA,3,40,true,2060086,2026-09-19T09:00:00+10:00,Provide CPR (AM),CPR-009,0,12,12,true
has_room,MELBOURNE,108442,CPR/PFA/EFA,3,40,true,2060092,2026-09-19T09:00:00+10:00,Provide First Aid (AM),PFA-011,1,40,39,true
has_room,MELBOURNE,108442,CPR/PFA/EFA,3,40,true,2060098,2026-09-19T09:00:00+10:00,Childcare First Aid (AM),EFA-012,2,40,38,true
has_room,MELBOURNE,108443,CPR/PFA/EFA,1,40,true,2060087,2026-09-20T09:00:00+10:00,Provide CPR (AM),CPR-009,0,12,12,true
has_room,MELBOURNE,108443,CPR/PFA/EFA,1,40,true,2060093,2026-09-20T09:00:00+10:00,Provide First Aid (AM),PFA-011,0,40,40,true
has_room,MELBOURNE,108443,CPR/PFA/EFA,1,40,true,2060099,2026-09-20T09:00:00+10:00,Childcare First Aid (AM),EFA-012,1,40,39,true
has_room,MELBOURNE,108444,CPR/PFA/EFA,1,40,true,2060088,2026-09-26T09:00:00+10:00,Provide CPR (AM),CPR-009,0,12,12,true
has_room,MELBOURNE,108444,CPR/PFA/EFA,1,40,true,2060094,2026-09-26T09:00:00+10:00,Provide First Aid (AM),PFA-011,1,40,39,true
has_room,MELBOURNE,108444,CPR/PFA/EFA,1,40,true,2060100,2026-09-26T09:00:00+10:00,Childcare First Aid (AM),EFA-012,0,40,40,true
has_room,MELBOURNE,108445,CPR & PFA (AM),6,40,true,2060101,2026-09-01T09:00:00+10:00,Provide CPR (AM),CPR-009,1,12,11,true
has_room,MELBOURNE,108445,CPR & PFA (AM),6,40,true,2060122,2026-09-01T09:00:00+10:00,Provide First Aid (AM),PFA-011,5,40,35,true
has_room,MELBOURNE,108446,CPR & PFA (AM),3,40,true,2060102,2026-09-02T09:00:00+10:00,Provide CPR (AM),CPR-009,2,12,10,true
has_room,MELBOURNE,108446,CPR & PFA (AM),3,40,true,2060123,2026-09-02T09:00:00+10:00,Provide First Aid (AM),PFA-011,1,40,39,true
has_room,MELBOURNE,108447,CPR & PFA (AM),5,40,true,2060103,2026-09-03T09:00:00+10:00,Provide CPR (AM),CPR-009,2,12,10,true
has_room,MELBOURNE,108447,CPR & PFA (AM),5,40,true,2060124,2026-09-03T09:00:00+10:00,Provide First Aid (AM),PFA-011,3,40,37,true
has_room,MELBOURNE,108448,CPR & PFA (AM),5,40,true,2060104,2026-09-04T09:00:00+10:00,Provide CPR (AM),CPR-009,1,12,11,true
has_room,MELBOURNE,108448,CPR & PFA (AM),5,40,true,2060125,2026-09-04T09:00:00+10:00,Provide First Aid (AM),PFA-011,4,40,36,true
has_room,MELBOURNE,108449,CPR & PFA (AM),2,40,true,2060105,2026-09-07T09:00:00+10:00,Provide CPR (AM),CPR-009,0,12,12,true
has_room,MELBOURNE,108449,CPR & PFA (AM),2,40,true,2060126,2026-09-07T09:00:00+10:00,Provide First Aid (AM),PFA-011,2,40,38,true
has_room,MELBOURNE,108450,CPR & PFA (AM),0,40,true,2060106,2026-09-08T09:00:00+10:00,Provide CPR (AM),CPR-009,0,12,12,true
has_room,MELBOURNE,108450,CPR & PFA (AM),0,40,true,2060127,2026-09-08T09:00:00+10:00,Provide First Aid (AM),PFA-011,0,40,40,true
has_room,MELBOURNE,108451,CPR & PFA (AM),1,40,true,2060107,2026-09-09T09:00:00+10:00,Provide CPR (AM),CPR-009,0,12,12,true
has_room,MELBOURNE,108451,CPR & PFA (AM),1,40,true,2060128,2026-09-09T09:00:00+10:00,Provide First Aid (AM),PFA-011,1,40,39,true
has_room,MELBOURNE,108452,CPR & PFA (AM),1,40,true,2060108,2026-09-10T09:00:00+10:00,Provide CPR (AM),CPR-009,0,12,12,true
has_room,MELBOURNE,108452,CPR & PFA (AM),1,40,true,2060129,2026-09-10T09:00:00+10:00,Provide First Aid (AM),PFA-011,1,40,39,true
has_room,MELBOURNE,108453,CPR & PFA (AM),0,40,true,2060109,2026-09-11T09:00:00+10:00,Provide CPR (AM),CPR-009,0,12,12,true
has_room,MELBOURNE,108453,CPR & PFA (AM),0,40,true,2060130,2026-09-11T09:00:00+10:00,Provide First Aid (AM),PFA-011,0,40,40,true
has_room,MELBOURNE,108454,CPR & PFA (AM),2,40,true,2060110,2026-09-14T09:00:00+10:00,Provide CPR (AM),CPR-009,2,12,10,true
has_room,MELBOURNE,108454,CPR & PFA (AM),2,40,true,2060131,2026-09-14T09:00:00+10:00,Provide First Aid (AM),PFA-011,0,40,40,true
has_room,MELBOURNE,108455,CPR & PFA (AM),0,40,true,2060111,2026-09-15T09:00:00+10:00,Provide CPR (AM),CPR-009,0,12,12,true
has_room,MELBOURNE,108455,CPR & PFA (AM),0,40,true,2060132,2026-09-15T09:00:00+10:00,Provide First Aid (AM),PFA-011,0,40,40,true
has_room,MELBOURNE,108456,CPR & PFA (AM),0,40,true,2060112,2026-09-16T09:00:00+10:00,Provide CPR (AM),CPR-009,0,12,12,true
has_room,MELBOURNE,108456,CPR & PFA (AM),0,40,true,2060133,2026-09-16T09:00:00+10:00,Provide First Aid (AM),PFA-011,0,40,40,true
has_room,MELBOURNE,108457,CPR & PFA (AM),3,40,true,2060113,2026-09-17T09:00:00+10:00,Provide CPR (AM),CPR-009,0,12,12,true
has_room,MELBOURNE,108457,CPR & PFA (AM),3,40,true,2060134,2026-09-17T09:00:00+10:00,Provide First Aid (AM),PFA-011,3,40,37,true
has_room,MELBOURNE,108458,CPR & PFA (AM),2,40,true,2060114,2026-09-18T09:00:00+10:00,Provide CPR (AM),CPR-009,0,12,12,true
has_room,MELBOURNE,108458,CPR & PFA (AM),2,40,true,2060135,2026-09-18T09:00:00+10:00,Provide First Aid (AM),PFA-011,2,40,38,true
has_room,MELBOURNE,108459,CPR & PFA (AM),0,40,true,2060115,2026-09-21T09:00:00+10:00,Provide CPR (AM),CPR-009,0,12,12,true
has_room,MELBOURNE,108459,CPR & PFA (AM),0,40,true,2060136,2026-09-21T09:00:00+10:00,Provide First Aid (AM),PFA-011,0,40,40,true
has_room,MELBOURNE,108460,CPR & PFA (AM),5,40,true,2060116,2026-09-22T09:00:00+10:00,Provide CPR (AM),CPR-009,1,12,11,true
has_room,MELBOURNE,108460,CPR & PFA (AM),5,40,true,2060137,2026-09-22T09:00:00+10:00,Provide First Aid (AM),PFA-011,4,40,36,true
has_room,MELBOURNE,108461,CPR & PFA (AM),4,40,true,2060117,2026-09-23T09:00:00+10:00,Provide CPR (AM),CPR-009,3,12,9,true
has_room,MELBOURNE,108461,CPR & PFA (AM),4,40,true,2060138,2026-09-23T09:00:00+10:00,Provide First Aid (AM),PFA-011,1,40,39,true
has_room,MELBOURNE,108462,CPR & PFA (AM),2,40,true,2060118,2026-09-24T09:00:00+10:00,Provide CPR (AM),CPR-009,0,12,12,true
has_room,MELBOURNE,108462,CPR & PFA (AM),2,40,true,2060139,2026-09-24T09:00:00+10:00,Provide First Aid (AM),PFA-011,2,40,38,true
has_room,MELBOURNE,108463,CPR & PFA (AM),0,40,true,2060119,2026-09-28T09:00:00+10:00,Provide CPR (AM),CPR-009,0,12,12,true
has_room,MELBOURNE,108463,CPR & PFA (AM),0,40,true,2060140,2026-09-28T09:00:00+10:00,Provide First Aid (AM),PFA-011,0,40,40,true
has_room,MELBOURNE,108464,CPR & PFA (AM),1,40,true,2060120,2026-09-29T09:00:00+10:00,Provide CPR (AM),CPR-009,1,12,11,true
has_room,MELBOURNE,108464,CPR & PFA (AM),1,40,true,2060141,2026-09-29T09:00:00+10:00,Provide First Aid (AM),PFA-011,0,40,40,true
has_room,MELBOURNE,108465,CPR & PFA (AM),1,40,true,2060121,2026-09-30T09:00:00+10:00,Provide CPR (AM),CPR-009,0,12,12,true
has_room,MELBOURNE,108465,CPR & PFA (AM),1,40,true,2060142,2026-09-30T09:00:00+10:00,Provide First Aid (AM),PFA-011,1,40,39,true
has_room,MELBOURNE,109198,CPR & PFA (AM),0,40,true,2062433,2026-10-01T09:00:00+10:00,Provide CPR (AM),CPR-009,0,12,12,true
has_room,MELBOURNE,109198,CPR & PFA (AM),0,40,true,2062454,2026-10-01T09:00:00+10:00,Provide First Aid (AM),PFA-011,0,40,40,true
has_room,MELBOURNE,109199,CPR & PFA (AM),0,40,true,2062434,2026-10-02T09:00:00+10:00,Provide CPR (AM),CPR-009,0,12,12,true
has_room,MELBOURNE,109199,CPR & PFA (AM),0,40,true,2062455,2026-10-02T09:00:00+10:00,Provide First Aid (AM),PFA-011,0,40,40,true
has_room,MELBOURNE,109200,CPR & PFA (AM),0,40,true,2062435,2026-10-05T09:00:00+10:00,Provide CPR (AM),CPR-009,0,12,12,true
has_room,MELBOURNE,109200,CPR & PFA (AM),0,40,true,2062456,2026-10-05T09:00:00+10:00,Provide First Aid (AM),PFA-011,0,40,40,true
has_room,MELBOURNE,109201,CPR & PFA (AM),0,40,true,2062436,2026-10-06T09:00:00+10:00,Provide CPR (AM),CPR-009,0,12,12,true
has_room,MELBOURNE,109201,CPR & PFA (AM),0,40,true,2062457,2026-10-06T09:00:00+10:00,Provide First Aid (AM),PFA-011,0,40,40,true
has_room,MELBOURNE,109202,CPR & PFA (AM),0,40,true,2062437,2026-10-07T09:00:00+10:00,Provide CPR (AM),CPR-009,0,12,12,true
has_room,MELBOURNE,109202,CPR & PFA (AM),0,40,true,2062458,2026-10-07T09:00:00+10:00,Provide First Aid (AM),PFA-011,0,40,40,true
has_room,MELBOURNE,109203,CPR & PFA (AM),0,40,true,2062438,2026-10-08T09:00:00+10:00,Provide CPR (AM),CPR-009,0,12,12,true
has_room,MELBOURNE,109203,CPR & PFA (AM),0,40,true,2062459,2026-10-08T09:00:00+10:00,Provide First Aid (AM),PFA-011,0,40,40,true
has_room,MELBOURNE,109204,CPR & PFA (AM),0,40,true,2062439,2026-10-09T09:00:00+10:00,Provide CPR (AM),CPR-009,0,12,12,true
has_room,MELBOURNE,109204,CPR & PFA (AM),0,40,true,2062460,2026-10-09T09:00:00+10:00,Provide First Aid (AM),PFA-011,0,40,40,true
has_room,MELBOURNE,109205,CPR & PFA (AM),0,40,true,2062440,2026-10-12T09:00:00+10:00,Provide CPR (AM),CPR-009,0,12,12,true
has_room,MELBOURNE,109205,CPR & PFA (AM),0,40,true,2062461,2026-10-12T09:00:00+10:00,Provide First Aid (AM),PFA-011,0,40,40,true
has_room,MELBOURNE,109206,CPR & PFA (AM),0,40,true,2062441,2026-10-13T09:00:00+10:00,Provide CPR (AM),CPR-009,0,12,12,true
has_room,MELBOURNE,109206,CPR & PFA (AM),0,40,true,2062462,2026-10-13T09:00:00+10:00,Provide First Aid (AM),PFA-011,0,40,40,true
has_room,MELBOURNE,109207,CPR & PFA (AM),0,40,true,2062442,2026-10-14T09:00:00+10:00,Provide CPR (AM),CPR-009,0,12,12,true
has_room,MELBOURNE,109207,CPR & PFA (AM),0,40,true,2062463,2026-10-14T09:00:00+10:00,Provide First Aid (AM),PFA-011,0,40,40,true
has_room,MELBOURNE,109208,CPR & PFA (AM),0,40,true,2062443,2026-10-15T09:00:00+10:00,Provide CPR (AM),CPR-009,0,12,12,true
has_room,MELBOURNE,109208,CPR & PFA (AM),0,40,true,2062464,2026-10-15T09:00:00+10:00,Provide First Aid (AM),PFA-011,0,40,40,true
has_room,MELBOURNE,109209,CPR & PFA (AM),0,40,true,2062444,2026-10-16T09:00:00+10:00,Provide CPR (AM),CPR-009,0,12,12,true
has_room,MELBOURNE,109209,CPR & PFA (AM),0,40,true,2062465,2026-10-16T09:00:00+10:00,Provide First Aid (AM),PFA-011,0,40,40,true
has_room,MELBOURNE,109210,CPR & PFA (AM),0,40,true,2062445,2026-10-19T09:00:00+10:00,Provide CPR (AM),CPR-009,0,12,12,true
has_room,MELBOURNE,109210,CPR & PFA (AM),0,40,true,2062466,2026-10-19T09:00:00+10:00,Provide First Aid (AM),PFA-011,0,40,40,true
has_room,MELBOURNE,109211,CPR & PFA (AM),0,40,true,2062446,2026-10-20T09:00:00+10:00,Provide CPR (AM),CPR-009,0,12,12,true
has_room,MELBOURNE,109211,CPR & PFA (AM),0,40,true,2062467,2026-10-20T09:00:00+10:00,Provide First Aid (AM),PFA-011,0,40,40,true
has_room,MELBOURNE,109212,CPR & PFA (AM),0,40,true,2062447,2026-10-22T09:00:00+10:00,Provide CPR (AM),CPR-009,0,12,12,true
has_room,MELBOURNE,109212,CPR & PFA (AM),0,40,true,2062468,2026-10-22T09:00:00+10:00,Provide First Aid (AM),PFA-011,0,40,40,true
has_room,MELBOURNE,109213,CPR & PFA (AM),0,40,true,2062448,2026-10-23T09:00:00+10:00,Provide CPR (AM),CPR-009,0,12,12,true
has_room,MELBOURNE,109213,CPR & PFA (AM),0,40,true,2062469,2026-10-23T09:00:00+10:00,Provide First Aid (AM),PFA-011,0,40,40,true
has_room,MELBOURNE,109214,CPR & PFA (AM),0,40,true,2062449,2026-10-26T09:00:00+10:00,Provide CPR (AM),CPR-009,0,12,12,true
has_room,MELBOURNE,109214,CPR & PFA (AM),0,40,true,2062470,2026-10-26T09:00:00+10:00,Provide First Aid (AM),PFA-011,0,40,40,true
has_room,MELBOURNE,109215,CPR & PFA (AM),0,40,true,2062450,2026-10-27T09:00:00+10:00,Provide CPR (AM),CPR-009,0,12,12,true
has_room,MELBOURNE,109215,CPR & PFA (AM),0,40,true,2062471,2026-10-27T09:00:00+10:00,Provide First Aid (AM),PFA-011,0,40,40,true
has_room,MELBOURNE,109216,CPR & PFA (AM),0,40,true,2062451,2026-10-28T09:00:00+10:00,Provide CPR (AM),CPR-009,0,12,12,true
has_room,MELBOURNE,109216,CPR & PFA (AM),0,40,true,2062472,2026-10-28T09:00:00+10:00,Provide First Aid (AM),PFA-011,0,40,40,true
has_room,MELBOURNE,109217,CPR & PFA (AM),0,40,true,2062452,2026-10-29T09:00:00+10:00,Provide CPR (AM),CPR-009,0,12,12,true
has_room,MELBOURNE,109217,CPR & PFA (AM),0,40,true,2062473,2026-10-29T09:00:00+10:00,Provide First Aid (AM),PFA-011,0,40,40,true
has_room,MELBOURNE,109218,CPR & PFA (AM),0,40,true,2062453,2026-10-30T09:00:00+10:00,Provide CPR (AM),CPR-009,0,12,12,true
has_room,MELBOURNE,109218,CPR & PFA (AM),0,40,true,2062474,2026-10-30T09:00:00+10:00,Provide First Aid (AM),PFA-011,0,40,40,true
has_room,MELBOURNE,109219,CPR/PFA/EFA,0,40,true,2062475,2026-10-03T09:00:00+10:00,Provide CPR (AM),CPR-009,0,12,12,true
has_room,MELBOURNE,109219,CPR/PFA/EFA,0,40,true,2062483,2026-10-03T09:00:00+10:00,Provide First Aid (AM),PFA-011,0,40,40,true
has_room,MELBOURNE,109219,CPR/PFA/EFA,0,40,true,2062491,2026-10-03T09:00:00+10:00,Childcare First Aid (AM),EFA-012,0,40,40,true
has_room,MELBOURNE,109220,CPR/PFA/EFA,0,40,true,2062476,2026-10-04T09:00:00+10:00,Provide CPR (AM),CPR-009,0,12,12,true
has_room,MELBOURNE,109220,CPR/PFA/EFA,0,40,true,2062484,2026-10-04T09:00:00+10:00,Provide First Aid (AM),PFA-011,0,40,40,true
has_room,MELBOURNE,109220,CPR/PFA/EFA,0,40,true,2062492,2026-10-04T09:00:00+10:00,Childcare First Aid (AM),EFA-012,0,40,40,true
has_room,MELBOURNE,109221,CPR/PFA/EFA,0,40,true,2062477,2026-10-10T09:00:00+10:00,Provide CPR (AM),CPR-009,0,12,12,true
has_room,MELBOURNE,109221,CPR/PFA/EFA,0,40,true,2062485,2026-10-10T09:00:00+10:00,Provide First Aid (AM),PFA-011,0,40,40,true
has_room,MELBOURNE,109221,CPR/PFA/EFA,0,40,true,2062493,2026-10-10T09:00:00+10:00,Childcare First Aid (AM),EFA-012,0,40,40,true
has_room,MELBOURNE,109222,CPR/PFA/EFA,0,40,true,2062478,2026-10-17T09:00:00+10:00,Provide CPR (AM),CPR-009,0,12,12,true
has_room,MELBOURNE,109222,CPR/PFA/EFA,0,40,true,2062486,2026-10-17T09:00:00+10:00,Provide First Aid (AM),PFA-011,0,40,40,true
has_room,MELBOURNE,109222,CPR/PFA/EFA,0,40,true,2062494,2026-10-17T09:00:00+10:00,Childcare First Aid (AM),EFA-012,0,40,40,true
has_room,MELBOURNE,109223,CPR/PFA/EFA,0,40,true,2062479,2026-10-18T09:00:00+10:00,Provide CPR (AM),CPR-009,0,12,12,true
has_room,MELBOURNE,109223,CPR/PFA/EFA,0,40,true,2062487,2026-10-18T09:00:00+10:00,Provide First Aid (AM),PFA-011,0,40,40,true
has_room,MELBOURNE,109223,CPR/PFA/EFA,0,40,true,2062495,2026-10-18T09:00:00+10:00,Childcare First Aid (AM),EFA-012,0,40,40,true
has_room,MELBOURNE,109224,CPR/PFA/EFA,0,40,true,2062480,2026-10-24T09:00:00+10:00,Provide CPR (AM),CPR-009,0,12,12,true
has_room,MELBOURNE,109224,CPR/PFA/EFA,0,40,true,2062488,2026-10-24T09:00:00+10:00,Provide First Aid (AM),PFA-011,0,40,40,true
has_room,MELBOURNE,109224,CPR/PFA/EFA,0,40,true,2062496,2026-10-24T09:00:00+10:00,Childcare First Aid (AM),EFA-012,0,40,40,true
has_room,MELBOURNE,109225,CPR/PFA/EFA,0,40,true,2062481,2026-10-25T09:00:00+10:00,Provide CPR (AM),CPR-009,0,12,12,true
has_room,MELBOURNE,109225,CPR/PFA/EFA,0,40,true,2062489,2026-10-25T09:00:00+10:00,Provide First Aid (AM),PFA-011,0,40,40,true
has_room,MELBOURNE,109225,CPR/PFA/EFA,0,40,true,2062497,2026-10-25T09:00:00+10:00,Childcare First Aid (AM),EFA-012,0,40,40,true
has_room,MELBOURNE,109226,CPR/PFA/EFA,0,40,true,2062482,2026-10-31T09:00:00+10:00,Provide CPR (AM),CPR-009,0,12,12,true
has_room,MELBOURNE,109226,CPR/PFA/EFA,0,40,true,2062490,2026-10-31T09:00:00+10:00,Provide First Aid (AM),PFA-011,0,40,40,true
has_room,MELBOURNE,109226,CPR/PFA/EFA,0,40,true,2062498,2026-10-31T09:00:00+10:00,Childcare First Aid (AM),EFA-012,0,40,40,true
has_room,MELTON,107543,CPR & PFA (AM),14,24,true,2057402,2026-08-31T09:00:00+10:00,Provide CPR (AM),CPR-009,6,24,18,true
has_room,MELTON,107543,CPR & PFA (AM),14,24,true,2057405,2026-08-31T09:00:00+10:00,Provide First Aid (AM),PFA-011,8,24,16,true
has_room,MELTON,108497,CPR/PFA/EFA,8,24,true,2060275,2026-09-07T09:00:00+10:00,Provide CPR (AM),CPR-009,4,24,20,true
has_room,MELTON,108497,CPR/PFA/EFA,8,24,true,2060276,2026-09-07T09:00:00+10:00,Provide First Aid (AM),PFA-011,2,24,22,true
has_room,MELTON,108497,CPR/PFA/EFA,8,24,true,2060277,2026-09-07T09:00:00+10:00,Childcare First Aid (AM),EFA-012,2,24,22,true
has_room,MELTON,108498,CPR & PFA (AM),2,24,true,2060278,2026-09-21T09:00:00+10:00,Provide CPR (AM),CPR-009,2,24,22,true
has_room,MELTON,108498,CPR & PFA (AM),2,24,true,2060280,2026-09-21T09:00:00+10:00,Provide First Aid (AM),PFA-011,0,24,24,true
has_room,MELTON,108499,CPR & PFA (AM),0,24,true,2060279,2026-09-28T09:00:00+10:00,Provide CPR (AM),CPR-009,0,24,24,true
has_room,MELTON,108499,CPR & PFA (AM),0,24,true,2060281,2026-09-28T09:00:00+10:00,Provide First Aid (AM),PFA-011,0,24,24,true
has_room,MELTON,109253,CPR/PFA/EFA,0,24,true,2062577,2026-10-05T09:00:00+10:00,Provide CPR (AM),CPR-009,0,24,24,true
has_room,MELTON,109253,CPR/PFA/EFA,0,24,true,2062579,2026-10-05T09:00:00+10:00,Provide First Aid (AM),PFA-011,0,24,24,true
has_room,MELTON,109253,CPR/PFA/EFA,0,24,true,2062581,2026-10-05T09:00:00+10:00,Childcare First Aid (AM),EFA-012,0,24,24,true
has_room,MELTON,109254,CPR/PFA/EFA,0,24,true,2062578,2026-10-28T09:00:00+10:00,Provide CPR (AM),CPR-009,0,24,24,true
has_room,MELTON,109254,CPR/PFA/EFA,0,24,true,2062580,2026-10-28T09:00:00+10:00,Provide First Aid (AM),PFA-011,0,24,24,true
has_room,MELTON,109254,CPR/PFA/EFA,0,24,true,2062582,2026-10-28T09:00:00+10:00,Childcare First Aid (AM),EFA-012,0,24,24,true
over_cap,MIDLAND,107732,CPR & PFA (AM),24,13,true,2057963,2026-08-28T09:00:00+10:00,Provide CPR (AM),CPR-009,11,11,0,true
over_cap,MIDLAND,107732,CPR & PFA (AM),24,13,true,2057969,2026-08-28T09:00:00+10:00,Provide First Aid (AM),PFA-011,13,13,0,true
has_room,MIDLAND,108686,CPR/PFA/EFA,15,24,true,2060848,2026-09-04T09:00:00+10:00,Provide CPR (AM),CPR-009,4,10,6,true
has_room,MIDLAND,108686,CPR/PFA/EFA,15,24,true,2060850,2026-09-04T09:00:00+10:00,Provide First Aid (AM),PFA-011,8,24,16,true
has_room,MIDLAND,108686,CPR/PFA/EFA,15,24,true,2060852,2026-09-04T09:00:00+10:00,Childcare First Aid (AM),EFA-012,3,24,21,true
has_room,MIDLAND,108687,CPR/PFA/EFA,4,24,true,2060849,2026-09-11T09:00:00+10:00,Provide CPR (AM),CPR-009,0,10,10,true
has_room,MIDLAND,108687,CPR/PFA/EFA,4,24,true,2060851,2026-09-11T09:00:00+10:00,Provide First Aid (AM),PFA-011,1,24,23,true
has_room,MIDLAND,108687,CPR/PFA/EFA,4,24,true,2060853,2026-09-11T09:00:00+10:00,Childcare First Aid (AM),EFA-012,3,24,21,true
has_room,MIDLAND,108688,CPR & PFA (AM),10,24,true,2060854,2026-09-02T09:00:00+10:00,Provide CPR (AM),CPR-009,3,10,7,true
has_room,MIDLAND,108688,CPR & PFA (AM),10,24,true,2060861,2026-09-02T09:00:00+10:00,Provide First Aid (AM),PFA-011,7,24,17,true
has_room,MIDLAND,108689,CPR & PFA (AM),3,24,true,2060855,2026-09-07T09:00:00+10:00,Provide CPR (AM),CPR-009,1,10,9,true
has_room,MIDLAND,108689,CPR & PFA (AM),3,24,true,2060862,2026-09-07T09:00:00+10:00,Provide First Aid (AM),PFA-011,2,24,22,true
has_room,MIDLAND,108690,CPR & PFA (AM),3,24,true,2060856,2026-09-14T09:00:00+10:00,Provide CPR (AM),CPR-009,2,10,8,true
has_room,MIDLAND,108690,CPR & PFA (AM),3,24,true,2060863,2026-09-14T09:00:00+10:00,Provide First Aid (AM),PFA-011,1,24,23,true
has_room,MIDLAND,108691,CPR & PFA (AM),0,24,true,2060857,2026-09-18T09:00:00+10:00,Provide CPR (AM),CPR-009,0,10,10,true
has_room,MIDLAND,108691,CPR & PFA (AM),0,24,true,2060864,2026-09-18T09:00:00+10:00,Provide First Aid (AM),PFA-011,0,24,24,true
has_room,MIDLAND,108692,CPR & PFA (AM),1,24,true,2060858,2026-09-21T09:00:00+10:00,Provide CPR (AM),CPR-009,1,10,9,true
has_room,MIDLAND,108692,CPR & PFA (AM),1,24,true,2060865,2026-09-21T09:00:00+10:00,Provide First Aid (AM),PFA-011,0,24,24,true
has_room,MIDLAND,108693,CPR & PFA (AM),1,24,true,2060859,2026-09-25T09:00:00+10:00,Provide CPR (AM),CPR-009,0,10,10,true
has_room,MIDLAND,108693,CPR & PFA (AM),1,24,true,2060866,2026-09-25T09:00:00+10:00,Provide First Aid (AM),PFA-011,1,24,23,true
has_room,MIDLAND,108694,CPR & PFA (AM),1,24,true,2060860,2026-09-30T09:00:00+10:00,Provide CPR (AM),CPR-009,1,10,9,true
has_room,MIDLAND,108694,CPR & PFA (AM),1,24,true,2060867,2026-09-30T09:00:00+10:00,Provide First Aid (AM),PFA-011,0,24,24,true
has_room,MIDLAND,109141,CPR & PFA (AM),0,24,true,2062240,2026-10-05T09:00:00+10:00,Provide CPR (AM),CPR-009,0,10,10,true
has_room,MIDLAND,109141,CPR & PFA (AM),0,24,true,2062246,2026-10-05T09:00:00+10:00,Provide First Aid (AM),PFA-011,0,24,24,true
has_room,MIDLAND,109142,CPR & PFA (AM),0,24,true,2062241,2026-10-09T09:00:00+10:00,Provide CPR (AM),CPR-009,0,10,10,true
has_room,MIDLAND,109142,CPR & PFA (AM),0,24,true,2062247,2026-10-09T09:00:00+10:00,Provide First Aid (AM),PFA-011,0,24,24,true
has_room,MIDLAND,109143,CPR & PFA (AM),1,24,true,2062242,2026-10-12T09:00:00+10:00,Provide CPR (AM),CPR-009,0,10,10,true
has_room,MIDLAND,109143,CPR & PFA (AM),1,24,true,2062248,2026-10-12T09:00:00+10:00,Provide First Aid (AM),PFA-011,1,24,23,true
has_room,MIDLAND,109144,CPR & PFA (AM),0,24,true,2062243,2026-10-19T09:00:00+10:00,Provide CPR (AM),CPR-009,0,10,10,true
has_room,MIDLAND,109144,CPR & PFA (AM),0,24,true,2062249,2026-10-19T09:00:00+10:00,Provide First Aid (AM),PFA-011,0,24,24,true
has_room,MIDLAND,109145,CPR & PFA (AM),0,24,true,2062244,2026-10-23T09:00:00+10:00,Provide CPR (AM),CPR-009,0,10,10,true
has_room,MIDLAND,109145,CPR & PFA (AM),0,24,true,2062250,2026-10-23T09:00:00+10:00,Provide First Aid (AM),PFA-011,0,24,24,true
has_room,MIDLAND,109146,CPR & PFA (AM),0,24,true,2062245,2026-10-26T09:00:00+10:00,Provide CPR (AM),CPR-009,0,10,10,true
has_room,MIDLAND,109146,CPR & PFA (AM),0,24,true,2062251,2026-10-26T09:00:00+10:00,Provide First Aid (AM),PFA-011,0,24,24,true
has_room,MIDLAND,109147,CPR/PFA/EFA,0,24,true,2062258,2026-10-02T09:00:00+10:00,Provide CPR (AM),CPR-009,0,10,10,true
has_room,MIDLAND,109147,CPR/PFA/EFA,0,24,true,2062261,2026-10-02T09:00:00+10:00,Provide First Aid (AM),PFA-011,0,24,24,true
has_room,MIDLAND,109147,CPR/PFA/EFA,0,24,true,2062264,2026-10-02T09:00:00+10:00,Childcare First Aid (AM),EFA-012,0,24,24,true
has_room,MIDLAND,109148,CPR/PFA/EFA,0,24,true,2062259,2026-10-16T09:00:00+10:00,Provide CPR (AM),CPR-009,0,10,10,true
has_room,MIDLAND,109148,CPR/PFA/EFA,0,24,true,2062262,2026-10-16T09:00:00+10:00,Provide First Aid (AM),PFA-011,0,24,24,true
has_room,MIDLAND,109148,CPR/PFA/EFA,0,24,true,2062265,2026-10-16T09:00:00+10:00,Childcare First Aid (AM),EFA-012,0,24,24,true
has_room,MIDLAND,109149,CPR/PFA/EFA,0,24,true,2062260,2026-10-30T09:00:00+10:00,Provide CPR (AM),CPR-009,0,10,10,true
has_room,MIDLAND,109149,CPR/PFA/EFA,0,24,true,2062263,2026-10-30T09:00:00+10:00,Provide First Aid (AM),PFA-011,0,24,24,true
has_room,MIDLAND,109149,CPR/PFA/EFA,0,24,true,2062266,2026-10-30T09:00:00+10:00,Childcare First Aid (AM),EFA-012,0,24,24,true
has_room,MIRANDA,107418,CPR/PFA,9,24,true,2057029,2026-08-28T10:00:00+10:00,Provide CPR (AM),CPR-009,2,24,22,true
has_room,MIRANDA,107418,CPR/PFA,9,24,true,2057033,2026-08-28T10:00:00+10:00,Provide First Aid (AM),PFA-011,7,24,17,true
has_room,MIRANDA,108363,CPR/PFA,1,24,true,2059855,2026-09-04T10:00:00+10:00,Provide CPR (AM),CPR-009,0,24,24,true
has_room,MIRANDA,108363,CPR/PFA,1,24,true,2059859,2026-09-04T10:00:00+10:00,Provide First Aid (AM),PFA-011,1,24,23,true
has_room,MIRANDA,108364,CPR/PFA,1,24,true,2059856,2026-09-11T10:00:00+10:00,Provide CPR (AM),CPR-009,0,24,24,true
has_room,MIRANDA,108364,CPR/PFA,1,24,true,2059860,2026-09-11T10:00:00+10:00,Provide First Aid (AM),PFA-011,1,24,23,true
has_room,MIRANDA,108365,CPR/PFA,2,24,true,2059857,2026-09-18T10:00:00+10:00,Provide CPR (AM),CPR-009,0,24,24,true
has_room,MIRANDA,108365,CPR/PFA,2,24,true,2059861,2026-09-18T10:00:00+10:00,Provide First Aid (AM),PFA-011,2,24,22,true
has_room,MIRANDA,108366,CPR/PFA,1,24,true,2059858,2026-09-25T10:00:00+10:00,Provide CPR (AM),CPR-009,0,24,24,true
has_room,MIRANDA,108366,CPR/PFA,1,24,true,2059862,2026-09-25T10:00:00+10:00,Provide First Aid (AM),PFA-011,1,24,23,true
has_room,MIRANDA,108995,CPR/PFA,0,24,true,2061799,2026-10-02T10:00:00+10:00,Provide CPR (AM),CPR-009,0,24,24,true
has_room,MIRANDA,108995,CPR/PFA,0,24,true,2061802,2026-10-02T10:00:00+10:00,Provide First Aid (AM),PFA-011,0,24,24,true
has_room,MIRANDA,108996,CPR/PFA,0,24,true,2061800,2026-10-16T10:00:00+10:00,Provide CPR (AM),CPR-009,0,24,24,true
has_room,MIRANDA,108996,CPR/PFA,0,24,true,2061803,2026-10-16T10:00:00+10:00,Provide First Aid (AM),PFA-011,0,24,24,true
has_room,MIRANDA,108997,CPR/PFA,0,24,true,2061801,2026-10-23T10:00:00+10:00,Provide CPR (AM),CPR-009,0,24,24,true
has_room,MIRANDA,108997,CPR/PFA,0,24,true,2061804,2026-10-23T10:00:00+10:00,Provide First Aid (AM),PFA-011,0,24,24,true
has_room,MIRANDA,108998,CPR/PFA/EFA,0,24,true,2061808,2026-10-09T10:00:00+10:00,Provide CPR (AM),CPR-009,0,24,24,true
has_room,MIRANDA,108998,CPR/PFA/EFA,0,24,true,2061809,2026-10-09T10:00:00+10:00,Provide First Aid (AM),PFA-011,0,24,24,true
has_room,MIRANDA,108998,CPR/PFA/EFA,0,24,true,2061810,2026-10-09T10:00:00+10:00,Childcare First Aid (AM),EFA-012,0,24,24,true
has_room,MIRANDA,108999,CPR/PFA/EFA,0,24,true,2061811,2026-10-30T10:00:00+10:00,Provide CPR (AM),CPR-009,0,24,24,true
has_room,MIRANDA,108999,CPR/PFA/EFA,0,24,true,2061812,2026-10-30T10:00:00+10:00,Provide First Aid (AM),PFA-011,0,24,24,true
has_room,MIRANDA,108999,CPR/PFA/EFA,0,24,true,2061813,2026-10-30T10:00:00+10:00,Childcare First Aid (AM),EFA-012,0,24,24,true
has_room,MITTAGONG,107440,CPR/PFA/EFA,16,24,true,2057099,2026-08-29T09:00:00+10:00,Provide CPR (AM),CPR-009,8,11,3,true
has_room,MITTAGONG,107440,CPR/PFA/EFA,16,24,true,2057101,2026-08-29T09:00:00+10:00,Provide First Aid (AM),PFA-011,8,24,16,true
has_room,MITTAGONG,107440,CPR/PFA/EFA,16,24,true,2057103,2026-08-29T09:00:00+10:00,Childcare First Aid (AM),EFA-012,0,24,24,true
has_room,MITTAGONG,107444,CPR & PFA (AM),17,24,true,2057107,2026-08-31T09:00:00+10:00,Provide CPR (AM),CPR-009,7,10,3,true
has_room,MITTAGONG,107444,CPR & PFA (AM),17,24,true,2057111,2026-08-31T09:00:00+10:00,Provide First Aid (AM),PFA-011,10,24,14,true
has_room,MITTAGONG,108391,CPR/PFA/EFA,4,24,true,2059940,2026-09-17T09:00:00+10:00,Provide CPR (AM),CPR-009,1,8,7,true
has_room,MITTAGONG,108391,CPR/PFA/EFA,4,24,true,2059941,2026-09-17T09:00:00+10:00,Provide First Aid (AM),PFA-011,3,24,21,true
has_room,MITTAGONG,108391,CPR/PFA/EFA,4,24,true,2059942,2026-09-17T09:00:00+10:00,Childcare First Aid (AM),EFA-012,0,24,24,true
has_room,MITTAGONG,108392,CPR & PFA (AM),5,24,true,2059943,2026-09-02T09:00:00+10:00,Provide CPR (AM),CPR-009,1,10,9,true
has_room,MITTAGONG,108392,CPR & PFA (AM),5,24,true,2059948,2026-09-02T09:00:00+10:00,Provide First Aid (AM),PFA-011,4,24,20,true
has_room,MITTAGONG,108393,CPR & PFA (AM),1,24,true,2059944,2026-09-09T09:00:00+10:00,Provide CPR (AM),CPR-009,1,10,9,true
has_room,MITTAGONG,108393,CPR & PFA (AM),1,24,true,2059949,2026-09-09T09:00:00+10:00,Provide First Aid (AM),PFA-011,0,24,24,true
has_room,MITTAGONG,108394,CPR & PFA (AM),1,24,true,2059945,2026-09-15T09:00:00+10:00,Provide CPR (AM),CPR-009,1,10,9,true
has_room,MITTAGONG,108394,CPR & PFA (AM),1,24,true,2059950,2026-09-15T09:00:00+10:00,Provide First Aid (AM),PFA-011,0,24,24,true
has_room,MITTAGONG,108395,CPR & PFA (AM),1,24,true,2059946,2026-09-23T09:00:00+10:00,Provide CPR (AM),CPR-009,1,10,9,true
has_room,MITTAGONG,108395,CPR & PFA (AM),1,24,true,2059951,2026-09-23T09:00:00+10:00,Provide First Aid (AM),PFA-011,0,24,24,true
has_room,MITTAGONG,108396,CPR & PFA (AM),2,24,true,2059947,2026-09-30T09:00:00+10:00,Provide CPR (AM),CPR-009,0,10,10,true
has_room,MITTAGONG,108396,CPR & PFA (AM),2,24,true,2059952,2026-09-30T09:00:00+10:00,Provide First Aid (AM),PFA-011,2,24,22,true
has_room,MITTAGONG,109016,CPR & PFA (AM),0,24,true,2061862,2026-10-28T09:00:00+10:00,Provide CPR (AM),CPR-009,0,10,10,true
has_room,MITTAGONG,109016,CPR & PFA (AM),0,24,true,2061863,2026-10-28T09:00:00+10:00,Provide First Aid (AM),PFA-011,0,24,24,true
has_room,MITTAGONG,109017,CPR/PFA/EFA,1,24,true,2061865,2026-10-15T09:00:00+10:00,Provide CPR (AM),CPR-009,0,8,8,true
has_room,MITTAGONG,109017,CPR/PFA/EFA,1,24,true,2061866,2026-10-15T09:00:00+10:00,Provide First Aid (AM),PFA-011,1,24,23,true
has_room,MITTAGONG,109017,CPR/PFA/EFA,1,24,true,2061867,2026-10-15T09:00:00+10:00,Childcare First Aid (AM),EFA-012,0,24,24,true
has_room,MODBURY,107768,CPR/PFA,9,20,true,2058077,2026-08-28T09:00:00+10:00,Provide CPR (AM),CPR-009,1,20,19,true
has_room,MODBURY,107768,CPR/PFA,9,20,true,2058080,2026-08-28T09:00:00+10:00,Provide First Aid (AM),PFA-011,8,20,12,true
has_room,MODBURY,108724,CPR/PFA,4,20,true,2060963,2026-09-03T09:00:00+10:00,Provide CPR (AM),CPR-009,1,20,19,true
has_room,MODBURY,108724,CPR/PFA,4,20,true,2060966,2026-09-03T09:00:00+10:00,Provide First Aid (AM),PFA-011,3,20,17,true
has_room,MODBURY,108725,CPR/PFA,7,20,true,2060964,2026-09-17T09:00:00+10:00,Provide CPR (AM),CPR-009,0,20,20,true
has_room,MODBURY,108725,CPR/PFA,7,20,true,2060967,2026-09-17T09:00:00+10:00,Provide First Aid (AM),PFA-011,7,20,13,true
has_room,MODBURY,108726,CPR/PFA,4,20,true,2060965,2026-09-25T09:00:00+10:00,Provide CPR (AM),CPR-009,0,20,20,true
has_room,MODBURY,108726,CPR/PFA,4,20,true,2060968,2026-09-25T09:00:00+10:00,Provide First Aid (AM),PFA-011,4,20,16,true
has_room,MODBURY,109178,CPR/PFA,0,20,true,2062353,2026-10-01T09:00:00+10:00,Provide CPR (AM),CPR-009,0,20,20,true
has_room,MODBURY,109178,CPR/PFA,0,20,true,2062357,2026-10-01T09:00:00+10:00,Provide First Aid (AM),PFA-011,0,20,20,true
has_room,MODBURY,109179,CPR/PFA,0,20,true,2062354,2026-10-15T09:00:00+10:00,Provide CPR (AM),CPR-009,0,20,20,true
has_room,MODBURY,109179,CPR/PFA,0,20,true,2062358,2026-10-15T09:00:00+10:00,Provide First Aid (AM),PFA-011,0,20,20,true
has_room,MODBURY,109180,CPR/PFA,0,20,true,2062355,2026-10-23T09:00:00+10:00,Provide CPR (AM),CPR-009,0,20,20,true
has_room,MODBURY,109180,CPR/PFA,0,20,true,2062359,2026-10-23T09:00:00+10:00,Provide First Aid (AM),PFA-011,0,20,20,true
has_room,MODBURY,109181,CPR/PFA,0,20,true,2062356,2026-10-29T09:00:00+10:00,Provide CPR (AM),CPR-009,0,20,20,true
has_room,MODBURY,109181,CPR/PFA,0,20,true,2062360,2026-10-29T09:00:00+10:00,Provide First Aid (AM),PFA-011,0,20,20,true
has_room,MORPHETT VALE,107769,CPR/PFA/EFA,8,16,true,2058084,2026-08-29T09:00:00+10:00,Provide CPR (AM),CPR-009,1,6,5,true
has_room,MORPHETT VALE,107769,CPR/PFA/EFA,8,16,true,2058085,2026-08-29T09:00:00+10:00,Childcare First Aid (AM),EFA-012,4,16,12,true
has_room,MORPHETT VALE,107769,CPR/PFA/EFA,8,16,true,2058086,2026-08-29T09:00:00+10:00,Provide First Aid (AM),PFA-011,3,16,13,true
has_room,MORPHETT VALE,108741,CPR & PFA (AM),8,16,true,2061013,2026-08-31T09:00:00+10:00,Provide CPR (AM),CPR-009,1,6,5,true
has_room,MORPHETT VALE,108741,CPR & PFA (AM),8,16,true,2061017,2026-08-31T09:00:00+10:00,Provide First Aid (AM),PFA-011,7,16,9,true
has_room,MORPHETT VALE,108747,CPR/PFA/EFA,6,16,true,2061042,2026-09-11T09:00:00+10:00,Provide CPR (AM),CPR-009,2,6,4,true
has_room,MORPHETT VALE,108747,CPR/PFA/EFA,6,16,true,2061044,2026-09-11T09:00:00+10:00,Childcare First Aid (AM),EFA-012,0,16,16,true
has_room,MORPHETT VALE,108747,CPR/PFA/EFA,6,16,true,2061046,2026-09-11T09:00:00+10:00,Provide First Aid (AM),PFA-011,4,16,12,true
has_room,MORPHETT VALE,108748,CPR/PFA/EFA,0,16,true,2061043,2026-09-26T09:00:00+10:00,Provide CPR (AM),CPR-009,0,6,6,true
has_room,MORPHETT VALE,108748,CPR/PFA/EFA,0,16,true,2061045,2026-09-26T09:00:00+10:00,Childcare First Aid (AM),EFA-012,0,16,16,true
has_room,MORPHETT VALE,108748,CPR/PFA/EFA,0,16,true,2061047,2026-09-26T09:00:00+10:00,Provide First Aid (AM),PFA-011,0,16,16,true
has_room,MORPHETT VALE,109182,CPR & PFA (AM),0,16,true,2062365,2026-10-02T09:00:00+10:00,Provide CPR (AM),CPR-009,0,6,6,true
has_room,MORPHETT VALE,109182,CPR & PFA (AM),0,16,true,2062368,2026-10-02T09:00:00+10:00,Provide First Aid (AM),PFA-011,0,16,16,true
has_room,MORPHETT VALE,109183,CPR & PFA (AM),0,16,true,2062366,2026-10-16T09:00:00+10:00,Provide CPR (AM),CPR-009,0,6,6,true
has_room,MORPHETT VALE,109183,CPR & PFA (AM),0,16,true,2062369,2026-10-16T09:00:00+10:00,Provide First Aid (AM),PFA-011,0,16,16,true
has_room,MORPHETT VALE,109184,CPR & PFA (AM),0,16,true,2062367,2026-10-30T09:00:00+10:00,Provide CPR (AM),CPR-009,0,6,6,true
has_room,MORPHETT VALE,109184,CPR & PFA (AM),0,16,true,2062370,2026-10-30T09:00:00+10:00,Provide First Aid (AM),PFA-011,0,16,16,true
has_room,MORPHETT VALE,109185,CPR/PFA/EFA,3,16,true,2062374,2026-10-09T09:00:00+10:00,Provide CPR (AM),CPR-009,0,6,6,true
has_room,MORPHETT VALE,109185,CPR/PFA/EFA,3,16,true,2062375,2026-10-09T09:00:00+10:00,Childcare First Aid (AM),EFA-012,0,16,16,true
has_room,MORPHETT VALE,109185,CPR/PFA/EFA,3,16,true,2062376,2026-10-09T09:00:00+10:00,Provide First Aid (AM),PFA-011,3,16,13,true
has_room,MOUNT GRAVATT,107026,CPR & PFA (AM),15,30,true,2055851,2026-08-28T09:00:00+10:00,Provide CPR (AM),CPR-009,1,10,9,true
has_room,MOUNT GRAVATT,107026,CPR & PFA (AM),15,30,true,2055867,2026-08-28T09:00:00+10:00,Provide First Aid (AM),PFA-011,14,30,16,true
has_room,MOUNT GRAVATT,107027,CPR & PFA (AM),6,30,true,2055852,2026-08-31T09:00:00+10:00,Provide CPR (AM),CPR-009,1,10,9,true
has_room,MOUNT GRAVATT,107027,CPR & PFA (AM),6,30,true,2055868,2026-08-31T09:00:00+10:00,Provide First Aid (AM),PFA-011,5,30,25,true
has_room,MOUNT GRAVATT,107948,CPR/PFA/EFA,9,30,true,2058625,2026-09-05T09:00:00+10:00,Provide CPR (AM),CPR-009,2,10,8,true
has_room,MOUNT GRAVATT,107948,CPR/PFA/EFA,9,30,true,2058629,2026-09-05T09:00:00+10:00,Provide First Aid (AM),PFA-011,3,30,27,true
has_room,MOUNT GRAVATT,107948,CPR/PFA/EFA,9,30,true,2058633,2026-09-05T09:00:00+10:00,Childcare First Aid (AM),EFA-012,4,30,26,true
has_room,MOUNT GRAVATT,107949,CPR/PFA/EFA,3,30,true,2058626,2026-09-13T09:00:00+10:00,Provide CPR (AM),CPR-009,0,10,10,true
has_room,MOUNT GRAVATT,107949,CPR/PFA/EFA,3,30,true,2058630,2026-09-13T09:00:00+10:00,Provide First Aid (AM),PFA-011,3,30,27,true
has_room,MOUNT GRAVATT,107949,CPR/PFA/EFA,3,30,true,2058634,2026-09-13T09:00:00+10:00,Childcare First Aid (AM),EFA-012,0,30,30,true
has_room,MOUNT GRAVATT,107950,CPR/PFA/EFA,2,30,true,2058627,2026-09-20T09:00:00+10:00,Provide CPR (AM),CPR-009,0,10,10,true
has_room,MOUNT GRAVATT,107950,CPR/PFA/EFA,2,30,true,2058631,2026-09-20T09:00:00+10:00,Provide First Aid (AM),PFA-011,2,30,28,true
has_room,MOUNT GRAVATT,107950,CPR/PFA/EFA,2,30,true,2058635,2026-09-20T09:00:00+10:00,Childcare First Aid (AM),EFA-012,0,30,30,true
has_room,MOUNT GRAVATT,107951,CPR/PFA/EFA,1,30,true,2058628,2026-09-27T09:00:00+10:00,Provide CPR (AM),CPR-009,0,10,10,true
has_room,MOUNT GRAVATT,107951,CPR/PFA/EFA,1,30,true,2058632,2026-09-27T09:00:00+10:00,Provide First Aid (AM),PFA-011,1,30,29,true
has_room,MOUNT GRAVATT,107951,CPR/PFA/EFA,1,30,true,2058636,2026-09-27T09:00:00+10:00,Childcare First Aid (AM),EFA-012,0,30,30,true
has_room,MOUNT GRAVATT,107952,CPR & PFA (AM),6,30,true,2058637,2026-09-01T09:00:00+10:00,Provide CPR (AM),CPR-009,3,10,7,true
has_room,MOUNT GRAVATT,107952,CPR & PFA (AM),6,30,true,2058655,2026-09-01T09:00:00+10:00,Provide First Aid (AM),PFA-011,3,30,27,true
has_room,MOUNT GRAVATT,107954,CPR & PFA (AM),3,30,true,2058639,2026-09-04T09:00:00+10:00,Provide CPR (AM),CPR-009,0,10,10,true
has_room,MOUNT GRAVATT,107954,CPR & PFA (AM),3,30,true,2058657,2026-09-04T09:00:00+10:00,Provide First Aid (AM),PFA-011,3,30,27,true
has_room,MOUNT GRAVATT,107955,CPR & PFA (AM),2,30,true,2058640,2026-09-07T09:00:00+10:00,Provide CPR (AM),CPR-009,1,10,9,true
has_room,MOUNT GRAVATT,107955,CPR & PFA (AM),2,30,true,2058658,2026-09-07T09:00:00+10:00,Provide First Aid (AM),PFA-011,1,30,29,true
has_room,MOUNT GRAVATT,107956,CPR & PFA (AM),3,30,true,2058641,2026-09-08T09:00:00+10:00,Provide CPR (AM),CPR-009,3,10,7,true
has_room,MOUNT GRAVATT,107956,CPR & PFA (AM),3,30,true,2058659,2026-09-08T09:00:00+10:00,Provide First Aid (AM),PFA-011,0,30,30,true
has_room,MOUNT GRAVATT,107957,CPR & PFA (AM),2,30,true,2058642,2026-09-10T09:00:00+10:00,Provide CPR (AM),CPR-009,1,10,9,true
has_room,MOUNT GRAVATT,107957,CPR & PFA (AM),2,30,true,2058660,2026-09-10T09:00:00+10:00,Provide First Aid (AM),PFA-011,1,30,29,true
has_room,MOUNT GRAVATT,107958,CPR & PFA (AM),5,30,true,2058643,2026-09-11T09:00:00+10:00,Provide CPR (AM),CPR-009,2,10,8,true
has_room,MOUNT GRAVATT,107958,CPR & PFA (AM),5,30,true,2058661,2026-09-11T09:00:00+10:00,Provide First Aid (AM),PFA-011,3,30,27,true
has_room,MOUNT GRAVATT,107959,CPR & PFA (AM),2,30,true,2058644,2026-09-14T09:00:00+10:00,Provide CPR (AM),CPR-009,1,10,9,true
has_room,MOUNT GRAVATT,107959,CPR & PFA (AM),2,30,true,2058662,2026-09-14T09:00:00+10:00,Provide First Aid (AM),PFA-011,1,30,29,true
has_room,MOUNT GRAVATT,107960,CPR & PFA (AM),1,30,true,2058645,2026-09-15T09:00:00+10:00,Provide CPR (AM),CPR-009,0,10,10,true
has_room,MOUNT GRAVATT,107960,CPR & PFA (AM),1,30,true,2058663,2026-09-15T09:00:00+10:00,Provide First Aid (AM),PFA-011,1,30,29,true
has_room,MOUNT GRAVATT,107961,CPR & PFA (AM),0,30,true,2058646,2026-09-17T09:00:00+10:00,Provide CPR (AM),CPR-009,0,10,10,true
has_room,MOUNT GRAVATT,107961,CPR & PFA (AM),0,30,true,2058664,2026-09-17T09:00:00+10:00,Provide First Aid (AM),PFA-011,0,30,30,true
has_room,MOUNT GRAVATT,107962,CPR & PFA (AM),1,30,true,2058647,2026-09-18T09:00:00+10:00,Provide CPR (AM),CPR-009,1,10,9,true
has_room,MOUNT GRAVATT,107962,CPR & PFA (AM),1,30,true,2058665,2026-09-18T09:00:00+10:00,Provide First Aid (AM),PFA-011,0,30,30,true
has_room,MOUNT GRAVATT,107963,CPR & PFA (AM),1,30,true,2058648,2026-09-21T09:00:00+10:00,Provide CPR (AM),CPR-009,1,10,9,true
has_room,MOUNT GRAVATT,107963,CPR & PFA (AM),1,30,true,2058666,2026-09-21T09:00:00+10:00,Provide First Aid (AM),PFA-011,0,30,30,true
has_room,MOUNT GRAVATT,107964,CPR & PFA (AM),0,30,true,2058649,2026-09-22T09:00:00+10:00,Provide CPR (AM),CPR-009,0,10,10,true
has_room,MOUNT GRAVATT,107964,CPR & PFA (AM),0,30,true,2058667,2026-09-22T09:00:00+10:00,Provide First Aid (AM),PFA-011,0,30,30,true
has_room,MOUNT GRAVATT,107965,CPR & PFA (AM),0,30,true,2058650,2026-09-23T09:00:00+10:00,Provide CPR (AM),CPR-009,0,10,10,true
has_room,MOUNT GRAVATT,107965,CPR & PFA (AM),0,30,true,2058668,2026-09-23T09:00:00+10:00,Provide First Aid (AM),PFA-011,0,30,30,true
has_room,MOUNT GRAVATT,107966,CPR & PFA (AM),1,30,true,2058651,2026-09-25T09:00:00+10:00,Provide CPR (AM),CPR-009,1,10,9,true
has_room,MOUNT GRAVATT,107966,CPR & PFA (AM),1,30,true,2058669,2026-09-25T09:00:00+10:00,Provide First Aid (AM),PFA-011,0,30,30,true
has_room,MOUNT GRAVATT,107967,CPR & PFA (AM),0,30,true,2058652,2026-09-28T09:00:00+10:00,Provide CPR (AM),CPR-009,0,10,10,true
has_room,MOUNT GRAVATT,107967,CPR & PFA (AM),0,30,true,2058670,2026-09-28T09:00:00+10:00,Provide First Aid (AM),PFA-011,0,30,30,true
has_room,MOUNT GRAVATT,107968,CPR & PFA (AM),1,30,true,2058653,2026-09-29T09:00:00+10:00,Provide CPR (AM),CPR-009,0,10,10,true
has_room,MOUNT GRAVATT,107968,CPR & PFA (AM),1,30,true,2058671,2026-09-29T09:00:00+10:00,Provide First Aid (AM),PFA-011,1,30,29,true
has_room,MOUNT GRAVATT,107969,CPR & PFA (AM),0,30,true,2058654,2026-09-30T09:00:00+10:00,Provide CPR (AM),CPR-009,0,10,10,true
has_room,MOUNT GRAVATT,107969,CPR & PFA (AM),0,30,true,2058672,2026-09-30T09:00:00+10:00,Provide First Aid (AM),PFA-011,0,30,30,true
has_room,MOUNT GRAVATT,108772,CPR/PFA/EFA,15,30,true,2061123,2026-08-29T09:00:00+10:00,Provide CPR (AM),CPR-009,8,10,2,true
has_room,MOUNT GRAVATT,108772,CPR/PFA/EFA,15,30,true,2061124,2026-08-29T09:00:00+10:00,Provide First Aid (AM),PFA-011,4,30,26,true
has_room,MOUNT GRAVATT,108772,CPR/PFA/EFA,15,30,true,2061125,2026-08-29T09:00:00+10:00,Childcare First Aid (AM),EFA-012,3,30,27,true
has_room,MOUNT GRAVATT,109511,CPR & PFA (AM),0,30,true,2063339,2026-10-02T09:00:00+10:00,Provide CPR (AM),CPR-009,0,10,10,true
has_room,MOUNT GRAVATT,109511,CPR & PFA (AM),0,30,true,2063356,2026-10-02T09:00:00+10:00,Provide First Aid (AM),PFA-011,0,30,30,true
has_room,MOUNT GRAVATT,109512,CPR & PFA (AM),0,30,true,2063340,2026-10-05T09:00:00+10:00,Provide CPR (AM),CPR-009,0,10,10,true
has_room,MOUNT GRAVATT,109512,CPR & PFA (AM),0,30,true,2063357,2026-10-05T09:00:00+10:00,Provide First Aid (AM),PFA-011,0,30,30,true
has_room,MOUNT GRAVATT,109513,CPR & PFA (AM),0,30,true,2063341,2026-10-06T09:00:00+10:00,Provide CPR (AM),CPR-009,0,10,10,true
has_room,MOUNT GRAVATT,109513,CPR & PFA (AM),0,30,true,2063358,2026-10-06T09:00:00+10:00,Provide First Aid (AM),PFA-011,0,30,30,true
has_room,MOUNT GRAVATT,109514,CPR & PFA (AM),0,30,true,2063342,2026-10-08T09:00:00+10:00,Provide CPR (AM),CPR-009,0,10,10,true
has_room,MOUNT GRAVATT,109514,CPR & PFA (AM),0,30,true,2063359,2026-10-08T09:00:00+10:00,Provide First Aid (AM),PFA-011,0,30,30,true
has_room,MOUNT GRAVATT,109515,CPR & PFA (AM),0,30,true,2063343,2026-10-09T09:00:00+10:00,Provide CPR (AM),CPR-009,0,10,10,true
has_room,MOUNT GRAVATT,109515,CPR & PFA (AM),0,30,true,2063360,2026-10-09T09:00:00+10:00,Provide First Aid (AM),PFA-011,0,30,30,true
has_room,MOUNT GRAVATT,109516,CPR & PFA (AM),0,30,true,2063344,2026-10-12T09:00:00+10:00,Provide CPR (AM),CPR-009,0,10,10,true
has_room,MOUNT GRAVATT,109516,CPR & PFA (AM),0,30,true,2063361,2026-10-12T09:00:00+10:00,Provide First Aid (AM),PFA-011,0,30,30,true
has_room,MOUNT GRAVATT,109517,CPR & PFA (AM),0,30,true,2063345,2026-10-13T09:00:00+10:00,Provide CPR (AM),CPR-009,0,10,10,true
has_room,MOUNT GRAVATT,109517,CPR & PFA (AM),0,30,true,2063362,2026-10-13T09:00:00+10:00,Provide First Aid (AM),PFA-011,0,30,30,true
has_room,MOUNT GRAVATT,109518,CPR & PFA (AM),0,30,true,2063346,2026-10-15T09:00:00+10:00,Provide CPR (AM),CPR-009,0,10,10,true
has_room,MOUNT GRAVATT,109518,CPR & PFA (AM),0,30,true,2063363,2026-10-15T09:00:00+10:00,Provide First Aid (AM),PFA-011,0,30,30,true
has_room,MOUNT GRAVATT,109519,CPR & PFA (AM),0,30,true,2063347,2026-10-16T09:00:00+10:00,Provide CPR (AM),CPR-009,0,10,10,true
has_room,MOUNT GRAVATT,109519,CPR & PFA (AM),0,30,true,2063364,2026-10-16T09:00:00+10:00,Provide First Aid (AM),PFA-011,0,30,30,true
has_room,MOUNT GRAVATT,109520,CPR & PFA (AM),0,30,true,2063348,2026-10-19T09:00:00+10:00,Provide CPR (AM),CPR-009,0,10,10,true
has_room,MOUNT GRAVATT,109520,CPR & PFA (AM),0,30,true,2063365,2026-10-19T09:00:00+10:00,Provide First Aid (AM),PFA-011,0,30,30,true
has_room,MOUNT GRAVATT,109521,CPR & PFA (AM),0,30,true,2063349,2026-10-20T09:00:00+10:00,Provide CPR (AM),CPR-009,0,10,10,true
has_room,MOUNT GRAVATT,109521,CPR & PFA (AM),0,30,true,2063366,2026-10-20T09:00:00+10:00,Provide First Aid (AM),PFA-011,0,30,30,true
has_room,MOUNT GRAVATT,109522,CPR & PFA (AM),0,30,true,2063350,2026-10-21T09:00:00+10:00,Provide CPR (AM),CPR-009,0,10,10,true
has_room,MOUNT GRAVATT,109522,CPR & PFA (AM),0,30,true,2063367,2026-10-21T09:00:00+10:00,Provide First Aid (AM),PFA-011,0,30,30,true
has_room,MOUNT GRAVATT,109523,CPR & PFA (AM),0,30,true,2063351,2026-10-23T09:00:00+10:00,Provide CPR (AM),CPR-009,0,10,10,true
has_room,MOUNT GRAVATT,109523,CPR & PFA (AM),0,30,true,2063368,2026-10-23T09:00:00+10:00,Provide First Aid (AM),PFA-011,0,30,30,true
has_room,MOUNT GRAVATT,109524,CPR & PFA (AM),0,30,true,2063352,2026-10-26T09:00:00+10:00,Provide CPR (AM),CPR-009,0,10,10,true
has_room,MOUNT GRAVATT,109524,CPR & PFA (AM),0,30,true,2063369,2026-10-26T09:00:00+10:00,Provide First Aid (AM),PFA-011,0,30,30,true
has_room,MOUNT GRAVATT,109525,CPR & PFA (AM),0,30,true,2063353,2026-10-27T09:00:00+10:00,Provide CPR (AM),CPR-009,0,10,10,true
has_room,MOUNT GRAVATT,109525,CPR & PFA (AM),0,30,true,2063370,2026-10-27T09:00:00+10:00,Provide First Aid (AM),PFA-011,0,30,30,true
has_room,MOUNT GRAVATT,109526,CPR & PFA (AM),0,30,true,2063354,2026-10-28T09:00:00+10:00,Provide CPR (AM),CPR-009,0,10,10,true
has_room,MOUNT GRAVATT,109526,CPR & PFA (AM),0,30,true,2063371,2026-10-28T09:00:00+10:00,Provide First Aid (AM),PFA-011,0,30,30,true
has_room,MOUNT GRAVATT,109527,CPR & PFA (AM),0,30,true,2063355,2026-10-30T09:00:00+10:00,Provide CPR (AM),CPR-009,0,10,10,true
has_room,MOUNT GRAVATT,109527,CPR & PFA (AM),0,30,true,2063372,2026-10-30T09:00:00+10:00,Provide First Aid (AM),PFA-011,0,30,30,true
has_room,MOUNT GRAVATT,109528,CPR/PFA/EFA,0,30,true,2063390,2026-10-03T09:00:00+10:00,Provide CPR (AM),CPR-009,0,10,10,true
has_room,MOUNT GRAVATT,109528,CPR/PFA/EFA,0,30,true,2063395,2026-10-03T09:00:00+10:00,Provide First Aid (AM),PFA-011,0,30,30,true
has_room,MOUNT GRAVATT,109528,CPR/PFA/EFA,0,30,true,2063400,2026-10-03T09:00:00+10:00,Childcare First Aid (AM),EFA-012,0,30,30,true
has_room,MOUNT GRAVATT,109529,CPR/PFA/EFA,0,30,true,2063391,2026-10-11T09:00:00+10:00,Provide CPR (AM),CPR-009,0,10,10,true
has_room,MOUNT GRAVATT,109529,CPR/PFA/EFA,0,30,true,2063396,2026-10-11T09:00:00+10:00,Provide First Aid (AM),PFA-011,0,30,30,true
has_room,MOUNT GRAVATT,109529,CPR/PFA/EFA,0,30,true,2063401,2026-10-11T09:00:00+10:00,Childcare First Aid (AM),EFA-012,0,30,30,true
has_room,MOUNT GRAVATT,109530,CPR/PFA/EFA,0,30,true,2063392,2026-10-18T09:00:00+10:00,Provide CPR (AM),CPR-009,0,10,10,true
has_room,MOUNT GRAVATT,109530,CPR/PFA/EFA,0,30,true,2063397,2026-10-18T09:00:00+10:00,Provide First Aid (AM),PFA-011,0,30,30,true
has_room,MOUNT GRAVATT,109530,CPR/PFA/EFA,0,30,true,2063402,2026-10-18T09:00:00+10:00,Childcare First Aid (AM),EFA-012,0,30,30,true
has_room,MOUNT GRAVATT,109531,CPR/PFA/EFA,0,30,true,2063393,2026-10-25T09:00:00+10:00,Provide CPR (AM),CPR-009,0,10,10,true
has_room,MOUNT GRAVATT,109531,CPR/PFA/EFA,0,30,true,2063398,2026-10-25T09:00:00+10:00,Provide First Aid (AM),PFA-011,0,30,30,true
has_room,MOUNT GRAVATT,109531,CPR/PFA/EFA,0,30,true,2063403,2026-10-25T09:00:00+10:00,Childcare First Aid (AM),EFA-012,0,30,30,true
has_room,MOUNT GRAVATT,109532,CPR/PFA/EFA,0,30,true,2063394,2026-10-31T09:00:00+10:00,Provide CPR (AM),CPR-009,0,10,10,true
has_room,MOUNT GRAVATT,109532,CPR/PFA/EFA,0,30,true,2063399,2026-10-31T09:00:00+10:00,Provide First Aid (AM),PFA-011,0,30,30,true
has_room,MOUNT GRAVATT,109532,CPR/PFA/EFA,0,30,true,2063404,2026-10-31T09:00:00+10:00,Childcare First Aid (AM),EFA-012,0,30,30,true
over_cap,NEWCASTLE,107477,CPR & PFA (AM),24,16,true,2057194,2026-08-27T08:00:00+10:00,Provide CPR (AM),CPR-009,8,8,0,true
over_cap,NEWCASTLE,107477,CPR & PFA (AM),24,16,true,2057205,2026-08-27T08:00:00+10:00,Provide First Aid (AM),PFA-011,16,16,0,true
has_room,NEWCASTLE,107478,CPR & PFA (AM),9,24,true,2057195,2026-08-31T08:00:00+10:00,Provide CPR (AM),CPR-009,4,8,4,true
has_room,NEWCASTLE,107478,CPR & PFA (AM),9,24,true,2057206,2026-08-31T08:00:00+10:00,Provide First Aid (AM),PFA-011,5,24,19,true
has_room,NEWCASTLE,108420,CPR/PFA/EFA,13,24,true,2060027,2026-09-05T08:00:00+10:00,Provide CPR (AM),CPR-009,1,8,7,true
has_room,NEWCASTLE,108420,CPR/PFA/EFA,13,24,true,2060029,2026-09-05T08:00:00+10:00,Provide First Aid (AM),PFA-011,10,24,14,true
has_room,NEWCASTLE,108420,CPR/PFA/EFA,13,24,true,2060031,2026-09-05T08:00:00+10:00,Childcare First Aid (AM),EFA-012,2,24,22,true
has_room,NEWCASTLE,108421,CPR/PFA/EFA,4,24,true,2060028,2026-09-19T08:00:00+10:00,Provide CPR (AM),CPR-009,1,8,7,true
has_room,NEWCASTLE,108421,CPR/PFA/EFA,4,24,true,2060030,2026-09-19T08:00:00+10:00,Provide First Aid (AM),PFA-011,0,24,24,true
has_room,NEWCASTLE,108421,CPR/PFA/EFA,4,24,true,2060032,2026-09-19T08:00:00+10:00,Childcare First Aid (AM),EFA-012,3,24,21,true
has_room,NEWCASTLE,108423,CPR & PFA (AM),2,24,true,2060034,2026-09-07T08:00:00+10:00,Provide CPR (AM),CPR-009,0,8,8,true
has_room,NEWCASTLE,108423,CPR & PFA (AM),2,24,true,2060043,2026-09-07T08:00:00+10:00,Provide First Aid (AM),PFA-011,2,24,22,true
has_room,NEWCASTLE,108424,CPR & PFA (AM),10,24,true,2060035,2026-09-10T08:00:00+10:00,Provide CPR (AM),CPR-009,2,8,6,true
has_room,NEWCASTLE,108424,CPR & PFA (AM),10,24,true,2060044,2026-09-10T08:00:00+10:00,Provide First Aid (AM),PFA-011,8,24,16,true
has_room,NEWCASTLE,108425,CPR & PFA (AM),2,24,true,2060036,2026-09-12T08:00:00+10:00,Provide CPR (AM),CPR-009,0,8,8,true
has_room,NEWCASTLE,108425,CPR & PFA (AM),2,24,true,2060045,2026-09-12T08:00:00+10:00,Provide First Aid (AM),PFA-011,2,24,22,true
has_room,NEWCASTLE,108426,CPR & PFA (AM),1,24,true,2060037,2026-09-14T08:00:00+10:00,Provide CPR (AM),CPR-009,1,8,7,true
has_room,NEWCASTLE,108426,CPR & PFA (AM),1,24,true,2060046,2026-09-14T08:00:00+10:00,Provide First Aid (AM),PFA-011,0,24,24,true
has_room,NEWCASTLE,108427,CPR & PFA (AM),2,24,true,2060038,2026-09-17T08:00:00+10:00,Provide CPR (AM),CPR-009,1,8,7,true
has_room,NEWCASTLE,108427,CPR & PFA (AM),2,24,true,2060047,2026-09-17T08:00:00+10:00,Provide First Aid (AM),PFA-011,1,24,23,true
has_room,NEWCASTLE,108428,CPR & PFA (AM),0,24,true,2060039,2026-09-21T08:00:00+10:00,Provide CPR (AM),CPR-009,0,8,8,true
has_room,NEWCASTLE,108428,CPR & PFA (AM),0,24,true,2060048,2026-09-21T08:00:00+10:00,Provide First Aid (AM),PFA-011,0,24,24,true
has_room,NEWCASTLE,108429,CPR & PFA (AM),2,24,true,2060040,2026-09-24T08:00:00+10:00,Provide CPR (AM),CPR-009,0,8,8,true
has_room,NEWCASTLE,108429,CPR & PFA (AM),2,24,true,2060049,2026-09-24T08:00:00+10:00,Provide First Aid (AM),PFA-011,2,24,22,true
has_room,NEWCASTLE,108430,CPR & PFA (AM),0,24,true,2060041,2026-09-28T08:00:00+10:00,Provide CPR (AM),CPR-009,0,8,8,true
has_room,NEWCASTLE,108430,CPR & PFA (AM),0,24,true,2060050,2026-09-28T08:00:00+10:00,Provide First Aid (AM),PFA-011,0,24,24,true
has_room,NEWCASTLE,109038,CPR & PFA (AM),0,24,true,2061928,2026-10-01T08:00:00+10:00,Provide CPR (AM),CPR-009,0,8,8,true
has_room,NEWCASTLE,109038,CPR & PFA (AM),0,24,true,2061937,2026-10-01T08:00:00+10:00,Provide First Aid (AM),PFA-011,0,24,24,true
has_room,NEWCASTLE,109039,CPR & PFA (AM),0,24,true,2061929,2026-10-05T08:00:00+10:00,Provide CPR (AM),CPR-009,0,8,8,true
has_room,NEWCASTLE,109039,CPR & PFA (AM),0,24,true,2061938,2026-10-05T08:00:00+10:00,Provide First Aid (AM),PFA-011,0,24,24,true
has_room,NEWCASTLE,109040,CPR & PFA (AM),0,24,true,2061930,2026-10-08T08:00:00+10:00,Provide CPR (AM),CPR-009,0,8,8,true
has_room,NEWCASTLE,109040,CPR & PFA (AM),0,24,true,2061939,2026-10-08T08:00:00+10:00,Provide First Aid (AM),PFA-011,0,24,24,true
has_room,NEWCASTLE,109041,CPR & PFA (AM),0,24,true,2061931,2026-10-12T08:00:00+10:00,Provide CPR (AM),CPR-009,0,8,8,true
has_room,NEWCASTLE,109041,CPR & PFA (AM),0,24,true,2061940,2026-10-12T08:00:00+10:00,Provide First Aid (AM),PFA-011,0,24,24,true
has_room,NEWCASTLE,109042,CPR & PFA (AM),0,24,true,2061932,2026-10-15T08:00:00+10:00,Provide CPR (AM),CPR-009,0,8,8,true
has_room,NEWCASTLE,109042,CPR & PFA (AM),0,24,true,2061941,2026-10-15T08:00:00+10:00,Provide First Aid (AM),PFA-011,0,24,24,true
has_room,NEWCASTLE,109043,CPR & PFA (AM),0,24,true,2061933,2026-10-19T08:00:00+10:00,Provide CPR (AM),CPR-009,0,8,8,true
has_room,NEWCASTLE,109043,CPR & PFA (AM),0,24,true,2061942,2026-10-19T08:00:00+10:00,Provide First Aid (AM),PFA-011,0,24,24,true
has_room,NEWCASTLE,109044,CPR & PFA (AM),0,24,true,2061934,2026-10-22T08:00:00+10:00,Provide CPR (AM),CPR-009,0,8,8,true
has_room,NEWCASTLE,109044,CPR & PFA (AM),0,24,true,2061943,2026-10-22T08:00:00+10:00,Provide First Aid (AM),PFA-011,0,24,24,true
has_room,NEWCASTLE,109045,CPR & PFA (AM),0,24,true,2061935,2026-10-26T08:00:00+10:00,Provide CPR (AM),CPR-009,0,8,8,true
has_room,NEWCASTLE,109045,CPR & PFA (AM),0,24,true,2061944,2026-10-26T08:00:00+10:00,Provide First Aid (AM),PFA-011,0,24,24,true
has_room,NEWCASTLE,109046,CPR & PFA (AM),0,24,true,2061936,2026-10-29T08:00:00+10:00,Provide CPR (AM),CPR-009,0,8,8,true
has_room,NEWCASTLE,109046,CPR & PFA (AM),0,24,true,2061945,2026-10-29T08:00:00+10:00,Provide First Aid (AM),PFA-011,0,24,24,true
has_room,NEWCASTLE,109047,CPR & PFA (AM),0,24,true,2061955,2026-10-10T08:00:00+10:00,Provide CPR (AM),CPR-009,0,8,8,true
has_room,NEWCASTLE,109047,CPR & PFA (AM),0,24,true,2061956,2026-10-10T08:00:00+10:00,Provide First Aid (AM),PFA-011,0,24,24,true
has_room,NEWCASTLE,109048,CPR/PFA/EFA,0,24,true,2061957,2026-10-17T08:00:00+10:00,Provide CPR (AM),CPR-009,0,8,8,true
has_room,NEWCASTLE,109048,CPR/PFA/EFA,0,24,true,2061959,2026-10-17T08:00:00+10:00,Provide First Aid (AM),PFA-011,0,24,24,true
has_room,NEWCASTLE,109048,CPR/PFA/EFA,0,24,true,2061961,2026-10-17T08:00:00+10:00,Childcare First Aid (AM),EFA-012,0,24,24,true
has_room,NEWCASTLE,109049,CPR/PFA/EFA,0,24,true,2061958,2026-10-31T08:00:00+10:00,Provide CPR (AM),CPR-009,0,8,8,true
has_room,NEWCASTLE,109049,CPR/PFA/EFA,0,24,true,2061960,2026-10-31T08:00:00+10:00,Provide First Aid (AM),PFA-011,0,24,24,true
has_room,NEWCASTLE,109049,CPR/PFA/EFA,0,24,true,2061962,2026-10-31T08:00:00+10:00,Childcare First Aid (AM),EFA-012,0,24,24,true
has_room,NOOSA,107213,CPR & PFA (AM),8,24,true,2056421,2026-08-27T10:30:00+10:00,Provide CPR (AM),CPR-009,3,24,21,true
has_room,NOOSA,107213,CPR & PFA (AM),8,24,true,2056425,2026-08-27T10:30:00+10:00,Provide First Aid (AM),PFA-011,5,24,19,true
has_room,NOOSA,108140,CPR/PFA/EFA,7,24,true,2059192,2026-09-07T10:30:00+10:00,Provide CPR (AM),CPR-009,2,24,22,true
has_room,NOOSA,108140,CPR/PFA/EFA,7,24,true,2059193,2026-09-07T10:30:00+10:00,Provide First Aid (AM),PFA-011,4,24,20,true
has_room,NOOSA,108140,CPR/PFA/EFA,7,24,true,2059194,2026-09-07T10:30:00+10:00,Childcare First Aid (AM),EFA-012,1,24,23,true
has_room,NOOSA,108141,CPR & PFA (AM),8,24,true,2059195,2026-09-03T10:30:00+10:00,Provide CPR (AM),CPR-009,2,24,22,true
has_room,NOOSA,108141,CPR & PFA (AM),8,24,true,2059200,2026-09-03T10:30:00+10:00,Provide First Aid (AM),PFA-011,6,24,18,true
has_room,NOOSA,108142,CPR & PFA (AM),1,24,true,2059196,2026-09-11T10:30:00+10:00,Provide CPR (AM),CPR-009,0,24,24,true
has_room,NOOSA,108142,CPR & PFA (AM),1,24,true,2059201,2026-09-11T10:30:00+10:00,Provide First Aid (AM),PFA-011,1,24,23,true
has_room,NOOSA,108143,CPR & PFA (AM),0,24,true,2059197,2026-09-18T10:30:00+10:00,Provide CPR (AM),CPR-009,0,24,24,true
has_room,NOOSA,108143,CPR & PFA (AM),0,24,true,2059202,2026-09-18T10:30:00+10:00,Provide First Aid (AM),PFA-011,0,24,24,true
has_room,NOOSA,108144,CPR & PFA (AM),1,24,true,2059198,2026-09-24T10:30:00+10:00,Provide CPR (AM),CPR-009,1,24,23,true
has_room,NOOSA,108144,CPR & PFA (AM),1,24,true,2059203,2026-09-24T10:30:00+10:00,Provide First Aid (AM),PFA-011,0,24,24,true
has_room,NOOSA,108145,CPR & PFA (AM),2,24,true,2059199,2026-09-29T10:30:00+10:00,Provide CPR (AM),CPR-009,0,24,24,true
has_room,NOOSA,108145,CPR & PFA (AM),2,24,true,2059204,2026-09-29T10:30:00+10:00,Provide First Aid (AM),PFA-011,2,24,22,true
has_room,NOOSA,109706,CPR & PFA (AM),0,24,true,2063919,2026-10-01T10:30:00+10:00,Provide CPR (AM),CPR-009,0,24,24,true
has_room,NOOSA,109706,CPR & PFA (AM),0,24,true,2063925,2026-10-01T10:30:00+10:00,Provide First Aid (AM),PFA-011,0,24,24,true
has_room,NOOSA,109707,CPR & PFA (AM),0,24,true,2063920,2026-10-09T10:30:00+10:00,Provide CPR (AM),CPR-009,0,24,24,true
has_room,NOOSA,109707,CPR & PFA (AM),0,24,true,2063926,2026-10-09T10:30:00+10:00,Provide First Aid (AM),PFA-011,0,24,24,true
has_room,NOOSA,109708,CPR & PFA (AM),0,24,true,2063921,2026-10-16T10:30:00+10:00,Provide CPR (AM),CPR-009,0,24,24,true
has_room,NOOSA,109708,CPR & PFA (AM),0,24,true,2063927,2026-10-16T10:30:00+10:00,Provide First Aid (AM),PFA-011,0,24,24,true
has_room,NOOSA,109709,CPR & PFA (AM),0,24,true,2063922,2026-10-22T10:30:00+10:00,Provide CPR (AM),CPR-009,0,24,24,true
has_room,NOOSA,109709,CPR & PFA (AM),0,24,true,2063928,2026-10-22T10:30:00+10:00,Provide First Aid (AM),PFA-011,0,24,24,true
has_room,NOOSA,109710,CPR & PFA (AM),0,24,true,2063923,2026-10-27T10:30:00+10:00,Provide CPR (AM),CPR-009,0,24,24,true
has_room,NOOSA,109710,CPR & PFA (AM),0,24,true,2063929,2026-10-27T10:30:00+10:00,Provide First Aid (AM),PFA-011,0,24,24,true
has_room,NOOSA,109711,CPR & PFA (AM),0,24,true,2063924,2026-10-29T10:30:00+10:00,Provide CPR (AM),CPR-009,0,24,24,true
has_room,NOOSA,109711,CPR & PFA (AM),0,24,true,2063930,2026-10-29T10:30:00+10:00,Provide First Aid (AM),PFA-011,0,24,24,true
has_room,NOOSA,109712,CPR/PFA/EFA,0,24,true,2063931,2026-10-05T10:30:00+10:00,Provide CPR (AM),CPR-009,0,24,24,true
has_room,NOOSA,109712,CPR/PFA/EFA,0,24,true,2063932,2026-10-05T10:30:00+10:00,Provide First Aid (AM),PFA-011,0,24,24,true
has_room,NOOSA,109712,CPR/PFA/EFA,0,24,true,2063933,2026-10-05T10:30:00+10:00,Childcare First Aid (AM),EFA-012,0,24,24,true
over_cap,NORTH LAKES,107140,CPR/PFA/EFA,30,17,true,2056198,2026-08-29T09:00:00+10:00,Provide CPR (AM),CPR-009,10,10,0,true
over_cap,NORTH LAKES,107140,CPR/PFA/EFA,30,17,true,2056207,2026-08-29T09:00:00+10:00,Provide First Aid (AM),PFA-011,17,17,0,true
over_cap,NORTH LAKES,107140,CPR/PFA/EFA,30,17,true,2056216,2026-08-29T09:00:00+10:00,Childcare First Aid (AM),EFA-012,3,3,0,true
has_room,NORTH LAKES,107141,CPR/PFA/EFA,14,30,true,2056199,2026-08-30T09:00:00+10:00,Provide CPR (AM),CPR-009,6,10,4,true
has_room,NORTH LAKES,107141,CPR/PFA/EFA,14,30,true,2056208,2026-08-30T09:00:00+10:00,Provide First Aid (AM),PFA-011,8,30,22,true
has_room,NORTH LAKES,107158,CPR & PFA (AM),28,30,true,2056234,2026-08-28T09:00:00+10:00,Provide CPR (AM),CPR-009,15,12,0,true
has_room,NORTH LAKES,107158,CPR & PFA (AM),28,30,true,2056252,2026-08-28T09:00:00+10:00,Provide First Aid (AM),PFA-011,13,30,17,true
has_room,NORTH LAKES,107159,CPR & PFA (AM),17,30,true,2056235,2026-08-31T09:00:00+10:00,Provide CPR (AM),CPR-009,6,10,4,true
has_room,NORTH LAKES,107159,CPR & PFA (AM),17,30,true,2056253,2026-08-31T09:00:00+10:00,Provide First Aid (AM),PFA-011,11,30,19,true
has_room,NORTH LAKES,108068,CPR/PFA/EFA,5,30,true,2058979,2026-09-05T09:00:00+10:00,Provide CPR (AM),CPR-009,1,10,9,true
has_room,NORTH LAKES,108068,CPR/PFA/EFA,5,30,true,2058986,2026-09-05T09:00:00+10:00,Provide First Aid (AM),PFA-011,3,30,27,true
has_room,NORTH LAKES,108068,CPR/PFA/EFA,5,30,true,2058993,2026-09-05T09:00:00+10:00,Childcare First Aid (AM),EFA-012,1,30,29,true
has_room,NORTH LAKES,108069,CPR/PFA/EFA,7,30,true,2058980,2026-09-06T09:00:00+10:00,Provide CPR (AM),CPR-009,4,10,6,true
has_room,NORTH LAKES,108069,CPR/PFA/EFA,7,30,true,2058987,2026-09-06T09:00:00+10:00,Provide First Aid (AM),PFA-011,2,30,28,true
has_room,NORTH LAKES,108069,CPR/PFA/EFA,7,30,true,2058994,2026-09-06T09:00:00+10:00,Childcare First Aid (AM),EFA-012,1,30,29,true
has_room,NORTH LAKES,108070,CPR/PFA/EFA,1,30,true,2058981,2026-09-12T09:00:00+10:00,Provide CPR (AM),CPR-009,0,10,10,true
has_room,NORTH LAKES,108070,CPR/PFA/EFA,1,30,true,2058988,2026-09-12T09:00:00+10:00,Provide First Aid (AM),PFA-011,1,30,29,true
has_room,NORTH LAKES,108070,CPR/PFA/EFA,1,30,true,2058995,2026-09-12T09:00:00+10:00,Childcare First Aid (AM),EFA-012,0,30,30,true
has_room,NORTH LAKES,108071,CPR/PFA/EFA,0,30,true,2058982,2026-09-13T09:00:00+10:00,Provide CPR (AM),CPR-009,0,10,10,true
has_room,NORTH LAKES,108071,CPR/PFA/EFA,0,30,true,2058989,2026-09-13T09:00:00+10:00,Provide First Aid (AM),PFA-011,0,30,30,true
has_room,NORTH LAKES,108071,CPR/PFA/EFA,0,30,true,2058996,2026-09-13T09:00:00+10:00,Childcare First Aid (AM),EFA-012,0,30,30,true
has_room,NORTH LAKES,108072,CPR/PFA/EFA,3,30,true,2058983,2026-09-19T09:00:00+10:00,Provide CPR (AM),CPR-009,2,10,8,true
has_room,NORTH LAKES,108072,CPR/PFA/EFA,3,30,true,2058990,2026-09-19T09:00:00+10:00,Provide First Aid (AM),PFA-011,1,30,29,true
has_room,NORTH LAKES,108072,CPR/PFA/EFA,3,30,true,2058997,2026-09-19T09:00:00+10:00,Childcare First Aid (AM),EFA-012,0,30,30,true
has_room,NORTH LAKES,108073,CPR/PFA/EFA,1,30,true,2058984,2026-09-26T09:00:00+10:00,Provide CPR (AM),CPR-009,0,10,10,true
has_room,NORTH LAKES,108073,CPR/PFA/EFA,1,30,true,2058991,2026-09-26T09:00:00+10:00,Provide First Aid (AM),PFA-011,1,30,29,true
has_room,NORTH LAKES,108073,CPR/PFA/EFA,1,30,true,2058998,2026-09-26T09:00:00+10:00,Childcare First Aid (AM),EFA-012,0,30,30,true
has_room,NORTH LAKES,108074,CPR/PFA/EFA,0,30,true,2058985,2026-09-27T09:00:00+10:00,Provide CPR (AM),CPR-009,0,10,10,true
has_room,NORTH LAKES,108074,CPR/PFA/EFA,0,30,true,2058992,2026-09-27T09:00:00+10:00,Provide First Aid (AM),PFA-011,0,30,30,true
has_room,NORTH LAKES,108074,CPR/PFA/EFA,0,30,true,2058999,2026-09-27T09:00:00+10:00,Childcare First Aid (AM),EFA-012,0,30,30,true
has_room,NORTH LAKES,108075,CPR & PFA (AM),5,30,true,2059000,2026-09-01T09:00:00+10:00,Provide CPR (AM),CPR-009,2,10,8,true
has_room,NORTH LAKES,108075,CPR & PFA (AM),5,30,true,2059019,2026-09-01T09:00:00+10:00,Provide First Aid (AM),PFA-011,3,30,27,true
has_room,NORTH LAKES,108076,CPR & PFA (AM),13,30,true,2059001,2026-09-02T09:00:00+10:00,Provide CPR (AM),CPR-009,7,10,3,true
has_room,NORTH LAKES,108076,CPR & PFA (AM),13,30,true,2059020,2026-09-02T09:00:00+10:00,Provide First Aid (AM),PFA-011,6,30,24,true
has_room,NORTH LAKES,108077,CPR & PFA (AM),9,30,true,2059002,2026-09-04T09:00:00+10:00,Provide CPR (AM),CPR-009,5,10,5,true
has_room,NORTH LAKES,108077,CPR & PFA (AM),9,30,true,2059021,2026-09-04T09:00:00+10:00,Provide First Aid (AM),PFA-011,4,30,26,true
has_room,NORTH LAKES,108078,CPR & PFA (AM),3,30,true,2059003,2026-09-07T09:00:00+10:00,Provide CPR (AM),CPR-009,2,10,8,true
has_room,NORTH LAKES,108078,CPR & PFA (AM),3,30,true,2059022,2026-09-07T09:00:00+10:00,Provide First Aid (AM),PFA-011,1,30,29,true
has_room,NORTH LAKES,108079,CPR & PFA (AM),6,30,true,2059004,2026-09-08T09:00:00+10:00,Provide CPR (AM),CPR-009,2,10,8,true
has_room,NORTH LAKES,108079,CPR & PFA (AM),6,30,true,2059023,2026-09-08T09:00:00+10:00,Provide First Aid (AM),PFA-011,4,30,26,true
has_room,NORTH LAKES,108080,CPR & PFA (AM),0,30,true,2059005,2026-09-09T09:00:00+10:00,Provide CPR (AM),CPR-009,0,10,10,true
has_room,NORTH LAKES,108080,CPR & PFA (AM),0,30,true,2059024,2026-09-09T09:00:00+10:00,Provide First Aid (AM),PFA-011,0,30,30,true
has_room,NORTH LAKES,108081,CPR & PFA (AM),4,30,true,2059006,2026-09-10T09:00:00+10:00,Provide CPR (AM),CPR-009,2,10,8,true
has_room,NORTH LAKES,108081,CPR & PFA (AM),4,30,true,2059025,2026-09-10T09:00:00+10:00,Provide First Aid (AM),PFA-011,2,30,28,true
has_room,NORTH LAKES,108082,CPR & PFA (AM),2,30,true,2059007,2026-09-11T09:00:00+10:00,Provide CPR (AM),CPR-009,0,10,10,true
has_room,NORTH LAKES,108082,CPR & PFA (AM),2,30,true,2059026,2026-09-11T09:00:00+10:00,Provide First Aid (AM),PFA-011,2,30,28,true
has_room,NORTH LAKES,108083,CPR & PFA (AM),1,30,true,2059008,2026-09-14T09:00:00+10:00,Provide CPR (AM),CPR-009,1,10,9,true
has_room,NORTH LAKES,108083,CPR & PFA (AM),1,30,true,2059027,2026-09-14T09:00:00+10:00,Provide First Aid (AM),PFA-011,0,30,30,true
has_room,NORTH LAKES,108084,CPR & PFA (AM),8,30,true,2059009,2026-09-15T09:00:00+10:00,Provide CPR (AM),CPR-009,5,10,5,true
has_room,NORTH LAKES,108084,CPR & PFA (AM),8,30,true,2059028,2026-09-15T09:00:00+10:00,Provide First Aid (AM),PFA-011,3,30,27,true
has_room,NORTH LAKES,108085,CPR & PFA (AM),3,30,true,2059010,2026-09-17T09:00:00+10:00,Provide CPR (AM),CPR-009,2,10,8,true
has_room,NORTH LAKES,108085,CPR & PFA (AM),3,30,true,2059029,2026-09-17T09:00:00+10:00,Provide First Aid (AM),PFA-011,1,30,29,true
has_room,NORTH LAKES,108086,CPR & PFA (AM),0,30,true,2059011,2026-09-18T09:00:00+10:00,Provide CPR (AM),CPR-009,0,10,10,true
has_room,NORTH LAKES,108086,CPR & PFA (AM),0,30,true,2059030,2026-09-18T09:00:00+10:00,Provide First Aid (AM),PFA-011,0,30,30,true
has_room,NORTH LAKES,108087,CPR & PFA (AM),4,30,true,2059012,2026-09-21T09:00:00+10:00,Provide CPR (AM),CPR-009,2,10,8,true
has_room,NORTH LAKES,108087,CPR & PFA (AM),4,30,true,2059031,2026-09-21T09:00:00+10:00,Provide First Aid (AM),PFA-011,2,30,28,true
has_room,NORTH LAKES,108088,CPR & PFA (AM),0,30,true,2059013,2026-09-22T09:00:00+10:00,Provide CPR (AM),CPR-009,0,10,10,true
has_room,NORTH LAKES,108088,CPR & PFA (AM),0,30,true,2059032,2026-09-22T09:00:00+10:00,Provide First Aid (AM),PFA-011,0,30,30,true
has_room,NORTH LAKES,108089,CPR & PFA (AM),0,30,true,2059014,2026-09-23T09:00:00+10:00,Provide CPR (AM),CPR-009,0,10,10,true
has_room,NORTH LAKES,108089,CPR & PFA (AM),0,30,true,2059033,2026-09-23T09:00:00+10:00,Provide First Aid (AM),PFA-011,0,30,30,true
has_room,NORTH LAKES,108090,CPR & PFA (AM),3,30,true,2059015,2026-09-25T09:00:00+10:00,Provide CPR (AM),CPR-009,0,10,10,true
has_room,NORTH LAKES,108090,CPR & PFA (AM),3,30,true,2059034,2026-09-25T09:00:00+10:00,Provide First Aid (AM),PFA-011,3,30,27,true
has_room,NORTH LAKES,108091,CPR & PFA (AM),1,30,true,2059016,2026-09-28T09:00:00+10:00,Provide CPR (AM),CPR-009,0,10,10,true
has_room,NORTH LAKES,108091,CPR & PFA (AM),1,30,true,2059035,2026-09-28T09:00:00+10:00,Provide First Aid (AM),PFA-011,1,30,29,true
has_room,NORTH LAKES,108092,CPR & PFA (AM),1,30,true,2059017,2026-09-29T09:00:00+10:00,Provide CPR (AM),CPR-009,0,10,10,true
has_room,NORTH LAKES,108092,CPR & PFA (AM),1,30,true,2059036,2026-09-29T09:00:00+10:00,Provide First Aid (AM),PFA-011,1,30,29,true
has_room,NORTH LAKES,108093,CPR & PFA (AM),0,30,true,2059018,2026-09-30T09:00:00+10:00,Provide CPR (AM),CPR-009,0,10,10,true
has_room,NORTH LAKES,108093,CPR & PFA (AM),0,30,true,2059037,2026-09-30T09:00:00+10:00,Provide First Aid (AM),PFA-011,0,30,30,true
has_room,NORTH LAKES,109631,CPR & PFA (AM),0,30,true,2063691,2026-10-02T09:00:00+10:00,Provide CPR (AM),CPR-009,0,10,10,true
has_room,NORTH LAKES,109631,CPR & PFA (AM),0,30,true,2063708,2026-10-02T09:00:00+10:00,Provide First Aid (AM),PFA-011,0,30,30,true
has_room,NORTH LAKES,109632,CPR & PFA (AM),0,30,true,2063692,2026-10-06T09:00:00+10:00,Provide CPR (AM),CPR-009,0,10,10,true
has_room,NORTH LAKES,109632,CPR & PFA (AM),0,30,true,2063709,2026-10-06T09:00:00+10:00,Provide First Aid (AM),PFA-011,0,30,30,true
has_room,NORTH LAKES,109633,CPR & PFA (AM),0,30,true,2063693,2026-10-07T09:00:00+10:00,Provide CPR (AM),CPR-009,0,10,10,true
has_room,NORTH LAKES,109633,CPR & PFA (AM),0,30,true,2063710,2026-10-07T09:00:00+10:00,Provide First Aid (AM),PFA-011,0,30,30,true
has_room,NORTH LAKES,109634,CPR & PFA (AM),0,30,true,2063694,2026-10-08T09:00:00+10:00,Provide CPR (AM),CPR-009,0,10,10,true
has_room,NORTH LAKES,109634,CPR & PFA (AM),0,30,true,2063711,2026-10-08T09:00:00+10:00,Provide First Aid (AM),PFA-011,0,30,30,true
has_room,NORTH LAKES,109635,CPR & PFA (AM),0,30,true,2063695,2026-10-09T09:00:00+10:00,Provide CPR (AM),CPR-009,0,10,10,true
has_room,NORTH LAKES,109635,CPR & PFA (AM),0,30,true,2063712,2026-10-09T09:00:00+10:00,Provide First Aid (AM),PFA-011,0,30,30,true
has_room,NORTH LAKES,109636,CPR & PFA (AM),0,30,true,2063696,2026-10-12T09:00:00+10:00,Provide CPR (AM),CPR-009,0,10,10,true
has_room,NORTH LAKES,109636,CPR & PFA (AM),0,30,true,2063713,2026-10-12T09:00:00+10:00,Provide First Aid (AM),PFA-011,0,30,30,true
has_room,NORTH LAKES,109637,CPR & PFA (AM),0,30,true,2063697,2026-10-13T09:00:00+10:00,Provide CPR (AM),CPR-009,0,10,10,true
has_room,NORTH LAKES,109637,CPR & PFA (AM),0,30,true,2063714,2026-10-13T09:00:00+10:00,Provide First Aid (AM),PFA-011,0,30,30,true
has_room,NORTH LAKES,109638,CPR & PFA (AM),0,30,true,2063698,2026-10-15T09:00:00+10:00,Provide CPR (AM),CPR-009,0,10,10,true
has_room,NORTH LAKES,109638,CPR & PFA (AM),0,30,true,2063715,2026-10-15T09:00:00+10:00,Provide First Aid (AM),PFA-011,0,30,30,true
has_room,NORTH LAKES,109639,CPR & PFA (AM),0,30,true,2063699,2026-10-16T09:00:00+10:00,Provide CPR (AM),CPR-009,0,10,10,true
has_room,NORTH LAKES,109639,CPR & PFA (AM),0,30,true,2063716,2026-10-16T09:00:00+10:00,Provide First Aid (AM),PFA-011,0,30,30,true
has_room,NORTH LAKES,109640,CPR & PFA (AM),0,30,true,2063700,2026-10-19T09:00:00+10:00,Provide CPR (AM),CPR-009,0,10,10,true
has_room,NORTH LAKES,109640,CPR & PFA (AM),0,30,true,2063717,2026-10-19T09:00:00+10:00,Provide First Aid (AM),PFA-011,0,30,30,true
has_room,NORTH LAKES,109641,CPR & PFA (AM),0,30,true,2063701,2026-10-20T09:00:00+10:00,Provide CPR (AM),CPR-009,0,10,10,true
has_room,NORTH LAKES,109641,CPR & PFA (AM),0,30,true,2063718,2026-10-20T09:00:00+10:00,Provide First Aid (AM),PFA-011,0,30,30,true
has_room,NORTH LAKES,109642,CPR & PFA (AM),0,30,true,2063702,2026-10-21T09:00:00+10:00,Provide CPR (AM),CPR-009,0,10,10,true
has_room,NORTH LAKES,109642,CPR & PFA (AM),0,30,true,2063719,2026-10-21T09:00:00+10:00,Provide First Aid (AM),PFA-011,0,30,30,true
has_room,NORTH LAKES,109643,CPR & PFA (AM),0,30,true,2063703,2026-10-23T09:00:00+10:00,Provide CPR (AM),CPR-009,0,10,10,true
has_room,NORTH LAKES,109643,CPR & PFA (AM),0,30,true,2063720,2026-10-23T09:00:00+10:00,Provide First Aid (AM),PFA-011,0,30,30,true
has_room,NORTH LAKES,109644,CPR & PFA (AM),0,30,true,2063704,2026-10-26T09:00:00+10:00,Provide CPR (AM),CPR-009,0,10,10,true
has_room,NORTH LAKES,109644,CPR & PFA (AM),0,30,true,2063721,2026-10-26T09:00:00+10:00,Provide First Aid (AM),PFA-011,0,30,30,true
has_room,NORTH LAKES,109645,CPR & PFA (AM),0,30,true,2063705,2026-10-27T09:00:00+10:00,Provide CPR (AM),CPR-009,0,10,10,true
has_room,NORTH LAKES,109645,CPR & PFA (AM),0,30,true,2063722,2026-10-27T09:00:00+10:00,Provide First Aid (AM),PFA-011,0,30,30,true
has_room,NORTH LAKES,109646,CPR & PFA (AM),0,30,true,2063706,2026-10-28T09:00:00+10:00,Provide CPR (AM),CPR-009,0,10,10,true
has_room,NORTH LAKES,109646,CPR & PFA (AM),0,30,true,2063723,2026-10-28T09:00:00+10:00,Provide First Aid (AM),PFA-011,0,30,30,true
has_room,NORTH LAKES,109647,CPR & PFA (AM),0,30,true,2063707,2026-10-30T09:00:00+10:00,Provide CPR (AM),CPR-009,0,10,10,true
has_room,NORTH LAKES,109647,CPR & PFA (AM),0,30,true,2063724,2026-10-30T09:00:00+10:00,Provide First Aid (AM),PFA-011,0,30,30,true
has_room,NORTH LAKES,109648,CPR/PFA/EFA,0,30,true,2063742,2026-10-03T09:00:00+10:00,Provide CPR (AM),CPR-009,0,10,10,true
has_room,NORTH LAKES,109648,CPR/PFA/EFA,0,30,true,2063750,2026-10-03T09:00:00+10:00,Provide First Aid (AM),PFA-011,0,30,30,true
has_room,NORTH LAKES,109648,CPR/PFA/EFA,0,30,true,2063758,2026-10-03T09:00:00+10:00,Childcare First Aid (AM),EFA-012,0,30,30,true
has_room,NORTH LAKES,109649,CPR/PFA/EFA,0,30,true,2063743,2026-10-04T09:00:00+10:00,Provide CPR (AM),CPR-009,0,10,10,true
has_room,NORTH LAKES,109649,CPR/PFA/EFA,0,30,true,2063751,2026-10-04T09:00:00+10:00,Provide First Aid (AM),PFA-011,0,30,30,true
has_room,NORTH LAKES,109649,CPR/PFA/EFA,0,30,true,2063759,2026-10-04T09:00:00+10:00,Childcare First Aid (AM),EFA-012,0,30,30,true
has_room,NORTH LAKES,109650,CPR/PFA/EFA,0,30,true,2063744,2026-10-10T09:00:00+10:00,Provide CPR (AM),CPR-009,0,10,10,true
has_room,NORTH LAKES,109650,CPR/PFA/EFA,0,30,true,2063752,2026-10-10T09:00:00+10:00,Provide First Aid (AM),PFA-011,0,30,30,true
has_room,NORTH LAKES,109650,CPR/PFA/EFA,0,30,true,2063760,2026-10-10T09:00:00+10:00,Childcare First Aid (AM),EFA-012,0,30,30,true
has_room,NORTH LAKES,109651,CPR/PFA/EFA,0,30,true,2063745,2026-10-17T09:00:00+10:00,Provide CPR (AM),CPR-009,0,10,10,true
has_room,NORTH LAKES,109651,CPR/PFA/EFA,0,30,true,2063753,2026-10-17T09:00:00+10:00,Provide First Aid (AM),PFA-011,0,30,30,true
has_room,NORTH LAKES,109651,CPR/PFA/EFA,0,30,true,2063761,2026-10-17T09:00:00+10:00,Childcare First Aid (AM),EFA-012,0,30,30,true
has_room,NORTH LAKES,109652,CPR/PFA/EFA,0,30,true,2063746,2026-10-18T09:00:00+10:00,Provide CPR (AM),CPR-009,0,10,10,true
has_room,NORTH LAKES,109652,CPR/PFA/EFA,0,30,true,2063754,2026-10-18T09:00:00+10:00,Provide First Aid (AM),PFA-011,0,30,30,true
has_room,NORTH LAKES,109652,CPR/PFA/EFA,0,30,true,2063762,2026-10-18T09:00:00+10:00,Childcare First Aid (AM),EFA-012,0,30,30,true
has_room,NORTH LAKES,109653,CPR/PFA/EFA,0,30,true,2063747,2026-10-24T09:00:00+10:00,Provide CPR (AM),CPR-009,0,10,10,true
has_room,NORTH LAKES,109653,CPR/PFA/EFA,0,30,true,2063755,2026-10-24T09:00:00+10:00,Provide First Aid (AM),PFA-011,0,30,30,true
has_room,NORTH LAKES,109653,CPR/PFA/EFA,0,30,true,2063763,2026-10-24T09:00:00+10:00,Childcare First Aid (AM),EFA-012,0,30,30,true
has_room,NORTH LAKES,109654,CPR/PFA/EFA,0,30,true,2063748,2026-10-25T09:00:00+10:00,Provide CPR (AM),CPR-009,0,10,10,true
has_room,NORTH LAKES,109654,CPR/PFA/EFA,0,30,true,2063756,2026-10-25T09:00:00+10:00,Provide First Aid (AM),PFA-011,0,30,30,true
has_room,NORTH LAKES,109654,CPR/PFA/EFA,0,30,true,2063764,2026-10-25T09:00:00+10:00,Childcare First Aid (AM),EFA-012,0,30,30,true
has_room,NORTH LAKES,109655,CPR/PFA/EFA,0,30,true,2063749,2026-10-31T09:00:00+10:00,Provide CPR (AM),CPR-009,0,10,10,true
has_room,NORTH LAKES,109655,CPR/PFA/EFA,0,30,true,2063757,2026-10-31T09:00:00+10:00,Provide First Aid (AM),PFA-011,0,30,30,true
has_room,NORTH LAKES,109655,CPR/PFA/EFA,0,30,true,2063765,2026-10-31T09:00:00+10:00,Childcare First Aid (AM),EFA-012,0,30,30,true
has_room,NORTH LAKES,109656,CPR & PFA (AM),0,30,true,2063766,2026-10-05T09:00:00+10:00,Provide CPR (AM),CPR-009,0,10,10,true
has_room,NORTH LAKES,109656,CPR & PFA (AM),0,30,true,2063767,2026-10-05T09:00:00+10:00,Provide First Aid (AM),PFA-011,0,30,30,true
has_room,NOWRA,108397,CPR/PFA/EFA,4,24,true,2059958,2026-09-07T09:30:00+10:00,Provide CPR (AM),CPR-009,0,8,8,true
has_room,NOWRA,108397,CPR/PFA/EFA,4,24,true,2059959,2026-09-07T09:30:00+10:00,Provide First Aid (AM),PFA-011,2,24,22,true
has_room,NOWRA,108397,CPR/PFA/EFA,4,24,true,2059960,2026-09-07T09:30:00+10:00,Childcare First Aid (AM),EFA-012,2,24,22,true
has_room,NOWRA,108398,CPR & PFA (AM),13,24,true,2059961,2026-09-01T09:00:00+10:00,Provide CPR (AM),CPR-009,8,11,3,true
has_room,NOWRA,108398,CPR & PFA (AM),13,24,true,2059965,2026-09-01T09:00:00+10:00,Provide First Aid (AM),PFA-011,5,24,19,true
has_room,NOWRA,108399,CPR & PFA (AM),1,24,true,2059962,2026-09-14T09:00:00+10:00,Provide CPR (AM),CPR-009,0,8,8,true
has_room,NOWRA,108399,CPR & PFA (AM),1,24,true,2059966,2026-09-14T09:00:00+10:00,Provide First Aid (AM),PFA-011,1,24,23,true
has_room,NOWRA,108400,CPR & PFA (AM),3,24,true,2059963,2026-09-22T09:00:00+10:00,Provide CPR (AM),CPR-009,0,8,8,true
has_room,NOWRA,108400,CPR & PFA (AM),3,24,true,2059967,2026-09-22T09:00:00+10:00,Provide First Aid (AM),PFA-011,3,24,21,true
has_room,NOWRA,108401,CPR & PFA (AM),1,24,true,2059964,2026-09-29T09:00:00+10:00,Provide CPR (AM),CPR-009,1,8,7,true
has_room,NOWRA,108401,CPR & PFA (AM),1,24,true,2059968,2026-09-29T09:00:00+10:00,Provide First Aid (AM),PFA-011,0,24,24,true
has_room,NOWRA,109018,CPR & PFA (AM),0,24,true,2061871,2026-10-12T09:00:00+10:00,Provide CPR (AM),CPR-009,0,8,8,true
has_room,NOWRA,109018,CPR & PFA (AM),0,24,true,2061874,2026-10-12T09:00:00+10:00,Provide First Aid (AM),PFA-011,0,24,24,true
has_room,NOWRA,109019,CPR & PFA (AM),0,24,true,2061872,2026-10-20T09:00:00+10:00,Provide CPR (AM),CPR-009,0,8,8,true
has_room,NOWRA,109019,CPR & PFA (AM),0,24,true,2061875,2026-10-20T09:00:00+10:00,Provide First Aid (AM),PFA-011,0,24,24,true
has_room,NOWRA,109020,CPR & PFA (AM),0,24,true,2061873,2026-10-27T09:00:00+10:00,Provide CPR (AM),CPR-009,0,8,8,true
has_room,NOWRA,109020,CPR & PFA (AM),0,24,true,2061876,2026-10-27T09:00:00+10:00,Provide First Aid (AM),PFA-011,0,24,24,true
has_room,NOWRA,109021,CPR/PFA/EFA,0,24,true,2061877,2026-10-05T09:30:00+10:00,Provide CPR (AM),CPR-009,0,8,8,true
has_room,NOWRA,109021,CPR/PFA/EFA,0,24,true,2061878,2026-10-05T09:30:00+10:00,Provide First Aid (AM),PFA-011,0,24,24,true
has_room,NOWRA,109021,CPR/PFA/EFA,0,24,true,2061879,2026-10-05T09:30:00+10:00,Childcare First Aid (AM),EFA-012,0,24,24,true
has_room,PAKENHAM,107637,CPR & PFA (AM),20,24,true,2057688,2026-08-27T09:00:00+10:00,Provide CPR (AM),CPR-009,5,24,19,true
has_room,PAKENHAM,107637,CPR & PFA (AM),20,24,true,2057689,2026-08-27T09:00:00+10:00,Provide First Aid (AM),PFA-011,15,24,9,true
has_room,PAKENHAM,108595,CPR/PFA/EFA,7,24,true,2060570,2026-09-08T09:00:00+10:00,Provide CPR (AM),CPR-009,3,24,21,true
has_room,PAKENHAM,108595,CPR/PFA/EFA,7,24,true,2060571,2026-09-08T09:00:00+10:00,Provide First Aid (AM),PFA-011,2,24,22,true
has_room,PAKENHAM,108595,CPR/PFA/EFA,7,24,true,2060572,2026-09-08T09:00:00+10:00,Childcare First Aid (AM),EFA-012,2,24,22,true
has_room,PAKENHAM,108596,CPR & PFA (AM),1,24,true,2060573,2026-09-24T09:00:00+10:00,Provide CPR (AM),CPR-009,1,24,23,true
has_room,PAKENHAM,108596,CPR & PFA (AM),1,24,true,2060574,2026-09-24T09:00:00+10:00,Provide First Aid (AM),PFA-011,0,24,24,true
has_room,PAKENHAM,109352,CPR & PFA (AM),0,24,true,2062874,2026-10-22T09:00:00+10:00,Provide CPR (AM),CPR-009,0,24,24,true
has_room,PAKENHAM,109352,CPR & PFA (AM),0,24,true,2062875,2026-10-22T09:00:00+10:00,Provide First Aid (AM),PFA-011,0,24,24,true
has_room,PAKENHAM,109353,CPR/PFA/EFA,0,24,true,2062876,2026-10-06T09:00:00+10:00,Provide CPR (AM),CPR-009,0,24,24,true
has_room,PAKENHAM,109353,CPR/PFA/EFA,0,24,true,2062877,2026-10-06T09:00:00+10:00,Provide First Aid (AM),PFA-011,0,24,24,true
has_room,PAKENHAM,109353,CPR/PFA/EFA,0,24,true,2062878,2026-10-06T09:00:00+10:00,Childcare First Aid (AM),EFA-012,0,24,24,true
has_room,PARRAMATTA,107394,CPR/PFA/EFA,11,20,true,2056963,2026-08-29T09:00:00+10:00,Provide CPR (AM),CPR-009,1,10,9,true
has_room,PARRAMATTA,107394,CPR/PFA/EFA,11,20,true,2056966,2026-08-29T09:00:00+10:00,Provide First Aid (AM),PFA-011,9,20,11,true
has_room,PARRAMATTA,107394,CPR/PFA/EFA,11,20,true,2056969,2026-08-29T09:00:00+10:00,Childcare First Aid (AM),EFA-012,1,20,19,true
has_room,PARRAMATTA,108338,CPR/PFA/EFA,2,20,true,2059788,2026-09-12T09:00:00+10:00,Provide CPR (AM),CPR-009,0,10,10,true
has_room,PARRAMATTA,108338,CPR/PFA/EFA,2,20,true,2059790,2026-09-12T09:00:00+10:00,Provide First Aid (AM),PFA-011,2,20,18,true
has_room,PARRAMATTA,108338,CPR/PFA/EFA,2,20,true,2059792,2026-09-12T09:00:00+10:00,Childcare First Aid (AM),EFA-012,0,20,20,true
has_room,PARRAMATTA,108339,CPR/PFA/EFA,1,20,true,2059789,2026-09-26T09:00:00+10:00,Provide CPR (AM),CPR-009,0,10,10,true
has_room,PARRAMATTA,108339,CPR/PFA/EFA,1,20,true,2059791,2026-09-26T09:00:00+10:00,Provide First Aid (AM),PFA-011,1,20,19,true
has_room,PARRAMATTA,108339,CPR/PFA/EFA,1,20,true,2059793,2026-09-26T09:00:00+10:00,Childcare First Aid (AM),EFA-012,0,20,20,true
has_room,PARRAMATTA,108340,CPR & PFA (AM),11,20,true,2059794,2026-09-02T09:00:00+10:00,Provide CPR (AM),CPR-009,3,10,7,true
has_room,PARRAMATTA,108340,CPR & PFA (AM),11,20,true,2059801,2026-09-02T09:00:00+10:00,Provide First Aid (AM),PFA-011,8,20,12,true
has_room,PARRAMATTA,108341,CPR & PFA (AM),6,20,true,2059795,2026-09-07T09:00:00+10:00,Provide CPR (AM),CPR-009,4,10,6,true
has_room,PARRAMATTA,108341,CPR & PFA (AM),6,20,true,2059802,2026-09-07T09:00:00+10:00,Provide First Aid (AM),PFA-011,2,20,18,true
has_room,PARRAMATTA,108342,CPR & PFA (AM),9,20,true,2059796,2026-09-10T09:00:00+10:00,Provide CPR (AM),CPR-009,1,10,9,true
has_room,PARRAMATTA,108342,CPR & PFA (AM),9,20,true,2059803,2026-09-10T09:00:00+10:00,Provide First Aid (AM),PFA-011,8,20,12,true
has_room,PARRAMATTA,108343,CPR & PFA (AM),2,20,true,2059797,2026-09-15T09:00:00+10:00,Provide CPR (AM),CPR-009,0,10,10,true
has_room,PARRAMATTA,108343,CPR & PFA (AM),2,20,true,2059804,2026-09-15T09:00:00+10:00,Provide First Aid (AM),PFA-011,2,20,18,true
has_room,PARRAMATTA,108344,CPR & PFA (AM),1,20,true,2059798,2026-09-17T09:00:00+10:00,Provide CPR (AM),CPR-009,0,10,10,true
has_room,PARRAMATTA,108344,CPR & PFA (AM),1,20,true,2059805,2026-09-17T09:00:00+10:00,Provide First Aid (AM),PFA-011,1,20,19,true
has_room,PARRAMATTA,108345,CPR & PFA (AM),3,20,true,2059799,2026-09-23T09:00:00+10:00,Provide CPR (AM),CPR-009,0,10,10,true
has_room,PARRAMATTA,108345,CPR & PFA (AM),3,20,true,2059806,2026-09-23T09:00:00+10:00,Provide First Aid (AM),PFA-011,3,20,17,true
has_room,PARRAMATTA,108346,CPR & PFA (AM),0,20,true,2059800,2026-09-30T09:00:00+10:00,Provide CPR (AM),CPR-009,0,10,10,true
has_room,PARRAMATTA,108346,CPR & PFA (AM),0,20,true,2059807,2026-09-30T09:00:00+10:00,Provide First Aid (AM),PFA-011,0,20,20,true
has_room,PARRAMATTA,108972,CPR & PFA (AM),0,20,true,2061735,2026-10-08T09:00:00+10:00,Provide CPR (AM),CPR-009,0,10,10,true
has_room,PARRAMATTA,108972,CPR & PFA (AM),0,20,true,2061741,2026-10-08T09:00:00+10:00,Provide First Aid (AM),PFA-011,0,20,20,true
has_room,PARRAMATTA,108973,CPR & PFA (AM),0,20,true,2061736,2026-10-13T09:00:00+10:00,Provide CPR (AM),CPR-009,0,10,10,true
has_room,PARRAMATTA,108973,CPR & PFA (AM),0,20,true,2061744,2026-10-13T09:00:00+10:00,Provide First Aid (AM),PFA-011,0,20,20,true
has_room,PARRAMATTA,108974,CPR & PFA (AM),0,20,true,2061737,2026-10-15T09:00:00+10:00,Provide CPR (AM),CPR-009,0,10,10,true
has_room,PARRAMATTA,108974,CPR & PFA (AM),0,20,true,2061746,2026-10-15T09:00:00+10:00,Provide First Aid (AM),PFA-011,0,20,20,true
has_room,PARRAMATTA,108975,CPR & PFA (AM),0,20,true,2061738,2026-10-21T09:00:00+10:00,Provide CPR (AM),CPR-009,0,10,10,true
has_room,PARRAMATTA,108975,CPR & PFA (AM),0,20,true,2061748,2026-10-21T09:00:00+10:00,Provide First Aid (AM),PFA-011,0,20,20,true
has_room,PARRAMATTA,108976,CPR & PFA (AM),0,20,true,2061739,2026-10-28T09:00:00+10:00,Provide CPR (AM),CPR-009,0,10,10,true
has_room,PARRAMATTA,108976,CPR & PFA (AM),0,20,true,2061749,2026-10-28T09:00:00+10:00,Provide First Aid (AM),PFA-011,0,20,20,true
has_room,PARRAMATTA,108977,CPR/PFA/EFA,1,20,true,2061750,2026-10-10T09:00:00+10:00,Provide CPR (AM),CPR-009,1,10,9,true
has_room,PARRAMATTA,108977,CPR/PFA/EFA,1,20,true,2061752,2026-10-10T09:00:00+10:00,Provide First Aid (AM),PFA-011,0,20,20,true
has_room,PARRAMATTA,108977,CPR/PFA/EFA,1,20,true,2061754,2026-10-10T09:00:00+10:00,Childcare First Aid (AM),EFA-012,0,20,20,true
has_room,PARRAMATTA,108978,CPR/PFA/EFA,0,20,true,2061751,2026-10-24T09:00:00+10:00,Provide CPR (AM),CPR-009,0,10,10,true
has_room,PARRAMATTA,108978,CPR/PFA/EFA,0,20,true,2061753,2026-10-24T09:00:00+10:00,Provide First Aid (AM),PFA-011,0,20,20,true
has_room,PARRAMATTA,108978,CPR/PFA/EFA,0,20,true,2061755,2026-10-24T09:00:00+10:00,Childcare First Aid (AM),EFA-012,0,20,20,true
has_room,PENRITH,107407,CPR & PFA (AM),16,20,true,2056998,2026-08-27T09:00:00+10:00,Provide CPR (AM),CPR-009,4,8,4,true
has_room,PENRITH,107407,CPR & PFA (AM),16,20,true,2057003,2026-08-27T09:00:00+10:00,Provide First Aid (AM),PFA-011,12,20,8,true
has_room,PENRITH,108347,CPR/PFA/EFA,6,20,true,2059815,2026-09-05T09:00:00+10:00,Provide CPR (AM),CPR-009,1,8,7,true
has_room,PENRITH,108347,CPR/PFA/EFA,6,20,true,2059817,2026-09-05T09:00:00+10:00,Provide First Aid (AM),PFA-011,4,20,16,true
has_room,PENRITH,108347,CPR/PFA/EFA,6,20,true,2059819,2026-09-05T09:00:00+10:00,Childcare First Aid (AM),EFA-012,1,20,19,true
has_room,PENRITH,108348,CPR/PFA/EFA,1,20,true,2059816,2026-09-19T09:00:00+10:00,Provide CPR (AM),CPR-009,0,8,8,true
has_room,PENRITH,108348,CPR/PFA/EFA,1,20,true,2059818,2026-09-19T09:00:00+10:00,Provide First Aid (AM),PFA-011,1,20,19,true
has_room,PENRITH,108348,CPR/PFA/EFA,1,20,true,2059820,2026-09-19T09:00:00+10:00,Childcare First Aid (AM),EFA-012,0,20,20,true
has_room,PENRITH,108349,CPR & PFA (AM),10,20,true,2059821,2026-09-03T09:00:00+10:00,Provide CPR (AM),CPR-009,3,8,5,true
has_room,PENRITH,108349,CPR & PFA (AM),10,20,true,2059826,2026-09-03T09:00:00+10:00,Provide First Aid (AM),PFA-011,7,20,13,true
has_room,PENRITH,108350,CPR & PFA (AM),5,20,true,2059822,2026-09-07T09:00:00+10:00,Provide CPR (AM),CPR-009,0,8,8,true
has_room,PENRITH,108350,CPR & PFA (AM),5,20,true,2059827,2026-09-07T09:00:00+10:00,Provide First Aid (AM),PFA-011,5,20,15,true
has_room,PENRITH,108351,CPR & PFA (AM),4,20,true,2059823,2026-09-11T09:00:00+10:00,Provide CPR (AM),CPR-009,1,8,7,true
has_room,PENRITH,108351,CPR & PFA (AM),4,20,true,2059828,2026-09-11T09:00:00+10:00,Provide First Aid (AM),PFA-011,3,20,17,true
has_room,PENRITH,108352,CPR & PFA (AM),6,20,true,2059824,2026-09-18T09:00:00+10:00,Provide CPR (AM),CPR-009,0,8,8,true
has_room,PENRITH,108352,CPR & PFA (AM),6,20,true,2059829,2026-09-18T09:00:00+10:00,Provide First Aid (AM),PFA-011,6,20,14,true
has_room,PENRITH,108353,CPR & PFA (AM),0,20,true,2059825,2026-09-24T09:00:00+10:00,Provide CPR (AM),CPR-009,0,8,8,true
has_room,PENRITH,108353,CPR & PFA (AM),0,20,true,2059830,2026-09-24T09:00:00+10:00,Provide First Aid (AM),PFA-011,0,20,20,true
has_room,PENRITH,108979,CPR & PFA (AM),1,20,true,2061756,2026-10-01T09:00:00+10:00,Provide CPR (AM),CPR-009,1,8,7,true
has_room,PENRITH,108979,CPR & PFA (AM),1,20,true,2061765,2026-10-01T09:00:00+10:00,Provide First Aid (AM),PFA-011,0,20,20,true
has_room,PENRITH,108980,CPR & PFA (AM),4,20,true,2061757,2026-10-09T09:00:00+10:00,Provide CPR (AM),CPR-009,4,8,4,true
has_room,PENRITH,108980,CPR & PFA (AM),4,20,true,2061767,2026-10-09T09:00:00+10:00,Provide First Aid (AM),PFA-011,0,20,20,true
has_room,PENRITH,108981,CPR & PFA (AM),0,20,true,2061758,2026-10-16T09:00:00+10:00,Provide CPR (AM),CPR-009,0,8,8,true
has_room,PENRITH,108981,CPR & PFA (AM),0,20,true,2061768,2026-10-16T09:00:00+10:00,Provide First Aid (AM),PFA-011,0,20,20,true
has_room,PENRITH,108982,CPR & PFA (AM),0,20,true,2061759,2026-10-22T09:00:00+10:00,Provide CPR (AM),CPR-009,0,8,8,true
has_room,PENRITH,108982,CPR & PFA (AM),0,20,true,2061769,2026-10-22T09:00:00+10:00,Provide First Aid (AM),PFA-011,0,20,20,true
has_room,PENRITH,108983,CPR & PFA (AM),0,20,true,2061760,2026-10-29T09:00:00+10:00,Provide CPR (AM),CPR-009,0,8,8,true
has_room,PENRITH,108983,CPR & PFA (AM),0,20,true,2061770,2026-10-29T09:00:00+10:00,Provide First Aid (AM),PFA-011,0,20,20,true
has_room,PENRITH,108984,CPR/PFA/EFA,0,20,true,2061771,2026-10-03T09:00:00+10:00,Provide CPR (AM),CPR-009,0,8,8,true
has_room,PENRITH,108984,CPR/PFA/EFA,0,20,true,2061774,2026-10-03T09:00:00+10:00,Provide First Aid (AM),PFA-011,0,20,20,true
has_room,PENRITH,108984,CPR/PFA/EFA,0,20,true,2061777,2026-10-03T09:00:00+10:00,Childcare First Aid (AM),EFA-012,0,20,20,true
has_room,PENRITH,108985,CPR/PFA/EFA,0,20,true,2061772,2026-10-17T09:00:00+10:00,Provide CPR (AM),CPR-009,0,8,8,true
has_room,PENRITH,108985,CPR/PFA/EFA,0,20,true,2061775,2026-10-17T09:00:00+10:00,Provide First Aid (AM),PFA-011,0,20,20,true
has_room,PENRITH,108985,CPR/PFA/EFA,0,20,true,2061778,2026-10-17T09:00:00+10:00,Childcare First Aid (AM),EFA-012,0,20,20,true
has_room,PENRITH,108986,CPR/PFA/EFA,0,20,true,2061773,2026-10-31T09:00:00+10:00,Provide CPR (AM),CPR-009,0,8,8,true
has_room,PENRITH,108986,CPR/PFA/EFA,0,20,true,2061776,2026-10-31T09:00:00+10:00,Provide First Aid (AM),PFA-011,0,20,20,true
has_room,PENRITH,108986,CPR/PFA/EFA,0,20,true,2061779,2026-10-31T09:00:00+10:00,Childcare First Aid (AM),EFA-012,0,20,20,true
has_room,PENRITH,108987,CPR & PFA (AM),0,20,true,2061780,2026-10-05T09:00:00+10:00,Provide CPR (AM),CPR-009,0,8,8,true
has_room,PENRITH,108987,CPR & PFA (AM),0,20,true,2061781,2026-10-05T09:00:00+10:00,Provide First Aid (AM),PFA-011,0,20,20,true
has_room,PORT ADELAIDE,108751,CPR & PFA (AM),3,24,true,2061052,2026-09-10T08:00:00+10:00,Provide CPR (AM),CPR-009,0,24,24,true
has_room,PORT ADELAIDE,108751,CPR & PFA (AM),3,24,true,2061056,2026-09-10T08:00:00+10:00,Provide First Aid (AM),PFA-011,3,24,21,true
has_room,PORT ADELAIDE,108753,CPR & PFA (AM),5,24,true,2061054,2026-09-24T08:00:00+10:00,Provide CPR (AM),CPR-009,3,24,21,true
has_room,PORT ADELAIDE,108753,CPR & PFA (AM),5,24,true,2061058,2026-09-24T08:00:00+10:00,Provide First Aid (AM),PFA-011,2,24,22,true
has_room,PORT ADELAIDE,108754,CPR/PFA/EFA,3,24,true,2061053,2026-09-19T08:00:00+10:00,Provide CPR (AM),CPR-009,1,24,23,true
has_room,PORT ADELAIDE,108754,CPR/PFA/EFA,3,24,true,2061057,2026-09-19T08:00:00+10:00,Provide First Aid (AM),PFA-011,1,24,23,true
has_room,PORT ADELAIDE,108754,CPR/PFA/EFA,3,24,true,2061062,2026-09-19T08:00:00+10:00,Childcare First Aid (AM),EFA-012,1,24,23,true
has_room,PORT ADELAIDE,109186,CPR & PFA (AM),0,24,true,2062381,2026-10-01T08:00:00+10:00,Provide CPR (AM),CPR-009,0,24,24,true
has_room,PORT ADELAIDE,109186,CPR & PFA (AM),0,24,true,2062385,2026-10-01T08:00:00+10:00,Provide First Aid (AM),PFA-011,0,24,24,true
has_room,PORT ADELAIDE,109187,CPR & PFA (AM),0,24,true,2062382,2026-10-08T08:00:00+10:00,Provide CPR (AM),CPR-009,0,24,24,true
has_room,PORT ADELAIDE,109187,CPR & PFA (AM),0,24,true,2062386,2026-10-08T08:00:00+10:00,Provide First Aid (AM),PFA-011,0,24,24,true
has_room,PORT ADELAIDE,109188,CPR & PFA (AM),0,24,true,2062383,2026-10-22T08:00:00+10:00,Provide CPR (AM),CPR-009,0,24,24,true
has_room,PORT ADELAIDE,109188,CPR & PFA (AM),0,24,true,2062387,2026-10-22T08:00:00+10:00,Provide First Aid (AM),PFA-011,0,24,24,true
has_room,PORT ADELAIDE,109189,CPR & PFA (AM),0,24,true,2062384,2026-10-29T08:00:00+10:00,Provide CPR (AM),CPR-009,0,24,24,true
has_room,PORT ADELAIDE,109189,CPR & PFA (AM),0,24,true,2062388,2026-10-29T08:00:00+10:00,Provide First Aid (AM),PFA-011,0,24,24,true
has_room,PORT ADELAIDE,109190,CPR/PFA/EFA,0,24,true,2062389,2026-10-17T08:00:00+10:00,Provide CPR (AM),CPR-009,0,24,24,true
has_room,PORT ADELAIDE,109190,CPR/PFA/EFA,0,24,true,2062390,2026-10-17T08:00:00+10:00,Provide First Aid (AM),PFA-011,0,24,24,true
has_room,PORT ADELAIDE,109190,CPR/PFA/EFA,0,24,true,2062391,2026-10-17T08:00:00+10:00,Childcare First Aid (AM),EFA-012,0,24,24,true
has_room,RINGWOOD,107600,CPR & PFA (AM),17,30,true,2057565,2026-08-31T09:00:00+10:00,Provide CPR (AM),CPR-009,7,12,5,true
has_room,RINGWOOD,107600,CPR & PFA (AM),17,30,true,2057572,2026-08-31T09:00:00+10:00,Provide First Aid (AM),PFA-011,10,30,20,true
has_room,RINGWOOD,108549,CPR/PFA/EFA,12,30,true,2060431,2026-09-05T09:00:00+10:00,Provide CPR (AM),CPR-009,2,12,10,true
has_room,RINGWOOD,108549,CPR/PFA/EFA,12,30,true,2060433,2026-09-05T09:00:00+10:00,Provide First Aid (AM),PFA-011,5,30,25,true
has_room,RINGWOOD,108549,CPR/PFA/EFA,12,30,true,2060435,2026-09-05T09:00:00+10:00,Childcare First Aid (AM),EFA-012,5,30,25,true
has_room,RINGWOOD,108550,CPR/PFA/EFA,3,30,true,2060432,2026-09-12T09:00:00+10:00,Provide CPR (AM),CPR-009,2,12,10,true
has_room,RINGWOOD,108550,CPR/PFA/EFA,3,30,true,2060434,2026-09-12T09:00:00+10:00,Provide First Aid (AM),PFA-011,1,30,29,true
has_room,RINGWOOD,108550,CPR/PFA/EFA,3,30,true,2060436,2026-09-12T09:00:00+10:00,Childcare First Aid (AM),EFA-012,0,30,30,true
has_room,RINGWOOD,108551,CPR & PFA (AM),6,30,true,2060437,2026-09-09T09:00:00+10:00,Provide CPR (AM),CPR-009,3,12,9,true
has_room,RINGWOOD,108551,CPR & PFA (AM),6,30,true,2060443,2026-09-09T09:00:00+10:00,Provide First Aid (AM),PFA-011,3,30,27,true
has_room,RINGWOOD,108552,CPR & PFA (AM),4,30,true,2060438,2026-09-15T09:00:00+10:00,Provide CPR (AM),CPR-009,3,12,9,true
has_room,RINGWOOD,108552,CPR & PFA (AM),4,30,true,2060444,2026-09-15T09:00:00+10:00,Provide First Aid (AM),PFA-011,1,30,29,true
has_room,RINGWOOD,108553,CPR & PFA (AM),2,30,true,2060439,2026-09-17T09:00:00+10:00,Provide CPR (AM),CPR-009,2,12,10,true
has_room,RINGWOOD,108553,CPR & PFA (AM),2,30,true,2060445,2026-09-17T09:00:00+10:00,Provide First Aid (AM),PFA-011,0,30,30,true
has_room,RINGWOOD,108554,CPR & PFA (AM),3,30,true,2060440,2026-09-21T09:00:00+10:00,Provide CPR (AM),CPR-009,2,12,10,true
has_room,RINGWOOD,108554,CPR & PFA (AM),3,30,true,2060446,2026-09-21T09:00:00+10:00,Provide First Aid (AM),PFA-011,1,30,29,true
has_room,RINGWOOD,108555,CPR & PFA (AM),3,30,true,2060441,2026-09-24T09:00:00+10:00,Provide CPR (AM),CPR-009,0,12,12,true
has_room,RINGWOOD,108555,CPR & PFA (AM),3,30,true,2060447,2026-09-24T09:00:00+10:00,Provide First Aid (AM),PFA-011,3,30,27,true
has_room,RINGWOOD,108556,CPR & PFA (AM),1,30,true,2060442,2026-09-28T09:00:00+10:00,Provide CPR (AM),CPR-009,0,12,12,true
has_room,RINGWOOD,108556,CPR & PFA (AM),1,30,true,2060448,2026-09-28T09:00:00+10:00,Provide First Aid (AM),PFA-011,1,30,29,true
has_room,RINGWOOD,108945,CPR & PFA (AM),19,30,true,2061653,2026-08-28T09:00:00+10:00,Provide CPR (AM),CPR-009,6,12,6,true
has_room,RINGWOOD,108945,CPR & PFA (AM),19,30,true,2061654,2026-08-28T09:00:00+10:00,Provide First Aid (AM),PFA-011,13,30,17,true
has_room,RINGWOOD,109302,CPR & PFA (AM),0,30,true,2062724,2026-10-07T09:00:00+10:00,Provide CPR (AM),CPR-009,0,12,12,true
has_room,RINGWOOD,109302,CPR & PFA (AM),0,30,true,2062729,2026-10-07T09:00:00+10:00,Provide First Aid (AM),PFA-011,0,30,30,true
has_room,RINGWOOD,109303,CPR & PFA (AM),0,30,true,2062725,2026-10-13T09:00:00+10:00,Provide CPR (AM),CPR-009,0,12,12,true
has_room,RINGWOOD,109303,CPR & PFA (AM),0,30,true,2062730,2026-10-13T09:00:00+10:00,Provide First Aid (AM),PFA-011,0,30,30,true
has_room,RINGWOOD,109304,CPR & PFA (AM),0,30,true,2062726,2026-10-15T09:00:00+10:00,Provide CPR (AM),CPR-009,0,12,12,true
has_room,RINGWOOD,109304,CPR & PFA (AM),0,30,true,2062731,2026-10-15T09:00:00+10:00,Provide First Aid (AM),PFA-011,0,30,30,true
has_room,RINGWOOD,109305,CPR & PFA (AM),0,30,true,2062727,2026-10-19T09:00:00+10:00,Provide CPR (AM),CPR-009,0,12,12,true
has_room,RINGWOOD,109305,CPR & PFA (AM),0,30,true,2062732,2026-10-19T09:00:00+10:00,Provide First Aid (AM),PFA-011,0,30,30,true
has_room,RINGWOOD,109306,CPR & PFA (AM),0,30,true,2062728,2026-10-28T09:00:00+10:00,Provide CPR (AM),CPR-009,0,12,12,true
has_room,RINGWOOD,109306,CPR & PFA (AM),0,30,true,2062733,2026-10-28T09:00:00+10:00,Provide First Aid (AM),PFA-011,0,30,30,true
has_room,RINGWOOD,109307,CPR/PFA/EFA,0,30,true,2062739,2026-10-03T09:00:00+10:00,Provide CPR (AM),CPR-009,0,12,12,true
has_room,RINGWOOD,109307,CPR/PFA/EFA,0,30,true,2062743,2026-10-03T09:00:00+10:00,Provide First Aid (AM),PFA-011,0,30,30,true
has_room,RINGWOOD,109307,CPR/PFA/EFA,0,30,true,2062747,2026-10-03T09:00:00+10:00,Childcare First Aid (AM),EFA-012,0,30,30,true
has_room,RINGWOOD,109308,CPR/PFA/EFA,0,30,true,2062740,2026-10-10T09:00:00+10:00,Provide CPR (AM),CPR-009,0,12,12,true
has_room,RINGWOOD,109308,CPR/PFA/EFA,0,30,true,2062744,2026-10-10T09:00:00+10:00,Provide First Aid (AM),PFA-011,0,30,30,true
has_room,RINGWOOD,109308,CPR/PFA/EFA,0,30,true,2062748,2026-10-10T09:00:00+10:00,Childcare First Aid (AM),EFA-012,0,30,30,true
has_room,RINGWOOD,109309,CPR/PFA/EFA,0,30,true,2062741,2026-10-24T09:00:00+10:00,Provide CPR (AM),CPR-009,0,12,12,true
has_room,RINGWOOD,109309,CPR/PFA/EFA,0,30,true,2062745,2026-10-24T09:00:00+10:00,Provide First Aid (AM),PFA-011,0,30,30,true
has_room,RINGWOOD,109309,CPR/PFA/EFA,0,30,true,2062749,2026-10-24T09:00:00+10:00,Childcare First Aid (AM),EFA-012,0,30,30,true
has_room,RINGWOOD,109310,CPR/PFA/EFA,0,30,true,2062742,2026-10-31T09:00:00+10:00,Provide CPR (AM),CPR-009,0,12,12,true
has_room,RINGWOOD,109310,CPR/PFA/EFA,0,30,true,2062746,2026-10-31T09:00:00+10:00,Provide First Aid (AM),PFA-011,0,30,30,true
has_room,RINGWOOD,109310,CPR/PFA/EFA,0,30,true,2062750,2026-10-31T09:00:00+10:00,Childcare First Aid (AM),EFA-012,0,30,30,true
has_room,ROBINA,106971,CPR/PFA/EFA,11,24,true,2055708,2026-08-30T09:00:00+10:00,Provide CPR (AM),CPR-009,3,8,5,true
has_room,ROBINA,106971,CPR/PFA/EFA,11,24,true,2055712,2026-08-30T09:00:00+10:00,Provide First Aid (AM),PFA-011,7,24,17,true
has_room,ROBINA,106971,CPR/PFA/EFA,11,24,true,2055716,2026-08-30T09:00:00+10:00,Childcare First Aid (AM),EFA-012,1,24,23,true
has_room,ROBINA,107910,CPR/PFA/EFA,2,24,true,2058511,2026-09-13T09:00:00+10:00,Provide CPR (AM),CPR-009,0,8,8,true
has_room,ROBINA,107910,CPR/PFA/EFA,2,24,true,2058514,2026-09-13T09:00:00+10:00,Provide First Aid (AM),PFA-011,1,24,23,true
has_room,ROBINA,107910,CPR/PFA/EFA,2,24,true,2058517,2026-09-13T09:00:00+10:00,Childcare First Aid (AM),EFA-012,1,24,23,true
has_room,ROBINA,107911,CPR/PFA/EFA,2,24,true,2058512,2026-09-20T09:00:00+10:00,Provide CPR (AM),CPR-009,0,8,8,true
has_room,ROBINA,107911,CPR/PFA/EFA,2,24,true,2058515,2026-09-20T09:00:00+10:00,Provide First Aid (AM),PFA-011,2,24,22,true
has_room,ROBINA,107911,CPR/PFA/EFA,2,24,true,2058518,2026-09-20T09:00:00+10:00,Childcare First Aid (AM),EFA-012,0,24,24,true
has_room,ROBINA,107912,CPR/PFA/EFA,1,24,true,2058513,2026-09-27T09:00:00+10:00,Provide CPR (AM),CPR-009,0,8,8,true
has_room,ROBINA,107912,CPR/PFA/EFA,1,24,true,2058516,2026-09-27T09:00:00+10:00,Provide First Aid (AM),PFA-011,1,24,23,true
has_room,ROBINA,107912,CPR/PFA/EFA,1,24,true,2058519,2026-09-27T09:00:00+10:00,Childcare First Aid (AM),EFA-012,0,24,24,true
has_room,ROBINA,107913,CPR & PFA (AM),19,24,true,2058520,2026-09-03T09:00:00+10:00,Provide CPR (AM),CPR-009,11,24,13,true
has_room,ROBINA,107913,CPR & PFA (AM),19,24,true,2058525,2026-09-03T09:00:00+10:00,Provide First Aid (AM),PFA-011,8,24,16,true
has_room,ROBINA,107914,CPR & PFA (AM),4,24,true,2058521,2026-09-07T09:00:00+10:00,Provide CPR (AM),CPR-009,2,24,22,true
has_room,ROBINA,107914,CPR & PFA (AM),4,24,true,2058526,2026-09-07T09:00:00+10:00,Provide First Aid (AM),PFA-011,2,24,22,true
has_room,ROBINA,107915,CPR & PFA (AM),3,24,true,2058522,2026-09-15T09:00:00+10:00,Provide CPR (AM),CPR-009,0,24,24,true
has_room,ROBINA,107915,CPR & PFA (AM),3,24,true,2058527,2026-09-15T09:00:00+10:00,Provide First Aid (AM),PFA-011,3,24,21,true
has_room,ROBINA,107916,CPR & PFA (AM),0,24,true,2058523,2026-09-22T09:00:00+10:00,Provide CPR (AM),CPR-009,0,24,24,true
has_room,ROBINA,107916,CPR & PFA (AM),0,24,true,2058528,2026-09-22T09:00:00+10:00,Provide First Aid (AM),PFA-011,0,24,24,true
has_room,ROBINA,107917,CPR & PFA (AM),0,24,true,2058524,2026-09-29T09:00:00+10:00,Provide CPR (AM),CPR-009,0,24,24,true
has_room,ROBINA,107917,CPR & PFA (AM),0,24,true,2058529,2026-09-29T09:00:00+10:00,Provide First Aid (AM),PFA-011,0,24,24,true
has_room,ROBINA,109471,CPR & PFA (AM),0,24,true,2063225,2026-10-01T09:00:00+10:00,Provide CPR (AM),CPR-009,0,24,24,true
has_room,ROBINA,109471,CPR & PFA (AM),0,24,true,2063231,2026-10-01T09:00:00+10:00,Provide First Aid (AM),PFA-011,0,24,24,true
has_room,ROBINA,109472,CPR & PFA (AM),0,24,true,2063226,2026-10-05T09:00:00+10:00,Provide CPR (AM),CPR-009,0,24,24,true
has_room,ROBINA,109472,CPR & PFA (AM),0,24,true,2063232,2026-10-05T09:00:00+10:00,Provide First Aid (AM),PFA-011,0,24,24,true
has_room,ROBINA,109473,CPR & PFA (AM),0,24,true,2063227,2026-10-13T09:00:00+10:00,Provide CPR (AM),CPR-009,0,24,24,true
has_room,ROBINA,109473,CPR & PFA (AM),0,24,true,2063233,2026-10-13T09:00:00+10:00,Provide First Aid (AM),PFA-011,0,24,24,true
has_room,ROBINA,109474,CPR & PFA (AM),0,24,true,2063228,2026-10-20T09:00:00+10:00,Provide CPR (AM),CPR-009,0,24,24,true
has_room,ROBINA,109474,CPR & PFA (AM),0,24,true,2063234,2026-10-20T09:00:00+10:00,Provide First Aid (AM),PFA-011,0,24,24,true
has_room,ROBINA,109475,CPR & PFA (AM),0,24,true,2063229,2026-10-27T09:00:00+10:00,Provide CPR (AM),CPR-009,0,24,24,true
has_room,ROBINA,109475,CPR & PFA (AM),0,24,true,2063235,2026-10-27T09:00:00+10:00,Provide First Aid (AM),PFA-011,0,24,24,true
has_room,ROBINA,109476,CPR & PFA (AM),0,24,true,2063230,2026-10-29T09:00:00+10:00,Provide CPR (AM),CPR-009,0,24,24,true
has_room,ROBINA,109476,CPR & PFA (AM),0,24,true,2063236,2026-10-29T09:00:00+10:00,Provide First Aid (AM),PFA-011,0,24,24,true
has_room,ROBINA,109477,CPR/PFA/EFA,0,24,true,2063237,2026-10-11T09:00:00+10:00,Provide CPR (AM),CPR-009,0,8,8,true
has_room,ROBINA,109477,CPR/PFA/EFA,0,24,true,2063240,2026-10-11T09:00:00+10:00,Provide First Aid (AM),PFA-011,0,24,24,true
has_room,ROBINA,109477,CPR/PFA/EFA,0,24,true,2063243,2026-10-11T09:00:00+10:00,Childcare First Aid (AM),EFA-012,0,24,24,true
has_room,ROBINA,109478,CPR/PFA/EFA,0,24,true,2063238,2026-10-18T09:00:00+10:00,Provide CPR (AM),CPR-009,0,8,8,true
has_room,ROBINA,109478,CPR/PFA/EFA,0,24,true,2063241,2026-10-18T09:00:00+10:00,Provide First Aid (AM),PFA-011,0,24,24,true
has_room,ROBINA,109478,CPR/PFA/EFA,0,24,true,2063244,2026-10-18T09:00:00+10:00,Childcare First Aid (AM),EFA-012,0,24,24,true
has_room,ROBINA,109479,CPR/PFA/EFA,0,24,true,2063239,2026-10-25T09:00:00+10:00,Provide CPR (AM),CPR-009,0,8,8,true
has_room,ROBINA,109479,CPR/PFA/EFA,0,24,true,2063242,2026-10-25T09:00:00+10:00,Provide First Aid (AM),PFA-011,0,24,24,true
has_room,ROBINA,109479,CPR/PFA/EFA,0,24,true,2063245,2026-10-25T09:00:00+10:00,Childcare First Aid (AM),EFA-012,0,24,24,true
has_room,ROCKHAMPTON,107307,CPR & PFA (AM),17,24,true,2056695,2026-08-27T09:00:00+10:00,Provide CPR (AM),CPR-009,8,24,16,true
has_room,ROCKHAMPTON,107307,CPR & PFA (AM),17,24,true,2056704,2026-08-27T09:00:00+10:00,Provide First Aid (AM),PFA-011,9,24,15,true
has_room,ROCKHAMPTON,107308,CPR & PFA (AM),10,24,true,2056696,2026-08-28T09:00:00+10:00,Provide CPR (AM),CPR-009,4,24,20,true
has_room,ROCKHAMPTON,107308,CPR & PFA (AM),10,24,true,2056705,2026-08-28T09:00:00+10:00,Provide First Aid (AM),PFA-011,6,24,18,true
has_room,ROCKHAMPTON,108239,CPR/PFA/EFA,6,24,true,2059494,2026-09-05T09:00:00+10:00,Provide CPR (AM),CPR-009,1,24,23,true
has_room,ROCKHAMPTON,108239,CPR/PFA/EFA,6,24,true,2059498,2026-09-05T09:00:00+10:00,Provide First Aid (AM),PFA-011,3,24,21,true
has_room,ROCKHAMPTON,108239,CPR/PFA/EFA,6,24,true,2059502,2026-09-05T09:00:00+10:00,Childcare First Aid (AM),EFA-012,2,24,22,true
has_room,ROCKHAMPTON,108240,CPR/PFA/EFA,1,24,true,2059495,2026-09-12T09:00:00+10:00,Provide CPR (AM),CPR-009,0,24,24,true
has_room,ROCKHAMPTON,108240,CPR/PFA/EFA,1,24,true,2059499,2026-09-12T09:00:00+10:00,Provide First Aid (AM),PFA-011,1,24,23,true
has_room,ROCKHAMPTON,108240,CPR/PFA/EFA,1,24,true,2059503,2026-09-12T09:00:00+10:00,Childcare First Aid (AM),EFA-012,0,24,24,true
has_room,ROCKHAMPTON,108241,CPR/PFA/EFA,1,24,true,2059496,2026-09-19T09:00:00+10:00,Provide CPR (AM),CPR-009,1,24,23,true
has_room,ROCKHAMPTON,108241,CPR/PFA/EFA,1,24,true,2059500,2026-09-19T09:00:00+10:00,Provide First Aid (AM),PFA-011,0,24,24,true
has_room,ROCKHAMPTON,108241,CPR/PFA/EFA,1,24,true,2059504,2026-09-19T09:00:00+10:00,Childcare First Aid (AM),EFA-012,0,24,24,true
has_room,ROCKHAMPTON,108242,CPR/PFA/EFA,0,24,true,2059497,2026-09-26T09:00:00+10:00,Provide CPR (AM),CPR-009,0,24,24,true
has_room,ROCKHAMPTON,108242,CPR/PFA/EFA,0,24,true,2059501,2026-09-26T09:00:00+10:00,Provide First Aid (AM),PFA-011,0,24,24,true
has_room,ROCKHAMPTON,108242,CPR/PFA/EFA,0,24,true,2059505,2026-09-26T09:00:00+10:00,Childcare First Aid (AM),EFA-012,0,24,24,true
has_room,ROCKHAMPTON,108243,CPR & PFA (AM),12,24,true,2059506,2026-09-01T09:00:00+10:00,Provide CPR (AM),CPR-009,5,24,19,true
has_room,ROCKHAMPTON,108243,CPR & PFA (AM),12,24,true,2059516,2026-09-01T09:00:00+10:00,Provide First Aid (AM),PFA-011,7,24,17,true
has_room,ROCKHAMPTON,108244,CPR & PFA (AM),3,24,true,2059507,2026-09-04T09:00:00+10:00,Provide CPR (AM),CPR-009,1,24,23,true
has_room,ROCKHAMPTON,108244,CPR & PFA (AM),3,24,true,2059517,2026-09-04T09:00:00+10:00,Provide First Aid (AM),PFA-011,2,24,22,true
has_room,ROCKHAMPTON,108245,CPR & PFA (AM),6,24,true,2059508,2026-09-08T09:00:00+10:00,Provide CPR (AM),CPR-009,2,24,22,true
has_room,ROCKHAMPTON,108245,CPR & PFA (AM),6,24,true,2059518,2026-09-08T09:00:00+10:00,Provide First Aid (AM),PFA-011,4,24,20,true
has_room,ROCKHAMPTON,108246,CPR & PFA (AM),4,24,true,2059509,2026-09-14T09:00:00+10:00,Provide CPR (AM),CPR-009,0,24,24,true
has_room,ROCKHAMPTON,108246,CPR & PFA (AM),4,24,true,2059519,2026-09-14T09:00:00+10:00,Provide First Aid (AM),PFA-011,4,24,20,true
has_room,ROCKHAMPTON,108247,CPR & PFA (AM),1,24,true,2059510,2026-09-17T09:00:00+10:00,Provide CPR (AM),CPR-009,0,24,24,true
has_room,ROCKHAMPTON,108247,CPR & PFA (AM),1,24,true,2059520,2026-09-17T09:00:00+10:00,Provide First Aid (AM),PFA-011,1,24,23,true
has_room,ROCKHAMPTON,108248,CPR & PFA (AM),1,24,true,2059511,2026-09-18T09:00:00+10:00,Provide CPR (AM),CPR-009,0,24,24,true
has_room,ROCKHAMPTON,108248,CPR & PFA (AM),1,24,true,2059521,2026-09-18T09:00:00+10:00,Provide First Aid (AM),PFA-011,1,24,23,true
has_room,ROCKHAMPTON,108249,CPR & PFA (AM),0,24,true,2059512,2026-09-22T09:00:00+10:00,Provide CPR (AM),CPR-009,0,24,24,true
has_room,ROCKHAMPTON,108249,CPR & PFA (AM),0,24,true,2059522,2026-09-22T09:00:00+10:00,Provide First Aid (AM),PFA-011,0,24,24,true
has_room,ROCKHAMPTON,108250,CPR & PFA (AM),2,24,true,2059513,2026-09-24T09:00:00+10:00,Provide CPR (AM),CPR-009,2,24,22,true
has_room,ROCKHAMPTON,108250,CPR & PFA (AM),2,24,true,2059523,2026-09-24T09:00:00+10:00,Provide First Aid (AM),PFA-011,0,24,24,true
has_room,ROCKHAMPTON,108251,CPR & PFA (AM),0,24,true,2059514,2026-09-25T09:00:00+10:00,Provide CPR (AM),CPR-009,0,24,24,true
has_room,ROCKHAMPTON,108251,CPR & PFA (AM),0,24,true,2059524,2026-09-25T09:00:00+10:00,Provide First Aid (AM),PFA-011,0,24,24,true
has_room,ROCKHAMPTON,108252,CPR & PFA (AM),1,24,true,2059515,2026-09-29T09:00:00+10:00,Provide CPR (AM),CPR-009,0,24,24,true
has_room,ROCKHAMPTON,108252,CPR & PFA (AM),1,24,true,2059525,2026-09-29T09:00:00+10:00,Provide First Aid (AM),PFA-011,1,24,23,true
has_room,ROCKHAMPTON,108892,CPR & PFA (AM),0,24,true,2061494,2026-10-02T09:00:00+10:00,Provide CPR (AM),CPR-009,0,24,24,true
has_room,ROCKHAMPTON,108892,CPR & PFA (AM),0,24,true,2061505,2026-10-02T09:00:00+10:00,Provide First Aid (AM),PFA-011,0,24,24,true
has_room,ROCKHAMPTON,108893,CPR & PFA (AM),0,24,true,2061495,2026-10-06T09:00:00+10:00,Provide CPR (AM),CPR-009,0,24,24,true
has_room,ROCKHAMPTON,108893,CPR & PFA (AM),0,24,true,2061506,2026-10-06T09:00:00+10:00,Provide First Aid (AM),PFA-011,0,24,24,true
has_room,ROCKHAMPTON,108894,CPR & PFA (AM),0,24,true,2061496,2026-10-12T09:00:00+10:00,Provide CPR (AM),CPR-009,0,24,24,true
has_room,ROCKHAMPTON,108894,CPR & PFA (AM),0,24,true,2061507,2026-10-12T09:00:00+10:00,Provide First Aid (AM),PFA-011,0,24,24,true
has_room,ROCKHAMPTON,108895,CPR & PFA (AM),0,24,true,2061497,2026-10-15T09:00:00+10:00,Provide CPR (AM),CPR-009,0,24,24,true
has_room,ROCKHAMPTON,108895,CPR & PFA (AM),0,24,true,2061508,2026-10-15T09:00:00+10:00,Provide First Aid (AM),PFA-011,0,24,24,true
has_room,ROCKHAMPTON,108896,CPR & PFA (AM),0,24,true,2061498,2026-10-16T09:00:00+10:00,Provide CPR (AM),CPR-009,0,24,24,true
has_room,ROCKHAMPTON,108896,CPR & PFA (AM),0,24,true,2061509,2026-10-16T09:00:00+10:00,Provide First Aid (AM),PFA-011,0,24,24,true
has_room,ROCKHAMPTON,108897,CPR & PFA (AM),0,24,true,2061499,2026-10-20T09:00:00+10:00,Provide CPR (AM),CPR-009,0,24,24,true
has_room,ROCKHAMPTON,108897,CPR & PFA (AM),0,24,true,2061510,2026-10-20T09:00:00+10:00,Provide First Aid (AM),PFA-011,0,24,24,true
has_room,ROCKHAMPTON,108898,CPR & PFA (AM),0,24,true,2061500,2026-10-22T09:00:00+10:00,Provide CPR (AM),CPR-009,0,24,24,true
has_room,ROCKHAMPTON,108898,CPR & PFA (AM),0,24,true,2061511,2026-10-22T09:00:00+10:00,Provide First Aid (AM),PFA-011,0,24,24,true
has_room,ROCKHAMPTON,108899,CPR & PFA (AM),0,24,true,2061501,2026-10-23T09:00:00+10:00,Provide CPR (AM),CPR-009,0,24,24,true
has_room,ROCKHAMPTON,108899,CPR & PFA (AM),0,24,true,2061512,2026-10-23T09:00:00+10:00,Provide First Aid (AM),PFA-011,0,24,24,true
has_room,ROCKHAMPTON,108900,CPR & PFA (AM),0,24,true,2061502,2026-10-27T09:00:00+10:00,Provide CPR (AM),CPR-009,0,24,24,true
has_room,ROCKHAMPTON,108900,CPR & PFA (AM),0,24,true,2061513,2026-10-27T09:00:00+10:00,Provide First Aid (AM),PFA-011,0,24,24,true
has_room,ROCKHAMPTON,108901,CPR & PFA (AM),0,24,true,2061503,2026-10-29T09:00:00+10:00,Provide CPR (AM),CPR-009,0,24,24,true
has_room,ROCKHAMPTON,108901,CPR & PFA (AM),0,24,true,2061514,2026-10-29T09:00:00+10:00,Provide First Aid (AM),PFA-011,0,24,24,true
has_room,ROCKHAMPTON,108902,CPR & PFA (AM),0,24,true,2061504,2026-10-30T09:00:00+10:00,Provide CPR (AM),CPR-009,0,24,24,true
has_room,ROCKHAMPTON,108902,CPR & PFA (AM),0,24,true,2061515,2026-10-30T09:00:00+10:00,Provide First Aid (AM),PFA-011,0,24,24,true
has_room,ROCKHAMPTON,108903,CPR/PFA/EFA,0,24,true,2061527,2026-10-03T09:00:00+10:00,Provide CPR (AM),CPR-009,0,24,24,true
has_room,ROCKHAMPTON,108903,CPR/PFA/EFA,0,24,true,2061532,2026-10-03T09:00:00+10:00,Provide First Aid (AM),PFA-011,0,24,24,true
has_room,ROCKHAMPTON,108903,CPR/PFA/EFA,0,24,true,2061537,2026-10-03T09:00:00+10:00,Childcare First Aid (AM),EFA-012,0,24,24,true
has_room,ROCKHAMPTON,108904,CPR/PFA/EFA,0,24,true,2061528,2026-10-10T09:00:00+10:00,Provide CPR (AM),CPR-009,0,24,24,true
has_room,ROCKHAMPTON,108904,CPR/PFA/EFA,0,24,true,2061533,2026-10-10T09:00:00+10:00,Provide First Aid (AM),PFA-011,0,24,24,true
has_room,ROCKHAMPTON,108904,CPR/PFA/EFA,0,24,true,2061538,2026-10-10T09:00:00+10:00,Childcare First Aid (AM),EFA-012,0,24,24,true
has_room,ROCKHAMPTON,108905,CPR/PFA/EFA,0,24,true,2061529,2026-10-17T09:00:00+10:00,Provide CPR (AM),CPR-009,0,24,24,true
has_room,ROCKHAMPTON,108905,CPR/PFA/EFA,0,24,true,2061534,2026-10-17T09:00:00+10:00,Provide First Aid (AM),PFA-011,0,24,24,true
has_room,ROCKHAMPTON,108905,CPR/PFA/EFA,0,24,true,2061539,2026-10-17T09:00:00+10:00,Childcare First Aid (AM),EFA-012,0,24,24,true
has_room,ROCKHAMPTON,108906,CPR/PFA/EFA,0,24,true,2061530,2026-10-24T09:00:00+10:00,Provide CPR (AM),CPR-009,0,24,24,true
has_room,ROCKHAMPTON,108906,CPR/PFA/EFA,0,24,true,2061535,2026-10-24T09:00:00+10:00,Provide First Aid (AM),PFA-011,0,24,24,true
has_room,ROCKHAMPTON,108906,CPR/PFA/EFA,0,24,true,2061540,2026-10-24T09:00:00+10:00,Childcare First Aid (AM),EFA-012,0,24,24,true
has_room,ROCKHAMPTON,108907,CPR/PFA/EFA,0,24,true,2061531,2026-10-31T09:00:00+10:00,Provide CPR (AM),CPR-009,0,24,24,true
has_room,ROCKHAMPTON,108907,CPR/PFA/EFA,0,24,true,2061536,2026-10-31T09:00:00+10:00,Provide First Aid (AM),PFA-011,0,24,24,true
has_room,ROCKHAMPTON,108907,CPR/PFA/EFA,0,24,true,2061541,2026-10-31T09:00:00+10:00,Childcare First Aid (AM),EFA-012,0,24,24,true
has_room,ROCKINGHAM,107734,CPR/PFA/EFA,22,30,true,2057977,2026-08-30T09:00:00+10:00,Provide CPR (AM),CPR-009,5,10,5,true
has_room,ROCKINGHAM,107734,CPR/PFA/EFA,22,30,true,2057979,2026-08-30T09:00:00+10:00,Provide First Aid (AM),PFA-011,12,30,18,true
has_room,ROCKINGHAM,107734,CPR/PFA/EFA,22,30,true,2057981,2026-08-30T09:00:00+10:00,Childcare First Aid (AM),EFA-012,5,30,25,true
over_cap,ROCKINGHAM,107740,CPR & PFA (AM),31,19,true,2057987,2026-08-27T09:00:00+10:00,Provide CPR (AM),CPR-009,12,12,0,true
over_cap,ROCKINGHAM,107740,CPR & PFA (AM),31,19,true,2057993,2026-08-27T09:00:00+10:00,Provide First Aid (AM),PFA-011,19,19,0,true
has_room,ROCKINGHAM,108695,CPR/PFA/EFA,0,30,true,2060876,2026-09-20T09:00:00+10:00,Provide CPR (AM),CPR-009,0,10,10,true
has_room,ROCKINGHAM,108695,CPR/PFA/EFA,0,30,true,2060878,2026-09-20T09:00:00+10:00,Provide First Aid (AM),PFA-011,0,30,30,true
has_room,ROCKINGHAM,108695,CPR/PFA/EFA,0,30,true,2060880,2026-09-20T09:00:00+10:00,Childcare First Aid (AM),EFA-012,0,30,30,true
has_room,ROCKINGHAM,108696,CPR/PFA/EFA,2,24,true,2060877,2026-09-27T09:00:00+10:00,Provide CPR (AM),CPR-009,2,8,6,true
has_room,ROCKINGHAM,108696,CPR/PFA/EFA,2,24,true,2060879,2026-09-27T09:00:00+10:00,Provide First Aid (AM),PFA-011,0,24,24,true
has_room,ROCKINGHAM,108696,CPR/PFA/EFA,2,24,true,2060881,2026-09-27T09:00:00+10:00,Childcare First Aid (AM),EFA-012,0,24,24,true
has_room,ROCKINGHAM,108697,CPR & PFA (AM),21,30,true,2060882,2026-09-04T09:00:00+10:00,Provide CPR (AM),CPR-009,7,10,3,true
has_room,ROCKINGHAM,108697,CPR & PFA (AM),21,30,true,2060888,2026-09-04T09:00:00+10:00,Provide First Aid (AM),PFA-011,14,30,16,true
has_room,ROCKINGHAM,108698,CPR & PFA (AM),13,30,true,2060883,2026-09-07T09:00:00+10:00,Provide CPR (AM),CPR-009,3,10,7,true
has_room,ROCKINGHAM,108698,CPR & PFA (AM),13,30,true,2060889,2026-09-07T09:00:00+10:00,Provide First Aid (AM),PFA-011,10,30,20,true
has_room,ROCKINGHAM,108699,CPR & PFA (AM),12,30,true,2060884,2026-09-10T09:00:00+10:00,Provide CPR (AM),CPR-009,3,10,7,true
has_room,ROCKINGHAM,108699,CPR & PFA (AM),12,30,true,2060890,2026-09-10T09:00:00+10:00,Provide First Aid (AM),PFA-011,9,30,21,true
has_room,ROCKINGHAM,108700,CPR & PFA (AM),4,30,true,2060885,2026-09-15T09:00:00+10:00,Provide CPR (AM),CPR-009,4,10,6,true
has_room,ROCKINGHAM,108700,CPR & PFA (AM),4,30,true,2060891,2026-09-15T09:00:00+10:00,Provide First Aid (AM),PFA-011,0,30,30,true
has_room,ROCKINGHAM,108701,CPR & PFA (AM),8,30,true,2060886,2026-09-22T09:00:00+10:00,Provide CPR (AM),CPR-009,0,10,10,true
has_room,ROCKINGHAM,108701,CPR & PFA (AM),8,30,true,2060892,2026-09-22T09:00:00+10:00,Provide First Aid (AM),PFA-011,8,30,22,true
has_room,ROCKINGHAM,108702,CPR & PFA (AM),1,30,true,2060887,2026-09-24T09:00:00+10:00,Provide CPR (AM),CPR-009,1,10,9,true
has_room,ROCKINGHAM,108702,CPR & PFA (AM),1,30,true,2060893,2026-09-24T09:00:00+10:00,Provide First Aid (AM),PFA-011,0,30,30,true
has_room,ROCKINGHAM,109150,CPR & PFA (AM),0,30,true,2062267,2026-10-01T09:00:00+10:00,Provide CPR (AM),CPR-009,0,10,10,true
has_room,ROCKINGHAM,109150,CPR & PFA (AM),0,30,true,2062274,2026-10-01T09:00:00+10:00,Provide First Aid (AM),PFA-011,0,30,30,true
has_room,ROCKINGHAM,109151,CPR & PFA (AM),1,30,true,2062268,2026-10-06T09:00:00+10:00,Provide CPR (AM),CPR-009,1,10,9,true
has_room,ROCKINGHAM,109151,CPR & PFA (AM),1,30,true,2062275,2026-10-06T09:00:00+10:00,Provide First Aid (AM),PFA-011,0,30,30,true
has_room,ROCKINGHAM,109152,CPR & PFA (AM),0,30,true,2062269,2026-10-13T09:00:00+10:00,Provide CPR (AM),CPR-009,0,10,10,true
has_room,ROCKINGHAM,109152,CPR & PFA (AM),0,30,true,2062276,2026-10-13T09:00:00+10:00,Provide First Aid (AM),PFA-011,0,30,30,true
has_room,ROCKINGHAM,109153,CPR & PFA (AM),0,30,true,2062270,2026-10-15T09:00:00+10:00,Provide CPR (AM),CPR-009,0,10,10,true
has_room,ROCKINGHAM,109153,CPR & PFA (AM),0,30,true,2062277,2026-10-15T09:00:00+10:00,Provide First Aid (AM),PFA-011,0,30,30,true
has_room,ROCKINGHAM,109154,CPR & PFA (AM),0,30,true,2062271,2026-10-20T09:00:00+10:00,Provide CPR (AM),CPR-009,0,10,10,true
has_room,ROCKINGHAM,109154,CPR & PFA (AM),0,30,true,2062278,2026-10-20T09:00:00+10:00,Provide First Aid (AM),PFA-011,0,30,30,true
has_room,ROCKINGHAM,109155,CPR & PFA (AM),0,30,true,2062272,2026-10-27T09:00:00+10:00,Provide CPR (AM),CPR-009,0,10,10,true
has_room,ROCKINGHAM,109155,CPR & PFA (AM),0,30,true,2062279,2026-10-27T09:00:00+10:00,Provide First Aid (AM),PFA-011,0,30,30,true
has_room,ROCKINGHAM,109156,CPR & PFA (AM),0,30,true,2062273,2026-10-29T09:00:00+10:00,Provide CPR (AM),CPR-009,0,10,10,true
has_room,ROCKINGHAM,109156,CPR & PFA (AM),0,30,true,2062280,2026-10-29T09:00:00+10:00,Provide First Aid (AM),PFA-011,0,30,30,true
has_room,ROCKINGHAM,109157,CPR/PFA/EFA,1,30,true,2062288,2026-10-11T09:00:00+10:00,Provide CPR (AM),CPR-009,1,10,9,true
has_room,ROCKINGHAM,109157,CPR/PFA/EFA,1,30,true,2062290,2026-10-11T09:00:00+10:00,Provide First Aid (AM),PFA-011,0,30,30,true
has_room,ROCKINGHAM,109157,CPR/PFA/EFA,1,30,true,2062292,2026-10-11T09:00:00+10:00,Childcare First Aid (AM),EFA-012,0,30,30,true
has_room,ROCKINGHAM,109158,CPR/PFA/EFA,0,30,true,2062289,2026-10-25T09:00:00+10:00,Provide CPR (AM),CPR-009,0,10,10,true
has_room,ROCKINGHAM,109158,CPR/PFA/EFA,0,30,true,2062291,2026-10-25T09:00:00+10:00,Provide First Aid (AM),PFA-011,0,30,30,true
has_room,ROCKINGHAM,109158,CPR/PFA/EFA,0,30,true,2062293,2026-10-25T09:00:00+10:00,Childcare First Aid (AM),EFA-012,0,30,30,true
has_room,SHELLHARBOUR,107429,CPR & PFA (AM),7,20,true,2057062,2026-08-27T09:00:00+10:00,Provide CPR (AM),CPR-009,4,9,5,true
has_room,SHELLHARBOUR,107429,CPR & PFA (AM),7,20,true,2057066,2026-08-27T09:00:00+10:00,Provide First Aid (AM),PFA-011,3,20,17,true
has_room,SHELLHARBOUR,108376,CPR/PFA/EFA,3,20,true,2059895,2026-09-18T09:00:00+10:00,Provide CPR (AM),CPR-009,0,8,8,true
has_room,SHELLHARBOUR,108376,CPR/PFA/EFA,3,20,true,2059897,2026-09-18T09:00:00+10:00,Provide First Aid (AM),PFA-011,2,20,18,true
has_room,SHELLHARBOUR,108376,CPR/PFA/EFA,3,20,true,2059899,2026-09-18T09:00:00+10:00,Childcare First Aid (AM),EFA-012,1,20,19,true
has_room,SHELLHARBOUR,108378,CPR & PFA (AM),7,20,true,2059901,2026-09-03T09:00:00+10:00,Provide CPR (AM),CPR-009,2,9,7,true
has_room,SHELLHARBOUR,108378,CPR & PFA (AM),7,20,true,2059905,2026-09-03T09:00:00+10:00,Provide First Aid (AM),PFA-011,5,20,15,true
has_room,SHELLHARBOUR,108379,CPR & PFA (AM),4,20,true,2059902,2026-09-10T09:00:00+10:00,Provide CPR (AM),CPR-009,2,9,7,true
has_room,SHELLHARBOUR,108379,CPR & PFA (AM),4,20,true,2059906,2026-09-10T09:00:00+10:00,Provide First Aid (AM),PFA-011,2,20,18,true
has_room,SHELLHARBOUR,108380,CPR & PFA (AM),5,20,true,2059903,2026-09-14T09:00:00+10:00,Provide CPR (AM),CPR-009,0,9,9,true
has_room,SHELLHARBOUR,108380,CPR & PFA (AM),5,20,true,2059907,2026-09-14T09:00:00+10:00,Provide First Aid (AM),PFA-011,5,20,15,true
has_room,SHELLHARBOUR,108381,CPR & PFA (AM),3,20,true,2059904,2026-09-24T09:00:00+10:00,Provide CPR (AM),CPR-009,1,9,8,true
has_room,SHELLHARBOUR,108381,CPR & PFA (AM),3,20,true,2059908,2026-09-24T09:00:00+10:00,Provide First Aid (AM),PFA-011,2,20,18,true
has_room,SHELLHARBOUR,109000,CPR & PFA (AM),0,20,true,2061819,2026-10-01T09:00:00+10:00,Provide CPR (AM),CPR-009,0,9,9,true
has_room,SHELLHARBOUR,109000,CPR & PFA (AM),0,20,true,2061824,2026-10-01T09:00:00+10:00,Provide First Aid (AM),PFA-011,0,20,20,true
has_room,SHELLHARBOUR,109001,CPR & PFA (AM),0,20,true,2061820,2026-10-08T09:00:00+10:00,Provide CPR (AM),CPR-009,0,9,9,true
has_room,SHELLHARBOUR,109001,CPR & PFA (AM),0,20,true,2061825,2026-10-08T09:00:00+10:00,Provide First Aid (AM),PFA-011,0,20,20,true
has_room,SHELLHARBOUR,109002,CPR & PFA (AM),0,20,true,2061821,2026-10-12T09:00:00+10:00,Provide CPR (AM),CPR-009,0,9,9,true
has_room,SHELLHARBOUR,109002,CPR & PFA (AM),0,20,true,2061826,2026-10-12T09:00:00+10:00,Provide First Aid (AM),PFA-011,0,20,20,true
has_room,SHELLHARBOUR,109003,CPR & PFA (AM),0,20,true,2061822,2026-10-22T09:00:00+10:00,Provide CPR (AM),CPR-009,0,9,9,true
has_room,SHELLHARBOUR,109003,CPR & PFA (AM),0,20,true,2061827,2026-10-22T09:00:00+10:00,Provide First Aid (AM),PFA-011,0,20,20,true
has_room,SHELLHARBOUR,109004,CPR & PFA (AM),0,20,true,2061823,2026-10-30T09:00:00+10:00,Provide CPR (AM),CPR-009,0,9,9,true
has_room,SHELLHARBOUR,109004,CPR & PFA (AM),0,20,true,2061828,2026-10-30T09:00:00+10:00,Provide First Aid (AM),PFA-011,0,20,20,true
has_room,SHELLHARBOUR,109005,CPR/PFA/EFA,0,20,true,2061829,2026-10-16T09:00:00+10:00,Provide CPR (AM),CPR-009,0,8,8,true
has_room,SHELLHARBOUR,109005,CPR/PFA/EFA,0,20,true,2061831,2026-10-16T09:00:00+10:00,Provide First Aid (AM),PFA-011,0,20,20,true
has_room,SHELLHARBOUR,109005,CPR/PFA/EFA,0,20,true,2061833,2026-10-16T09:00:00+10:00,Childcare First Aid (AM),EFA-012,0,20,20,true
has_room,SHELLHARBOUR,109006,CPR/PFA/EFA,0,20,true,2061830,2026-10-26T09:00:00+10:00,Provide CPR (AM),CPR-009,0,8,8,true
has_room,SHELLHARBOUR,109006,CPR/PFA/EFA,0,20,true,2061832,2026-10-26T09:00:00+10:00,Provide First Aid (AM),PFA-011,0,20,20,true
has_room,SHELLHARBOUR,109006,CPR/PFA/EFA,0,20,true,2061834,2026-10-26T09:00:00+10:00,Childcare First Aid (AM),EFA-012,0,20,20,true
has_room,SOUTHPORT,106943,CPR/PFA/EFA,13,30,true,2055623,2026-08-29T09:00:00+10:00,Provide CPR (AM),CPR-009,4,10,6,true
has_room,SOUTHPORT,106943,CPR/PFA/EFA,13,30,true,2055629,2026-08-29T09:00:00+10:00,Provide First Aid (AM),PFA-011,7,30,23,true
has_room,SOUTHPORT,106943,CPR/PFA/EFA,13,30,true,2055635,2026-08-29T09:00:00+10:00,Childcare First Aid (AM),EFA-012,2,30,28,true
has_room,SOUTHPORT,106961,CPR & PFA (AM),27,30,true,2055653,2026-08-27T09:00:00+10:00,Provide CPR (AM),CPR-009,7,10,3,true
has_room,SOUTHPORT,106961,CPR & PFA (AM),27,30,true,2055673,2026-08-27T09:00:00+10:00,Provide First Aid (AM),PFA-011,20,30,10,true
has_room,SOUTHPORT,106962,CPR & PFA (AM),18,30,true,2055654,2026-08-28T09:00:00+10:00,Provide CPR (AM),CPR-009,6,10,4,true
has_room,SOUTHPORT,106962,CPR & PFA (AM),18,30,true,2055674,2026-08-28T09:00:00+10:00,Provide First Aid (AM),PFA-011,12,30,18,true
has_room,SOUTHPORT,106963,CPR & PFA (AM),8,30,true,2055655,2026-08-31T09:00:00+10:00,Provide CPR (AM),CPR-009,4,10,6,true
has_room,SOUTHPORT,106963,CPR & PFA (AM),8,30,true,2055675,2026-08-31T09:00:00+10:00,Provide First Aid (AM),PFA-011,4,30,26,true
has_room,SOUTHPORT,107879,CPR/PFA/EFA,4,30,true,2058414,2026-09-05T09:00:00+10:00,Provide CPR (AM),CPR-009,1,10,9,true
has_room,SOUTHPORT,107879,CPR/PFA/EFA,4,30,true,2058419,2026-09-05T09:00:00+10:00,Provide First Aid (AM),PFA-011,2,30,28,true
has_room,SOUTHPORT,107879,CPR/PFA/EFA,4,30,true,2058424,2026-09-05T09:00:00+10:00,Childcare First Aid (AM),EFA-012,1,30,29,true
has_room,SOUTHPORT,107880,CPR/PFA/EFA,3,30,true,2058415,2026-09-06T09:00:00+10:00,Provide CPR (AM),CPR-009,1,10,9,true
has_room,SOUTHPORT,107880,CPR/PFA/EFA,3,30,true,2058420,2026-09-06T09:00:00+10:00,Provide First Aid (AM),PFA-011,1,30,29,true
has_room,SOUTHPORT,107880,CPR/PFA/EFA,3,30,true,2058425,2026-09-06T09:00:00+10:00,Childcare First Aid (AM),EFA-012,1,30,29,true
has_room,SOUTHPORT,107881,CPR/PFA/EFA,1,30,true,2058416,2026-09-12T09:00:00+10:00,Provide CPR (AM),CPR-009,0,10,10,true
has_room,SOUTHPORT,107881,CPR/PFA/EFA,1,30,true,2058421,2026-09-12T09:00:00+10:00,Provide First Aid (AM),PFA-011,0,30,30,true
has_room,SOUTHPORT,107881,CPR/PFA/EFA,1,30,true,2058426,2026-09-12T09:00:00+10:00,Childcare First Aid (AM),EFA-012,1,30,29,true
has_room,SOUTHPORT,107882,CPR/PFA/EFA,0,30,true,2058417,2026-09-19T09:00:00+10:00,Provide CPR (AM),CPR-009,0,10,10,true
has_room,SOUTHPORT,107882,CPR/PFA/EFA,0,30,true,2058422,2026-09-19T09:00:00+10:00,Provide First Aid (AM),PFA-011,0,30,30,true
has_room,SOUTHPORT,107882,CPR/PFA/EFA,0,30,true,2058427,2026-09-19T09:00:00+10:00,Childcare First Aid (AM),EFA-012,0,30,30,true
has_room,SOUTHPORT,107883,CPR/PFA/EFA,0,30,true,2058418,2026-09-26T09:00:00+10:00,Provide CPR (AM),CPR-009,0,10,10,true
has_room,SOUTHPORT,107883,CPR/PFA/EFA,0,30,true,2058423,2026-09-26T09:00:00+10:00,Provide First Aid (AM),PFA-011,0,30,30,true
has_room,SOUTHPORT,107883,CPR/PFA/EFA,0,30,true,2058428,2026-09-26T09:00:00+10:00,Childcare First Aid (AM),EFA-012,0,30,30,true
has_room,SOUTHPORT,107884,CPR & PFA (AM),5,30,true,2058429,2026-09-01T09:00:00+10:00,Provide CPR (AM),CPR-009,2,10,8,true
has_room,SOUTHPORT,107884,CPR & PFA (AM),5,30,true,2058450,2026-09-01T09:00:00+10:00,Provide First Aid (AM),PFA-011,3,30,27,true
has_room,SOUTHPORT,107887,CPR & PFA (AM),7,30,true,2058432,2026-09-04T09:00:00+10:00,Provide CPR (AM),CPR-009,5,10,5,true
has_room,SOUTHPORT,107887,CPR & PFA (AM),7,30,true,2058453,2026-09-04T09:00:00+10:00,Provide First Aid (AM),PFA-011,2,30,28,true
has_room,SOUTHPORT,107888,CPR & PFA (AM),3,30,true,2058433,2026-09-08T09:00:00+10:00,Provide CPR (AM),CPR-009,0,10,10,true
has_room,SOUTHPORT,107888,CPR & PFA (AM),3,30,true,2058454,2026-09-08T09:00:00+10:00,Provide First Aid (AM),PFA-011,3,30,27,true
has_room,SOUTHPORT,107889,CPR & PFA (AM),4,30,true,2058434,2026-09-09T09:00:00+10:00,Provide CPR (AM),CPR-009,2,10,8,true
has_room,SOUTHPORT,107889,CPR & PFA (AM),4,30,true,2058455,2026-09-09T09:00:00+10:00,Provide First Aid (AM),PFA-011,2,30,28,true
has_room,SOUTHPORT,107890,CPR & PFA (AM),1,30,true,2058435,2026-09-10T09:00:00+10:00,Provide CPR (AM),CPR-009,1,10,9,true
has_room,SOUTHPORT,107890,CPR & PFA (AM),1,30,true,2058456,2026-09-10T09:00:00+10:00,Provide First Aid (AM),PFA-011,0,30,30,true
has_room,SOUTHPORT,107891,CPR & PFA (AM),3,30,true,2058436,2026-09-11T09:00:00+10:00,Provide CPR (AM),CPR-009,1,10,9,true
has_room,SOUTHPORT,107891,CPR & PFA (AM),3,30,true,2058457,2026-09-11T09:00:00+10:00,Provide First Aid (AM),PFA-011,2,30,28,true
has_room,SOUTHPORT,107892,CPR & PFA (AM),1,30,true,2058437,2026-09-14T09:00:00+10:00,Provide CPR (AM),CPR-009,0,10,10,true
has_room,SOUTHPORT,107892,CPR & PFA (AM),1,30,true,2058458,2026-09-14T09:00:00+10:00,Provide First Aid (AM),PFA-011,1,30,29,true
has_room,SOUTHPORT,107893,CPR & PFA (AM),1,30,true,2058438,2026-09-15T09:00:00+10:00,Provide CPR (AM),CPR-009,1,10,9,true
has_room,SOUTHPORT,107893,CPR & PFA (AM),1,30,true,2058459,2026-09-15T09:00:00+10:00,Provide First Aid (AM),PFA-011,0,30,30,true
has_room,SOUTHPORT,107894,CPR & PFA (AM),5,30,true,2058439,2026-09-16T09:00:00+10:00,Provide CPR (AM),CPR-009,0,10,10,true
has_room,SOUTHPORT,107894,CPR & PFA (AM),5,30,true,2058460,2026-09-16T09:00:00+10:00,Provide First Aid (AM),PFA-011,5,30,25,true
has_room,SOUTHPORT,107895,CPR & PFA (AM),0,30,true,2058440,2026-09-17T09:00:00+10:00,Provide CPR (AM),CPR-009,0,10,10,true
has_room,SOUTHPORT,107895,CPR & PFA (AM),0,30,true,2058461,2026-09-17T09:00:00+10:00,Provide First Aid (AM),PFA-011,0,30,30,true
has_room,SOUTHPORT,107896,CPR & PFA (AM),2,30,true,2058441,2026-09-18T09:00:00+10:00,Provide CPR (AM),CPR-009,0,10,10,true
has_room,SOUTHPORT,107896,CPR & PFA (AM),2,30,true,2058462,2026-09-18T09:00:00+10:00,Provide First Aid (AM),PFA-011,2,30,28,true
has_room,SOUTHPORT,107897,CPR & PFA (AM),0,30,true,2058442,2026-09-21T09:00:00+10:00,Provide CPR (AM),CPR-009,0,10,10,true
has_room,SOUTHPORT,107897,CPR & PFA (AM),0,30,true,2058463,2026-09-21T09:00:00+10:00,Provide First Aid (AM),PFA-011,0,30,30,true
has_room,SOUTHPORT,107898,CPR & PFA (AM),1,30,true,2058443,2026-09-22T09:00:00+10:00,Provide CPR (AM),CPR-009,0,10,10,true
has_room,SOUTHPORT,107898,CPR & PFA (AM),1,30,true,2058464,2026-09-22T09:00:00+10:00,Provide First Aid (AM),PFA-011,1,30,29,true
has_room,SOUTHPORT,107899,CPR & PFA (AM),0,30,true,2058444,2026-09-23T09:00:00+10:00,Provide CPR (AM),CPR-009,0,10,10,true
has_room,SOUTHPORT,107899,CPR & PFA (AM),0,30,true,2058465,2026-09-23T09:00:00+10:00,Provide First Aid (AM),PFA-011,0,30,30,true
has_room,SOUTHPORT,107900,CPR & PFA (AM),0,30,true,2058445,2026-09-24T09:00:00+10:00,Provide CPR (AM),CPR-009,0,10,10,true
has_room,SOUTHPORT,107900,CPR & PFA (AM),0,30,true,2058466,2026-09-24T09:00:00+10:00,Provide First Aid (AM),PFA-011,0,30,30,true
has_room,SOUTHPORT,107901,CPR & PFA (AM),0,30,true,2058446,2026-09-25T09:00:00+10:00,Provide CPR (AM),CPR-009,0,10,10,true
has_room,SOUTHPORT,107901,CPR & PFA (AM),0,30,true,2058467,2026-09-25T09:00:00+10:00,Provide First Aid (AM),PFA-011,0,30,30,true
has_room,SOUTHPORT,107902,CPR & PFA (AM),1,30,true,2058447,2026-09-28T09:00:00+10:00,Provide CPR (AM),CPR-009,1,10,9,true
has_room,SOUTHPORT,107902,CPR & PFA (AM),1,30,true,2058468,2026-09-28T09:00:00+10:00,Provide First Aid (AM),PFA-011,0,30,30,true
has_room,SOUTHPORT,107903,CPR & PFA (AM),0,30,true,2058448,2026-09-29T09:00:00+10:00,Provide CPR (AM),CPR-009,0,10,10,true
has_room,SOUTHPORT,107903,CPR & PFA (AM),0,30,true,2058469,2026-09-29T09:00:00+10:00,Provide First Aid (AM),PFA-011,0,30,30,true
has_room,SOUTHPORT,107904,CPR & PFA (AM),2,30,true,2058449,2026-09-30T09:00:00+10:00,Provide CPR (AM),CPR-009,1,10,9,true
has_room,SOUTHPORT,107904,CPR & PFA (AM),2,30,true,2058470,2026-09-30T09:00:00+10:00,Provide First Aid (AM),PFA-011,1,30,29,true
has_room,SOUTHPORT,109441,CPR & PFA (AM),0,30,true,2063149,2026-10-01T09:00:00+10:00,Provide CPR (AM),CPR-009,0,10,10,true
has_room,SOUTHPORT,109441,CPR & PFA (AM),0,30,true,2063169,2026-10-01T09:00:00+10:00,Provide First Aid (AM),PFA-011,0,30,30,true
has_room,SOUTHPORT,109442,CPR & PFA (AM),0,30,true,2063150,2026-10-02T09:00:00+10:00,Provide CPR (AM),CPR-009,0,10,10,true
has_room,SOUTHPORT,109442,CPR & PFA (AM),0,30,true,2063170,2026-10-02T09:00:00+10:00,Provide First Aid (AM),PFA-011,0,30,30,true
has_room,SOUTHPORT,109443,CPR & PFA (AM),0,30,true,2063151,2026-10-06T09:00:00+10:00,Provide CPR (AM),CPR-009,0,10,10,true
has_room,SOUTHPORT,109443,CPR & PFA (AM),0,30,true,2063171,2026-10-06T09:00:00+10:00,Provide First Aid (AM),PFA-011,0,30,30,true
has_room,SOUTHPORT,109444,CPR & PFA (AM),0,30,true,2063152,2026-10-07T09:00:00+10:00,Provide CPR (AM),CPR-009,0,10,10,true
has_room,SOUTHPORT,109444,CPR & PFA (AM),0,30,true,2063172,2026-10-07T09:00:00+10:00,Provide First Aid (AM),PFA-011,0,30,30,true
has_room,SOUTHPORT,109445,CPR & PFA (AM),0,30,true,2063153,2026-10-08T09:00:00+10:00,Provide CPR (AM),CPR-009,0,10,10,true
has_room,SOUTHPORT,109445,CPR & PFA (AM),0,30,true,2063173,2026-10-08T09:00:00+10:00,Provide First Aid (AM),PFA-011,0,30,30,true
has_room,SOUTHPORT,109446,CPR & PFA (AM),0,30,true,2063154,2026-10-09T09:00:00+10:00,Provide CPR (AM),CPR-009,0,10,10,true
has_room,SOUTHPORT,109446,CPR & PFA (AM),0,30,true,2063174,2026-10-09T09:00:00+10:00,Provide First Aid (AM),PFA-011,0,30,30,true
has_room,SOUTHPORT,109447,CPR & PFA (AM),0,30,true,2063155,2026-10-12T09:00:00+10:00,Provide CPR (AM),CPR-009,0,10,10,true
has_room,SOUTHPORT,109447,CPR & PFA (AM),0,30,true,2063175,2026-10-12T09:00:00+10:00,Provide First Aid (AM),PFA-011,0,30,30,true
has_room,SOUTHPORT,109448,CPR & PFA (AM),0,30,true,2063156,2026-10-13T09:00:00+10:00,Provide CPR (AM),CPR-009,0,10,10,true
has_room,SOUTHPORT,109448,CPR & PFA (AM),0,30,true,2063176,2026-10-13T09:00:00+10:00,Provide First Aid (AM),PFA-011,0,30,30,true
has_room,SOUTHPORT,109449,CPR & PFA (AM),0,30,true,2063157,2026-10-14T09:00:00+10:00,Provide CPR (AM),CPR-009,0,10,10,true
has_room,SOUTHPORT,109449,CPR & PFA (AM),0,30,true,2063177,2026-10-14T09:00:00+10:00,Provide First Aid (AM),PFA-011,0,30,30,true
has_room,SOUTHPORT,109450,CPR & PFA (AM),0,30,true,2063158,2026-10-15T09:00:00+10:00,Provide CPR (AM),CPR-009,0,10,10,true
has_room,SOUTHPORT,109450,CPR & PFA (AM),0,30,true,2063178,2026-10-15T09:00:00+10:00,Provide First Aid (AM),PFA-011,0,30,30,true
has_room,SOUTHPORT,109451,CPR & PFA (AM),0,30,true,2063159,2026-10-16T09:00:00+10:00,Provide CPR (AM),CPR-009,0,10,10,true
has_room,SOUTHPORT,109451,CPR & PFA (AM),0,30,true,2063179,2026-10-16T09:00:00+10:00,Provide First Aid (AM),PFA-011,0,30,30,true
has_room,SOUTHPORT,109452,CPR & PFA (AM),0,30,true,2063160,2026-10-19T09:00:00+10:00,Provide CPR (AM),CPR-009,0,10,10,true
has_room,SOUTHPORT,109452,CPR & PFA (AM),0,30,true,2063180,2026-10-19T09:00:00+10:00,Provide First Aid (AM),PFA-011,0,30,30,true
has_room,SOUTHPORT,109453,CPR & PFA (AM),0,30,true,2063161,2026-10-20T09:00:00+10:00,Provide CPR (AM),CPR-009,0,10,10,true
has_room,SOUTHPORT,109453,CPR & PFA (AM),0,30,true,2063181,2026-10-20T09:00:00+10:00,Provide First Aid (AM),PFA-011,0,30,30,true
has_room,SOUTHPORT,109454,CPR & PFA (AM),0,30,true,2063162,2026-10-21T09:00:00+10:00,Provide CPR (AM),CPR-009,0,10,10,true
has_room,SOUTHPORT,109454,CPR & PFA (AM),0,30,true,2063182,2026-10-21T09:00:00+10:00,Provide First Aid (AM),PFA-011,0,30,30,true
has_room,SOUTHPORT,109455,CPR & PFA (AM),0,30,true,2063163,2026-10-22T09:00:00+10:00,Provide CPR (AM),CPR-009,0,10,10,true
has_room,SOUTHPORT,109455,CPR & PFA (AM),0,30,true,2063183,2026-10-22T09:00:00+10:00,Provide First Aid (AM),PFA-011,0,30,30,true
has_room,SOUTHPORT,109456,CPR & PFA (AM),0,30,true,2063164,2026-10-23T09:00:00+10:00,Provide CPR (AM),CPR-009,0,10,10,true
has_room,SOUTHPORT,109456,CPR & PFA (AM),0,30,true,2063184,2026-10-23T09:00:00+10:00,Provide First Aid (AM),PFA-011,0,30,30,true
has_room,SOUTHPORT,109457,CPR & PFA (AM),0,30,true,2063165,2026-10-26T09:00:00+10:00,Provide CPR (AM),CPR-009,0,10,10,true
has_room,SOUTHPORT,109457,CPR & PFA (AM),0,30,true,2063185,2026-10-26T09:00:00+10:00,Provide First Aid (AM),PFA-011,0,30,30,true
has_room,SOUTHPORT,109458,CPR & PFA (AM),0,30,true,2063166,2026-10-28T09:00:00+10:00,Provide CPR (AM),CPR-009,0,10,10,true
has_room,SOUTHPORT,109458,CPR & PFA (AM),0,30,true,2063186,2026-10-28T09:00:00+10:00,Provide First Aid (AM),PFA-011,0,30,30,true
has_room,SOUTHPORT,109459,CPR & PFA (AM),0,30,true,2063167,2026-10-29T09:00:00+10:00,Provide CPR (AM),CPR-009,0,10,10,true
has_room,SOUTHPORT,109459,CPR & PFA (AM),0,30,true,2063187,2026-10-29T09:00:00+10:00,Provide First Aid (AM),PFA-011,0,30,30,true
has_room,SOUTHPORT,109460,CPR & PFA (AM),0,30,true,2063168,2026-10-30T09:00:00+10:00,Provide CPR (AM),CPR-009,0,10,10,true
has_room,SOUTHPORT,109460,CPR & PFA (AM),0,30,true,2063188,2026-10-30T09:00:00+10:00,Provide First Aid (AM),PFA-011,0,30,30,true
has_room,SOUTHPORT,109461,CPR/PFA/EFA,0,30,true,2063189,2026-10-03T09:00:00+10:00,Provide CPR (AM),CPR-009,0,10,10,true
has_room,SOUTHPORT,109461,CPR/PFA/EFA,0,30,true,2063195,2026-10-03T09:00:00+10:00,Provide First Aid (AM),PFA-011,0,30,30,true
has_room,SOUTHPORT,109461,CPR/PFA/EFA,0,30,true,2063201,2026-10-03T09:00:00+10:00,Childcare First Aid (AM),EFA-012,0,30,30,true
has_room,SOUTHPORT,109462,CPR/PFA/EFA,0,30,true,2063190,2026-10-04T09:00:00+10:00,Provide CPR (AM),CPR-009,0,10,10,true
has_room,SOUTHPORT,109462,CPR/PFA/EFA,0,30,true,2063196,2026-10-04T09:00:00+10:00,Provide First Aid (AM),PFA-011,0,30,30,true
has_room,SOUTHPORT,109462,CPR/PFA/EFA,0,30,true,2063202,2026-10-04T09:00:00+10:00,Childcare First Aid (AM),EFA-012,0,30,30,true
has_room,SOUTHPORT,109463,CPR/PFA/EFA,0,30,true,2063191,2026-10-10T09:00:00+10:00,Provide CPR (AM),CPR-009,0,10,10,true
has_room,SOUTHPORT,109463,CPR/PFA/EFA,0,30,true,2063197,2026-10-10T09:00:00+10:00,Provide First Aid (AM),PFA-011,0,30,30,true
has_room,SOUTHPORT,109463,CPR/PFA/EFA,0,30,true,2063203,2026-10-10T09:00:00+10:00,Childcare First Aid (AM),EFA-012,0,30,30,true
has_room,SOUTHPORT,109464,CPR/PFA/EFA,0,30,true,2063192,2026-10-17T09:00:00+10:00,Provide CPR (AM),CPR-009,0,10,10,true
has_room,SOUTHPORT,109464,CPR/PFA/EFA,0,30,true,2063198,2026-10-17T09:00:00+10:00,Provide First Aid (AM),PFA-011,0,30,30,true
has_room,SOUTHPORT,109464,CPR/PFA/EFA,0,30,true,2063204,2026-10-17T09:00:00+10:00,Childcare First Aid (AM),EFA-012,0,30,30,true
has_room,SOUTHPORT,109465,CPR/PFA/EFA,0,30,true,2063193,2026-10-24T09:00:00+10:00,Provide CPR (AM),CPR-009,0,10,10,true
has_room,SOUTHPORT,109465,CPR/PFA/EFA,0,30,true,2063199,2026-10-24T09:00:00+10:00,Provide First Aid (AM),PFA-011,0,30,30,true
has_room,SOUTHPORT,109465,CPR/PFA/EFA,0,30,true,2063205,2026-10-24T09:00:00+10:00,Childcare First Aid (AM),EFA-012,0,30,30,true
has_room,SOUTHPORT,109466,CPR/PFA/EFA,0,30,true,2063194,2026-10-31T09:00:00+10:00,Provide CPR (AM),CPR-009,0,10,10,true
has_room,SOUTHPORT,109466,CPR/PFA/EFA,0,30,true,2063200,2026-10-31T09:00:00+10:00,Provide First Aid (AM),PFA-011,0,30,30,true
has_room,SOUTHPORT,109466,CPR/PFA/EFA,0,30,true,2063206,2026-10-31T09:00:00+10:00,Childcare First Aid (AM),EFA-012,0,30,30,true
over_cap,SPRINGFIELD LAKES,107056,CPR/PFA/EFA,18,12,true,2055962,2026-08-29T09:00:00+10:00,Provide CPR (AM),CPR-009,4,4,0,true
over_cap,SPRINGFIELD LAKES,107056,CPR/PFA/EFA,18,12,true,2055966,2026-08-29T09:00:00+10:00,Provide First Aid (AM),PFA-011,12,12,0,true
over_cap,SPRINGFIELD LAKES,107056,CPR/PFA/EFA,18,12,true,2055970,2026-08-29T09:00:00+10:00,Childcare First Aid (AM),EFA-012,2,2,0,true
has_room,SPRINGFIELD LAKES,107064,CPR & PFA (AM),14,18,true,2055978,2026-08-27T09:00:00+10:00,Provide CPR (AM),CPR-009,3,6,3,true
has_room,SPRINGFIELD LAKES,107064,CPR & PFA (AM),14,18,true,2055986,2026-08-27T09:00:00+10:00,Provide First Aid (AM),PFA-011,11,18,7,true
has_room,SPRINGFIELD LAKES,107999,CPR/PFA/EFA,5,18,true,2058772,2026-09-12T09:00:00+10:00,Provide CPR (AM),CPR-009,1,7,6,true
has_room,SPRINGFIELD LAKES,107999,CPR/PFA/EFA,5,18,true,2058775,2026-09-12T09:00:00+10:00,Provide First Aid (AM),PFA-011,3,18,15,true
has_room,SPRINGFIELD LAKES,107999,CPR/PFA/EFA,5,18,true,2058778,2026-09-12T09:00:00+10:00,Childcare First Aid (AM),EFA-012,1,18,17,true
has_room,SPRINGFIELD LAKES,108000,CPR/PFA/EFA,5,18,true,2058773,2026-09-19T09:00:00+10:00,Provide CPR (AM),CPR-009,4,7,3,true
has_room,SPRINGFIELD LAKES,108000,CPR/PFA/EFA,5,18,true,2058776,2026-09-19T09:00:00+10:00,Provide First Aid (AM),PFA-011,1,18,17,true
has_room,SPRINGFIELD LAKES,108000,CPR/PFA/EFA,5,18,true,2058779,2026-09-19T09:00:00+10:00,Childcare First Aid (AM),EFA-012,0,18,18,true
has_room,SPRINGFIELD LAKES,108001,CPR/PFA/EFA,2,18,true,2058774,2026-09-26T09:00:00+10:00,Provide CPR (AM),CPR-009,2,7,5,true
has_room,SPRINGFIELD LAKES,108001,CPR/PFA/EFA,2,18,true,2058777,2026-09-26T09:00:00+10:00,Provide First Aid (AM),PFA-011,0,18,18,true
has_room,SPRINGFIELD LAKES,108001,CPR/PFA/EFA,2,18,true,2058780,2026-09-26T09:00:00+10:00,Childcare First Aid (AM),EFA-012,0,18,18,true
over_cap,SPRINGFIELD LAKES,108002,CPR & PFA (AM),18,12,true,2058781,2026-09-01T09:00:00+10:00,Provide CPR (AM),CPR-009,6,6,0,true
over_cap,SPRINGFIELD LAKES,108002,CPR & PFA (AM),18,12,true,2058789,2026-09-01T09:00:00+10:00,Provide First Aid (AM),PFA-011,12,12,0,true
has_room,SPRINGFIELD LAKES,108003,CPR & PFA (AM),7,18,true,2058782,2026-09-08T09:00:00+10:00,Provide CPR (AM),CPR-009,5,6,1,true
has_room,SPRINGFIELD LAKES,108003,CPR & PFA (AM),7,18,true,2058790,2026-09-08T09:00:00+10:00,Provide First Aid (AM),PFA-011,2,18,16,true
has_room,SPRINGFIELD LAKES,108005,CPR & PFA (AM),10,18,true,2058784,2026-09-15T09:00:00+10:00,Provide CPR (AM),CPR-009,1,6,5,true
has_room,SPRINGFIELD LAKES,108005,CPR & PFA (AM),10,18,true,2058792,2026-09-15T09:00:00+10:00,Provide First Aid (AM),PFA-011,9,18,9,true
has_room,SPRINGFIELD LAKES,108006,CPR & PFA (AM),1,18,true,2058785,2026-09-17T09:00:00+10:00,Provide CPR (AM),CPR-009,1,6,5,true
has_room,SPRINGFIELD LAKES,108006,CPR & PFA (AM),1,18,true,2058793,2026-09-17T09:00:00+10:00,Provide First Aid (AM),PFA-011,0,18,18,true
has_room,SPRINGFIELD LAKES,108007,CPR & PFA (AM),0,18,true,2058786,2026-09-22T09:00:00+10:00,Provide CPR (AM),CPR-009,0,6,6,true
has_room,SPRINGFIELD LAKES,108007,CPR & PFA (AM),0,18,true,2058794,2026-09-22T09:00:00+10:00,Provide First Aid (AM),PFA-011,0,18,18,true
has_room,SPRINGFIELD LAKES,108008,CPR & PFA (AM),3,18,true,2058787,2026-09-24T09:00:00+10:00,Provide CPR (AM),CPR-009,2,6,4,true
has_room,SPRINGFIELD LAKES,108008,CPR & PFA (AM),3,18,true,2058795,2026-09-24T09:00:00+10:00,Provide First Aid (AM),PFA-011,1,18,17,true
has_room,SPRINGFIELD LAKES,108009,CPR & PFA (AM),1,18,true,2058788,2026-09-29T09:00:00+10:00,Provide CPR (AM),CPR-009,1,6,5,true
has_room,SPRINGFIELD LAKES,108009,CPR & PFA (AM),1,18,true,2058796,2026-09-29T09:00:00+10:00,Provide First Aid (AM),PFA-011,0,18,18,true
has_room,SPRINGFIELD LAKES,109561,CPR & PFA (AM),0,18,true,2063483,2026-10-06T09:00:00+10:00,Provide CPR (AM),CPR-009,0,6,6,true
has_room,SPRINGFIELD LAKES,109561,CPR & PFA (AM),0,18,true,2063490,2026-10-06T09:00:00+10:00,Provide First Aid (AM),PFA-011,0,18,18,true
has_room,SPRINGFIELD LAKES,109562,CPR & PFA (AM),0,18,true,2063484,2026-10-08T09:00:00+10:00,Provide CPR (AM),CPR-009,0,6,6,true
has_room,SPRINGFIELD LAKES,109562,CPR & PFA (AM),0,18,true,2063491,2026-10-08T09:00:00+10:00,Provide First Aid (AM),PFA-011,0,18,18,true
has_room,SPRINGFIELD LAKES,109563,CPR & PFA (AM),0,18,true,2063485,2026-10-13T09:00:00+10:00,Provide CPR (AM),CPR-009,0,6,6,true
has_room,SPRINGFIELD LAKES,109563,CPR & PFA (AM),0,18,true,2063492,2026-10-13T09:00:00+10:00,Provide First Aid (AM),PFA-011,0,18,18,true
has_room,SPRINGFIELD LAKES,109564,CPR & PFA (AM),0,18,true,2063486,2026-10-15T09:00:00+10:00,Provide CPR (AM),CPR-009,0,6,6,true
has_room,SPRINGFIELD LAKES,109564,CPR & PFA (AM),0,18,true,2063493,2026-10-15T09:00:00+10:00,Provide First Aid (AM),PFA-011,0,18,18,true
has_room,SPRINGFIELD LAKES,109565,CPR & PFA (AM),0,18,true,2063487,2026-10-20T09:00:00+10:00,Provide CPR (AM),CPR-009,0,6,6,true
has_room,SPRINGFIELD LAKES,109565,CPR & PFA (AM),0,18,true,2063494,2026-10-20T09:00:00+10:00,Provide First Aid (AM),PFA-011,0,18,18,true
has_room,SPRINGFIELD LAKES,109566,CPR & PFA (AM),0,18,true,2063488,2026-10-22T09:00:00+10:00,Provide CPR (AM),CPR-009,0,6,6,true
has_room,SPRINGFIELD LAKES,109566,CPR & PFA (AM),0,18,true,2063495,2026-10-22T09:00:00+10:00,Provide First Aid (AM),PFA-011,0,18,18,true
has_room,SPRINGFIELD LAKES,109567,CPR & PFA (AM),0,18,true,2063489,2026-10-27T09:00:00+10:00,Provide CPR (AM),CPR-009,0,6,6,true
has_room,SPRINGFIELD LAKES,109567,CPR & PFA (AM),0,18,true,2063496,2026-10-27T09:00:00+10:00,Provide First Aid (AM),PFA-011,0,18,18,true
has_room,SPRINGFIELD LAKES,109568,CPR/PFA/EFA,0,18,true,2063504,2026-10-10T09:00:00+10:00,Provide CPR (AM),CPR-009,0,7,7,true
has_room,SPRINGFIELD LAKES,109568,CPR/PFA/EFA,0,18,true,2063507,2026-10-10T09:00:00+10:00,Provide First Aid (AM),PFA-011,0,18,18,true
has_room,SPRINGFIELD LAKES,109568,CPR/PFA/EFA,0,18,true,2063510,2026-10-10T09:00:00+10:00,Childcare First Aid (AM),EFA-012,0,18,18,true
has_room,SPRINGFIELD LAKES,109569,CPR/PFA/EFA,0,18,true,2063505,2026-10-17T09:00:00+10:00,Provide CPR (AM),CPR-009,0,7,7,true
has_room,SPRINGFIELD LAKES,109569,CPR/PFA/EFA,0,18,true,2063508,2026-10-17T09:00:00+10:00,Provide First Aid (AM),PFA-011,0,18,18,true
has_room,SPRINGFIELD LAKES,109569,CPR/PFA/EFA,0,18,true,2063511,2026-10-17T09:00:00+10:00,Childcare First Aid (AM),EFA-012,0,18,18,true
has_room,SPRINGFIELD LAKES,109570,CPR/PFA/EFA,0,18,true,2063506,2026-10-24T09:00:00+10:00,Provide CPR (AM),CPR-009,0,7,7,true
has_room,SPRINGFIELD LAKES,109570,CPR/PFA/EFA,0,18,true,2063509,2026-10-24T09:00:00+10:00,Provide First Aid (AM),PFA-011,0,18,18,true
has_room,SPRINGFIELD LAKES,109570,CPR/PFA/EFA,0,18,true,2063512,2026-10-24T09:00:00+10:00,Childcare First Aid (AM),EFA-012,0,18,18,true
has_room,ST IVES,108355,CPR & PFA (AM),8,20,true,2059837,2026-09-10T11:00:00+10:00,Provide CPR (AM),CPR-009,4,8,4,true
has_room,ST IVES,108355,CPR & PFA (AM),8,20,true,2059842,2026-09-10T11:00:00+10:00,Provide First Aid (AM),PFA-011,4,20,16,true
has_room,ST IVES,108356,CPR & PFA (AM),3,20,true,2059838,2026-09-16T11:00:00+10:00,Provide CPR (AM),CPR-009,3,8,5,true
has_room,ST IVES,108356,CPR & PFA (AM),3,20,true,2059843,2026-09-16T11:00:00+10:00,Provide First Aid (AM),PFA-011,0,20,20,true
has_room,ST IVES,108357,CPR & PFA (AM),2,20,true,2059839,2026-09-23T11:00:00+10:00,Provide CPR (AM),CPR-009,2,8,6,true
has_room,ST IVES,108357,CPR & PFA (AM),2,20,true,2059844,2026-09-23T11:00:00+10:00,Provide First Aid (AM),PFA-011,0,20,20,true
has_room,ST IVES,108358,CPR & PFA (AM),0,20,true,2059840,2026-09-30T11:00:00+10:00,Provide CPR (AM),CPR-009,0,8,8,true
has_room,ST IVES,108358,CPR & PFA (AM),0,20,true,2059845,2026-09-30T11:00:00+10:00,Provide First Aid (AM),PFA-011,0,20,20,true
has_room,ST IVES,108988,CPR & PFA (AM),0,20,true,2061782,2026-10-08T11:00:00+10:00,Provide CPR (AM),CPR-009,0,8,8,true
has_room,ST IVES,108988,CPR & PFA (AM),0,20,true,2061786,2026-10-08T11:00:00+10:00,Provide First Aid (AM),PFA-011,0,20,20,true
has_room,ST IVES,108989,CPR & PFA (AM),0,20,true,2061783,2026-10-14T11:00:00+10:00,Provide CPR (AM),CPR-009,0,8,8,true
has_room,ST IVES,108989,CPR & PFA (AM),0,20,true,2061787,2026-10-14T11:00:00+10:00,Provide First Aid (AM),PFA-011,0,20,20,true
has_room,ST IVES,108990,CPR & PFA (AM),0,20,true,2061784,2026-10-21T11:00:00+10:00,Provide CPR (AM),CPR-009,0,8,8,true
has_room,ST IVES,108990,CPR & PFA (AM),0,20,true,2061788,2026-10-21T11:00:00+10:00,Provide First Aid (AM),PFA-011,0,20,20,true
has_room,ST IVES,108991,CPR & PFA (AM),1,20,true,2061785,2026-10-28T11:00:00+10:00,Provide CPR (AM),CPR-009,0,8,8,true
has_room,ST IVES,108991,CPR & PFA (AM),1,20,true,2061789,2026-10-28T11:00:00+10:00,Provide First Aid (AM),PFA-011,1,20,19,true
has_room,SUBIACO,107750,CPR & PFA (AM),7,28,true,2058013,2026-08-28T09:00:00+10:00,Provide CPR (AM),CPR-009,5,10,5,true
has_room,SUBIACO,107750,CPR & PFA (AM),7,28,true,2058022,2026-08-28T09:00:00+10:00,Provide First Aid (AM),PFA-011,2,28,26,true
has_room,SUBIACO,107751,CPR & PFA (AM),5,28,true,2058014,2026-08-31T09:00:00+10:00,Provide CPR (AM),CPR-009,1,10,9,true
has_room,SUBIACO,107751,CPR & PFA (AM),5,28,true,2058023,2026-08-31T09:00:00+10:00,Provide First Aid (AM),PFA-011,4,28,24,true
has_room,SUBIACO,108703,CPR/PFA/EFA,10,28,true,2060900,2026-09-12T09:00:00+10:00,Provide CPR (AM),CPR-009,3,10,7,true
has_room,SUBIACO,108703,CPR/PFA/EFA,10,28,true,2060901,2026-09-12T09:00:00+10:00,Provide First Aid (AM),PFA-011,6,28,22,true
has_room,SUBIACO,108703,CPR/PFA/EFA,10,28,true,2060902,2026-09-12T09:00:00+10:00,Childcare First Aid (AM),EFA-012,1,28,27,true
has_room,SUBIACO,108704,CPR & PFA (AM),5,28,true,2060903,2026-09-01T09:00:00+10:00,Provide CPR (AM),CPR-009,1,10,9,true
has_room,SUBIACO,108704,CPR & PFA (AM),5,28,true,2060911,2026-09-01T09:00:00+10:00,Provide First Aid (AM),PFA-011,4,28,24,true
has_room,SUBIACO,108705,CPR & PFA (AM),4,28,true,2060904,2026-09-03T09:00:00+10:00,Provide CPR (AM),CPR-009,0,10,10,true
has_room,SUBIACO,108705,CPR & PFA (AM),4,28,true,2060912,2026-09-03T09:00:00+10:00,Provide First Aid (AM),PFA-011,4,28,24,true
has_room,SUBIACO,108706,CPR & PFA (AM),0,28,true,2060905,2026-09-08T09:00:00+10:00,Provide CPR (AM),CPR-009,0,10,10,true
has_room,SUBIACO,108706,CPR & PFA (AM),0,28,true,2060913,2026-09-08T09:00:00+10:00,Provide First Aid (AM),PFA-011,0,28,28,true
has_room,SUBIACO,108707,CPR & PFA (AM),2,28,true,2060906,2026-09-14T09:00:00+10:00,Provide CPR (AM),CPR-009,2,10,8,true
has_room,SUBIACO,108707,CPR & PFA (AM),2,28,true,2060914,2026-09-14T09:00:00+10:00,Provide First Aid (AM),PFA-011,0,28,28,true
has_room,SUBIACO,108708,CPR & PFA (AM),2,28,true,2060907,2026-09-18T09:00:00+10:00,Provide CPR (AM),CPR-009,1,10,9,true
has_room,SUBIACO,108708,CPR & PFA (AM),2,28,true,2060915,2026-09-18T09:00:00+10:00,Provide First Aid (AM),PFA-011,1,28,27,true
has_room,SUBIACO,108709,CPR & PFA (AM),4,28,true,2060908,2026-09-21T09:00:00+10:00,Provide CPR (AM),CPR-009,0,10,10,true
has_room,SUBIACO,108709,CPR & PFA (AM),4,28,true,2060916,2026-09-21T09:00:00+10:00,Provide First Aid (AM),PFA-011,4,28,24,true
has_room,SUBIACO,108710,CPR & PFA (AM),0,28,true,2060909,2026-09-23T09:00:00+10:00,Provide CPR (AM),CPR-009,0,10,10,true
has_room,SUBIACO,108710,CPR & PFA (AM),0,28,true,2060917,2026-09-23T09:00:00+10:00,Provide First Aid (AM),PFA-011,0,28,28,true
has_room,SUBIACO,108711,CPR & PFA (AM),0,28,true,2060910,2026-09-29T09:00:00+10:00,Provide CPR (AM),CPR-009,0,10,10,true
has_room,SUBIACO,108711,CPR & PFA (AM),0,28,true,2060918,2026-09-29T09:00:00+10:00,Provide First Aid (AM),PFA-011,0,28,28,true
has_room,SUBIACO,109159,CPR & PFA (AM),3,28,true,2062294,2026-10-05T09:00:00+10:00,Provide CPR (AM),CPR-009,0,10,10,true
has_room,SUBIACO,109159,CPR & PFA (AM),3,28,true,2062302,2026-10-05T09:00:00+10:00,Provide First Aid (AM),PFA-011,3,28,25,true
has_room,SUBIACO,109160,CPR & PFA (AM),0,28,true,2062295,2026-10-09T09:00:00+10:00,Provide CPR (AM),CPR-009,0,10,10,true
has_room,SUBIACO,109160,CPR & PFA (AM),0,28,true,2062303,2026-10-09T09:00:00+10:00,Provide First Aid (AM),PFA-011,0,28,28,true
has_room,SUBIACO,109161,CPR & PFA (AM),0,28,true,2062296,2026-10-12T09:00:00+10:00,Provide CPR (AM),CPR-009,0,10,10,true
has_room,SUBIACO,109161,CPR & PFA (AM),0,28,true,2062304,2026-10-12T09:00:00+10:00,Provide First Aid (AM),PFA-011,0,28,28,true
has_room,SUBIACO,109162,CPR & PFA (AM),0,28,true,2062297,2026-10-14T09:00:00+10:00,Provide CPR (AM),CPR-009,0,10,10,true
has_room,SUBIACO,109162,CPR & PFA (AM),0,28,true,2062305,2026-10-14T09:00:00+10:00,Provide First Aid (AM),PFA-011,0,28,28,true
has_room,SUBIACO,109163,CPR & PFA (AM),0,28,true,2062298,2026-10-19T09:00:00+10:00,Provide CPR (AM),CPR-009,0,10,10,true
has_room,SUBIACO,109163,CPR & PFA (AM),0,28,true,2062306,2026-10-19T09:00:00+10:00,Provide First Aid (AM),PFA-011,0,28,28,true
has_room,SUBIACO,109164,CPR & PFA (AM),0,28,true,2062299,2026-10-23T09:00:00+10:00,Provide CPR (AM),CPR-009,0,10,10,true
has_room,SUBIACO,109164,CPR & PFA (AM),0,28,true,2062307,2026-10-23T09:00:00+10:00,Provide First Aid (AM),PFA-011,0,28,28,true
has_room,SUBIACO,109165,CPR & PFA (AM),0,28,true,2062300,2026-10-26T09:00:00+10:00,Provide CPR (AM),CPR-009,0,10,10,true
has_room,SUBIACO,109165,CPR & PFA (AM),0,28,true,2062308,2026-10-26T09:00:00+10:00,Provide First Aid (AM),PFA-011,0,28,28,true
has_room,SUBIACO,109166,CPR & PFA (AM),0,28,true,2062301,2026-10-28T09:00:00+10:00,Provide CPR (AM),CPR-009,0,10,10,true
has_room,SUBIACO,109166,CPR & PFA (AM),0,28,true,2062309,2026-10-28T09:00:00+10:00,Provide First Aid (AM),PFA-011,0,28,28,true
has_room,SUBIACO,109167,CPR/PFA/EFA,1,28,true,2062318,2026-10-03T09:00:00+10:00,Provide CPR (AM),CPR-009,0,10,10,true
has_room,SUBIACO,109167,CPR/PFA/EFA,1,28,true,2062321,2026-10-03T09:00:00+10:00,Provide First Aid (AM),PFA-011,1,28,27,true
has_room,SUBIACO,109167,CPR/PFA/EFA,1,28,true,2062324,2026-10-03T09:00:00+10:00,Childcare First Aid (AM),EFA-012,0,28,28,true
has_room,SUBIACO,109168,CPR/PFA/EFA,0,28,true,2062319,2026-10-17T09:00:00+10:00,Provide CPR (AM),CPR-009,0,10,10,true
has_room,SUBIACO,109168,CPR/PFA/EFA,0,28,true,2062322,2026-10-17T09:00:00+10:00,Provide First Aid (AM),PFA-011,0,28,28,true
has_room,SUBIACO,109168,CPR/PFA/EFA,0,28,true,2062325,2026-10-17T09:00:00+10:00,Childcare First Aid (AM),EFA-012,0,28,28,true
has_room,SUBIACO,109169,CPR/PFA/EFA,0,28,true,2062320,2026-10-31T09:00:00+10:00,Provide CPR (AM),CPR-009,0,10,10,true
has_room,SUBIACO,109169,CPR/PFA/EFA,0,28,true,2062323,2026-10-31T09:00:00+10:00,Provide First Aid (AM),PFA-011,0,28,28,true
has_room,SUBIACO,109169,CPR/PFA/EFA,0,28,true,2062326,2026-10-31T09:00:00+10:00,Childcare First Aid (AM),EFA-012,0,28,28,true
has_room,SUNBURY,108491,CPR/PFA/EFA,14,24,true,2060257,2026-09-04T09:00:00+10:00,Provide CPR (AM),CPR-009,7,24,17,true
has_room,SUNBURY,108491,CPR/PFA/EFA,14,24,true,2060259,2026-09-04T09:00:00+10:00,Childcare First Aid (AM),EFA-012,4,24,20,true
has_room,SUNBURY,108491,CPR/PFA/EFA,14,24,true,2060261,2026-09-04T09:00:00+10:00,Provide First Aid (AM),PFA-011,3,24,21,true
has_room,SUNBURY,108492,CPR/PFA/EFA,1,24,true,2060258,2026-09-18T09:00:00+10:00,Provide CPR (AM),CPR-009,0,24,24,true
has_room,SUNBURY,108492,CPR/PFA/EFA,1,24,true,2060260,2026-09-18T09:00:00+10:00,Childcare First Aid (AM),EFA-012,1,24,23,true
has_room,SUNBURY,108492,CPR/PFA/EFA,1,24,true,2060262,2026-09-18T09:00:00+10:00,Provide First Aid (AM),PFA-011,0,24,24,true
has_room,SUNBURY,108493,CPR & PFA (AM),7,24,true,2060263,2026-09-02T09:00:00+10:00,Provide CPR (AM),CPR-009,0,24,24,true
has_room,SUNBURY,108493,CPR & PFA (AM),7,24,true,2060267,2026-09-02T09:00:00+10:00,Provide First Aid (AM),PFA-011,7,24,17,true
has_room,SUNBURY,108494,CPR & PFA (AM),5,24,true,2060264,2026-09-10T09:00:00+10:00,Provide CPR (AM),CPR-009,0,24,24,true
has_room,SUNBURY,108494,CPR & PFA (AM),5,24,true,2060268,2026-09-10T09:00:00+10:00,Provide First Aid (AM),PFA-011,5,24,19,true
has_room,SUNBURY,108495,CPR & PFA (AM),0,24,true,2060265,2026-09-23T09:00:00+10:00,Provide CPR (AM),CPR-009,0,24,24,true
has_room,SUNBURY,108495,CPR & PFA (AM),0,24,true,2060269,2026-09-23T09:00:00+10:00,Provide First Aid (AM),PFA-011,0,24,24,true
has_room,SUNBURY,108496,CPR & PFA (AM),1,24,true,2060266,2026-09-30T09:00:00+10:00,Provide CPR (AM),CPR-009,0,24,24,true
has_room,SUNBURY,108496,CPR & PFA (AM),1,24,true,2060270,2026-09-30T09:00:00+10:00,Provide First Aid (AM),PFA-011,1,24,23,true
has_room,SUNBURY,109247,CPR & PFA (AM),0,24,true,2062559,2026-10-08T09:00:00+10:00,Provide CPR (AM),CPR-009,0,24,24,true
has_room,SUNBURY,109247,CPR & PFA (AM),0,24,true,2062562,2026-10-08T09:00:00+10:00,Provide First Aid (AM),PFA-011,0,24,24,true
has_room,SUNBURY,109248,CPR & PFA (AM),0,24,true,2062560,2026-10-21T09:00:00+10:00,Provide CPR (AM),CPR-009,0,24,24,true
has_room,SUNBURY,109248,CPR & PFA (AM),0,24,true,2062563,2026-10-21T09:00:00+10:00,Provide First Aid (AM),PFA-011,0,24,24,true
has_room,SUNBURY,109249,CPR & PFA (AM),0,24,true,2062561,2026-10-29T09:00:00+10:00,Provide CPR (AM),CPR-009,0,24,24,true
has_room,SUNBURY,109249,CPR & PFA (AM),0,24,true,2062564,2026-10-29T09:00:00+10:00,Provide First Aid (AM),PFA-011,0,24,24,true
has_room,SUNBURY,109250,CPR/PFA/EFA,0,24,true,2062568,2026-10-02T09:00:00+10:00,Provide CPR (AM),CPR-009,0,24,24,true
has_room,SUNBURY,109250,CPR/PFA/EFA,0,24,true,2062571,2026-10-02T09:00:00+10:00,Childcare First Aid (AM),EFA-012,0,24,24,true
has_room,SUNBURY,109250,CPR/PFA/EFA,0,24,true,2062574,2026-10-02T09:00:00+10:00,Provide First Aid (AM),PFA-011,0,24,24,true
has_room,SUNBURY,109251,CPR/PFA/EFA,0,24,true,2062569,2026-10-16T09:00:00+10:00,Provide CPR (AM),CPR-009,0,24,24,true
has_room,SUNBURY,109251,CPR/PFA/EFA,0,24,true,2062572,2026-10-16T09:00:00+10:00,Childcare First Aid (AM),EFA-012,0,24,24,true
has_room,SUNBURY,109251,CPR/PFA/EFA,0,24,true,2062575,2026-10-16T09:00:00+10:00,Provide First Aid (AM),PFA-011,0,24,24,true
has_room,SUNBURY,109252,CPR/PFA/EFA,0,24,true,2062570,2026-10-23T09:00:00+10:00,Provide CPR (AM),CPR-009,0,24,24,true
has_room,SUNBURY,109252,CPR/PFA/EFA,0,24,true,2062573,2026-10-23T09:00:00+10:00,Childcare First Aid (AM),EFA-012,0,24,24,true
has_room,SUNBURY,109252,CPR/PFA/EFA,0,24,true,2062576,2026-10-23T09:00:00+10:00,Provide First Aid (AM),PFA-011,0,24,24,true
has_room,SUNSHINE,108525,CPR/PFA/EFA,7,20,true,2060359,2026-09-12T09:00:00+10:00,Provide CPR (AM),CPR-009,4,8,4,true
has_room,SUNSHINE,108525,CPR/PFA/EFA,7,20,true,2060360,2026-09-12T09:00:00+10:00,Provide First Aid (AM),PFA-011,1,20,19,true
has_room,SUNSHINE,108525,CPR/PFA/EFA,7,20,true,2060361,2026-09-12T09:00:00+10:00,Childcare First Aid (AM),EFA-012,2,20,18,true
has_room,SUNSHINE,108526,CPR & PFA (AM),13,20,true,2060362,2026-09-02T09:00:00+10:00,Provide CPR (AM),CPR-009,6,8,2,true
has_room,SUNSHINE,108526,CPR & PFA (AM),13,20,true,2060367,2026-09-02T09:00:00+10:00,Provide First Aid (AM),PFA-011,7,20,13,true
has_room,SUNSHINE,108527,CPR & PFA (AM),11,20,true,2060363,2026-09-07T09:00:00+10:00,Provide CPR (AM),CPR-009,7,8,1,true
has_room,SUNSHINE,108527,CPR & PFA (AM),11,20,true,2060368,2026-09-07T09:00:00+10:00,Provide First Aid (AM),PFA-011,4,20,16,true
has_room,SUNSHINE,108528,CPR & PFA (AM),6,20,true,2060364,2026-09-17T09:00:00+10:00,Provide CPR (AM),CPR-009,1,8,7,true
has_room,SUNSHINE,108528,CPR & PFA (AM),6,20,true,2060369,2026-09-17T09:00:00+10:00,Provide First Aid (AM),PFA-011,5,20,15,true
has_room,SUNSHINE,108529,CPR & PFA (AM),4,20,true,2060365,2026-09-23T09:00:00+10:00,Provide CPR (AM),CPR-009,1,8,7,true
has_room,SUNSHINE,108529,CPR & PFA (AM),4,20,true,2060370,2026-09-23T09:00:00+10:00,Provide First Aid (AM),PFA-011,3,20,17,true
has_room,SUNSHINE,108530,CPR & PFA (AM),2,20,true,2060366,2026-09-30T09:00:00+10:00,Provide CPR (AM),CPR-009,1,8,7,true
has_room,SUNSHINE,108530,CPR & PFA (AM),2,20,true,2060371,2026-09-30T09:00:00+10:00,Provide First Aid (AM),PFA-011,1,20,19,true
has_room,SUNSHINE,109281,CPR & PFA (AM),0,20,true,2062661,2026-10-05T09:00:00+10:00,Provide CPR (AM),CPR-009,0,8,8,true
has_room,SUNSHINE,109281,CPR & PFA (AM),0,20,true,2062665,2026-10-05T09:00:00+10:00,Provide First Aid (AM),PFA-011,0,20,20,true
has_room,SUNSHINE,109282,CPR & PFA (AM),0,20,true,2062662,2026-10-15T09:00:00+10:00,Provide CPR (AM),CPR-009,0,8,8,true
has_room,SUNSHINE,109282,CPR & PFA (AM),0,20,true,2062666,2026-10-15T09:00:00+10:00,Provide First Aid (AM),PFA-011,0,20,20,true
has_room,SUNSHINE,109283,CPR & PFA (AM),0,20,true,2062663,2026-10-21T09:00:00+10:00,Provide CPR (AM),CPR-009,0,8,8,true
has_room,SUNSHINE,109283,CPR & PFA (AM),0,20,true,2062667,2026-10-21T09:00:00+10:00,Provide First Aid (AM),PFA-011,0,20,20,true
has_room,SUNSHINE,109284,CPR & PFA (AM),0,20,true,2062664,2026-10-26T09:00:00+10:00,Provide CPR (AM),CPR-009,0,8,8,true
has_room,SUNSHINE,109284,CPR & PFA (AM),0,20,true,2062668,2026-10-26T09:00:00+10:00,Provide First Aid (AM),PFA-011,0,20,20,true
has_room,SUNSHINE,109285,CPR/PFA/EFA,0,20,true,2062673,2026-10-10T09:00:00+10:00,Provide CPR (AM),CPR-009,0,8,8,true
has_room,SUNSHINE,109285,CPR/PFA/EFA,0,20,true,2062675,2026-10-10T09:00:00+10:00,Provide First Aid (AM),PFA-011,0,20,20,true
has_room,SUNSHINE,109285,CPR/PFA/EFA,0,20,true,2062677,2026-10-10T09:00:00+10:00,Childcare First Aid (AM),EFA-012,0,20,20,true
has_room,SUNSHINE,109286,CPR/PFA/EFA,0,20,true,2062674,2026-10-31T09:00:00+10:00,Provide CPR (AM),CPR-009,0,8,8,true
has_room,SUNSHINE,109286,CPR/PFA/EFA,0,20,true,2062676,2026-10-31T09:00:00+10:00,Provide First Aid (AM),PFA-011,0,20,20,true
has_room,SUNSHINE,109286,CPR/PFA/EFA,0,20,true,2062678,2026-10-31T09:00:00+10:00,Childcare First Aid (AM),EFA-012,0,20,20,true
has_room,SYDNEY,107337,CPR/PFA/EFA,16,30,true,2056780,2026-08-29T09:00:00+10:00,Provide CPR (AM),CPR-009,4,10,6,true
has_room,SYDNEY,107337,CPR/PFA/EFA,16,30,true,2056790,2026-08-29T09:00:00+10:00,Provide First Aid (AM),PFA-011,11,30,19,true
has_room,SYDNEY,107337,CPR/PFA/EFA,16,30,true,2056800,2026-08-29T09:00:00+10:00,Childcare First Aid (AM),EFA-012,1,30,29,true
has_room,SYDNEY,107338,CPR/PFA/EFA,7,30,true,2056781,2026-08-30T09:00:00+10:00,Provide CPR (AM),CPR-009,2,10,8,true
has_room,SYDNEY,107338,CPR/PFA/EFA,7,30,true,2056791,2026-08-30T09:00:00+10:00,Provide First Aid (AM),PFA-011,2,30,28,true
has_room,SYDNEY,107338,CPR/PFA/EFA,7,30,true,2056801,2026-08-30T09:00:00+10:00,Childcare First Aid (AM),EFA-012,3,30,27,true
has_room,SYDNEY,107357,CPR & PFA (AM),13,30,true,2056820,2026-08-27T09:00:00+10:00,Provide CPR (AM),CPR-009,3,12,9,true
has_room,SYDNEY,107357,CPR & PFA (AM),13,30,true,2056841,2026-08-27T09:00:00+10:00,Provide First Aid (AM),PFA-011,10,30,20,true
has_room,SYDNEY,107358,CPR & PFA (AM),14,30,true,2056821,2026-08-28T09:00:00+10:00,Provide CPR (AM),CPR-009,5,12,7,true
has_room,SYDNEY,107358,CPR & PFA (AM),14,30,true,2056842,2026-08-28T09:00:00+10:00,Provide First Aid (AM),PFA-011,9,30,21,true
has_room,SYDNEY,107359,CPR & PFA (AM),4,30,true,2056822,2026-08-31T09:00:00+10:00,Provide CPR (AM),CPR-009,2,12,10,true
has_room,SYDNEY,107359,CPR & PFA (AM),4,30,true,2056843,2026-08-31T09:00:00+10:00,Provide First Aid (AM),PFA-011,2,30,28,true
has_room,SYDNEY,108273,CPR/PFA/EFA,3,30,true,2059593,2026-09-05T09:00:00+10:00,Provide CPR (AM),CPR-009,0,10,10,true
has_room,SYDNEY,108273,CPR/PFA/EFA,3,30,true,2059601,2026-09-05T09:00:00+10:00,Provide First Aid (AM),PFA-011,2,30,28,true
has_room,SYDNEY,108273,CPR/PFA/EFA,3,30,true,2059609,2026-09-05T09:00:00+10:00,Childcare First Aid (AM),EFA-012,1,30,29,true
has_room,SYDNEY,108274,CPR/PFA/EFA,0,30,true,2059594,2026-09-06T09:00:00+10:00,Provide CPR (AM),CPR-009,0,10,10,true
has_room,SYDNEY,108274,CPR/PFA/EFA,0,30,true,2059602,2026-09-06T09:00:00+10:00,Provide First Aid (AM),PFA-011,0,30,30,true
has_room,SYDNEY,108274,CPR/PFA/EFA,0,30,true,2059610,2026-09-06T09:00:00+10:00,Childcare First Aid (AM),EFA-012,0,30,30,true
has_room,SYDNEY,108275,CPR/PFA/EFA,1,30,true,2059595,2026-09-12T09:00:00+10:00,Provide CPR (AM),CPR-009,0,10,10,true
has_room,SYDNEY,108275,CPR/PFA/EFA,1,30,true,2059603,2026-09-12T09:00:00+10:00,Provide First Aid (AM),PFA-011,1,30,29,true
has_room,SYDNEY,108275,CPR/PFA/EFA,1,30,true,2059611,2026-09-12T09:00:00+10:00,Childcare First Aid (AM),EFA-012,0,30,30,true
has_room,SYDNEY,108276,CPR/PFA/EFA,2,30,true,2059596,2026-09-13T09:00:00+10:00,Provide CPR (AM),CPR-009,2,10,8,true
has_room,SYDNEY,108276,CPR/PFA/EFA,2,30,true,2059604,2026-09-13T09:00:00+10:00,Provide First Aid (AM),PFA-011,0,30,30,true
has_room,SYDNEY,108276,CPR/PFA/EFA,2,30,true,2059612,2026-09-13T09:00:00+10:00,Childcare First Aid (AM),EFA-012,0,30,30,true
has_room,SYDNEY,108277,CPR/PFA/EFA,1,30,true,2059597,2026-09-19T09:00:00+10:00,Provide CPR (AM),CPR-009,0,10,10,true
has_room,SYDNEY,108277,CPR/PFA/EFA,1,30,true,2059605,2026-09-19T09:00:00+10:00,Provide First Aid (AM),PFA-011,1,30,29,true
has_room,SYDNEY,108277,CPR/PFA/EFA,1,30,true,2059613,2026-09-19T09:00:00+10:00,Childcare First Aid (AM),EFA-012,0,30,30,true
has_room,SYDNEY,108278,CPR/PFA/EFA,0,30,true,2059598,2026-09-20T09:00:00+10:00,Provide CPR (AM),CPR-009,0,10,10,true
has_room,SYDNEY,108278,CPR/PFA/EFA,0,30,true,2059606,2026-09-20T09:00:00+10:00,Provide First Aid (AM),PFA-011,0,30,30,true
has_room,SYDNEY,108278,CPR/PFA/EFA,0,30,true,2059614,2026-09-20T09:00:00+10:00,Childcare First Aid (AM),EFA-012,0,30,30,true
has_room,SYDNEY,108279,CPR/PFA/EFA,2,30,true,2059599,2026-09-26T09:00:00+10:00,Provide CPR (AM),CPR-009,0,10,10,true
has_room,SYDNEY,108279,CPR/PFA/EFA,2,30,true,2059607,2026-09-26T09:00:00+10:00,Provide First Aid (AM),PFA-011,2,30,28,true
has_room,SYDNEY,108279,CPR/PFA/EFA,2,30,true,2059615,2026-09-26T09:00:00+10:00,Childcare First Aid (AM),EFA-012,0,30,30,true
has_room,SYDNEY,108280,CPR/PFA/EFA,0,30,true,2059600,2026-09-27T09:00:00+10:00,Provide CPR (AM),CPR-009,0,10,10,true
has_room,SYDNEY,108280,CPR/PFA/EFA,0,30,true,2059608,2026-09-27T09:00:00+10:00,Provide First Aid (AM),PFA-011,0,30,30,true
has_room,SYDNEY,108280,CPR/PFA/EFA,0,30,true,2059616,2026-09-27T09:00:00+10:00,Childcare First Aid (AM),EFA-012,0,30,30,true
has_room,SYDNEY,108281,CPR & PFA (AM),3,30,true,2059617,2026-09-01T09:00:00+10:00,Provide CPR (AM),CPR-009,0,12,12,true
has_room,SYDNEY,108281,CPR & PFA (AM),3,30,true,2059639,2026-09-01T09:00:00+10:00,Provide First Aid (AM),PFA-011,3,30,27,true
has_room,SYDNEY,108282,CPR & PFA (AM),9,30,true,2059618,2026-09-02T09:00:00+10:00,Provide CPR (AM),CPR-009,2,12,10,true
has_room,SYDNEY,108282,CPR & PFA (AM),9,30,true,2059640,2026-09-02T09:00:00+10:00,Provide First Aid (AM),PFA-011,7,30,23,true
has_room,SYDNEY,108283,CPR & PFA (AM),3,30,true,2059619,2026-09-03T09:00:00+10:00,Provide CPR (AM),CPR-009,2,12,10,true
has_room,SYDNEY,108283,CPR & PFA (AM),3,30,true,2059641,2026-09-03T09:00:00+10:00,Provide First Aid (AM),PFA-011,1,30,29,true
has_room,SYDNEY,108284,CPR & PFA (AM),2,30,true,2059620,2026-09-04T09:00:00+10:00,Provide CPR (AM),CPR-009,1,12,11,true
has_room,SYDNEY,108284,CPR & PFA (AM),2,30,true,2059642,2026-09-04T09:00:00+10:00,Provide First Aid (AM),PFA-011,1,30,29,true
has_room,SYDNEY,108286,CPR & PFA (AM),9,30,true,2059622,2026-09-08T09:00:00+10:00,Provide CPR (AM),CPR-009,1,12,11,true
has_room,SYDNEY,108286,CPR & PFA (AM),9,30,true,2059644,2026-09-08T09:00:00+10:00,Provide First Aid (AM),PFA-011,8,30,22,true
has_room,SYDNEY,108287,CPR & PFA (AM),4,30,true,2059623,2026-09-09T09:00:00+10:00,Provide CPR (AM),CPR-009,1,12,11,true
has_room,SYDNEY,108287,CPR & PFA (AM),4,30,true,2059645,2026-09-09T09:00:00+10:00,Provide First Aid (AM),PFA-011,3,30,27,true
has_room,SYDNEY,108288,CPR & PFA (AM),0,30,true,2059624,2026-09-10T09:00:00+10:00,Provide CPR (AM),CPR-009,0,12,12,true
has_room,SYDNEY,108288,CPR & PFA (AM),0,30,true,2059646,2026-09-10T09:00:00+10:00,Provide First Aid (AM),PFA-011,0,30,30,true
has_room,SYDNEY,108289,CPR & PFA (AM),0,30,true,2059625,2026-09-11T09:00:00+10:00,Provide CPR (AM),CPR-009,0,12,12,true
has_room,SYDNEY,108289,CPR & PFA (AM),0,30,true,2059647,2026-09-11T09:00:00+10:00,Provide First Aid (AM),PFA-011,0,30,30,true
has_room,SYDNEY,108290,CPR & PFA (AM),2,30,true,2059626,2026-09-14T09:00:00+10:00,Provide CPR (AM),CPR-009,1,12,11,true
has_room,SYDNEY,108290,CPR & PFA (AM),2,30,true,2059648,2026-09-14T09:00:00+10:00,Provide First Aid (AM),PFA-011,1,30,29,true
has_room,SYDNEY,108291,CPR & PFA (AM),1,30,true,2059627,2026-09-15T09:00:00+10:00,Provide CPR (AM),CPR-009,1,12,11,true
has_room,SYDNEY,108291,CPR & PFA (AM),1,30,true,2059649,2026-09-15T09:00:00+10:00,Provide First Aid (AM),PFA-011,0,30,30,true
has_room,SYDNEY,108292,CPR & PFA (AM),3,30,true,2059628,2026-09-16T09:00:00+10:00,Provide CPR (AM),CPR-009,2,12,10,true
has_room,SYDNEY,108292,CPR & PFA (AM),3,30,true,2059650,2026-09-16T09:00:00+10:00,Provide First Aid (AM),PFA-011,1,30,29,true
has_room,SYDNEY,108293,CPR & PFA (AM),1,30,true,2059629,2026-09-17T09:00:00+10:00,Provide CPR (AM),CPR-009,0,12,12,true
has_room,SYDNEY,108293,CPR & PFA (AM),1,30,true,2059651,2026-09-17T09:00:00+10:00,Provide First Aid (AM),PFA-011,1,30,29,true
has_room,SYDNEY,108294,CPR & PFA (AM),0,30,true,2059630,2026-09-18T09:00:00+10:00,Provide CPR (AM),CPR-009,0,12,12,true
has_room,SYDNEY,108294,CPR & PFA (AM),0,30,true,2059652,2026-09-18T09:00:00+10:00,Provide First Aid (AM),PFA-011,0,30,30,true
has_room,SYDNEY,108295,CPR & PFA (AM),0,30,true,2059631,2026-09-21T09:00:00+10:00,Provide CPR (AM),CPR-009,0,12,12,true
has_room,SYDNEY,108295,CPR & PFA (AM),0,30,true,2059653,2026-09-21T09:00:00+10:00,Provide First Aid (AM),PFA-011,0,30,30,true
has_room,SYDNEY,108296,CPR & PFA (AM),0,30,true,2059632,2026-09-22T09:00:00+10:00,Provide CPR (AM),CPR-009,0,12,12,true
has_room,SYDNEY,108296,CPR & PFA (AM),0,30,true,2059654,2026-09-22T09:00:00+10:00,Provide First Aid (AM),PFA-011,0,30,30,true
has_room,SYDNEY,108297,CPR & PFA (AM),0,30,true,2059633,2026-09-23T09:00:00+10:00,Provide CPR (AM),CPR-009,0,12,12,true
has_room,SYDNEY,108297,CPR & PFA (AM),0,30,true,2059655,2026-09-23T09:00:00+10:00,Provide First Aid (AM),PFA-011,0,30,30,true
has_room,SYDNEY,108298,CPR & PFA (AM),0,30,true,2059634,2026-09-24T09:00:00+10:00,Provide CPR (AM),CPR-009,0,12,12,true
has_room,SYDNEY,108298,CPR & PFA (AM),0,30,true,2059656,2026-09-24T09:00:00+10:00,Provide First Aid (AM),PFA-011,0,30,30,true
has_room,SYDNEY,108299,CPR & PFA (AM),0,30,true,2059635,2026-09-25T09:00:00+10:00,Provide CPR (AM),CPR-009,0,12,12,true
has_room,SYDNEY,108299,CPR & PFA (AM),0,30,true,2059657,2026-09-25T09:00:00+10:00,Provide First Aid (AM),PFA-011,0,30,30,true
has_room,SYDNEY,108300,CPR & PFA (AM),0,30,true,2059636,2026-09-28T09:00:00+10:00,Provide CPR (AM),CPR-009,0,12,12,true
has_room,SYDNEY,108300,CPR & PFA (AM),0,30,true,2059658,2026-09-28T09:00:00+10:00,Provide First Aid (AM),PFA-011,0,30,30,true
has_room,SYDNEY,108301,CPR & PFA (AM),1,30,true,2059637,2026-09-29T09:00:00+10:00,Provide CPR (AM),CPR-009,1,12,11,true
has_room,SYDNEY,108301,CPR & PFA (AM),1,30,true,2059659,2026-09-29T09:00:00+10:00,Provide First Aid (AM),PFA-011,0,30,30,true
has_room,SYDNEY,108302,CPR & PFA (AM),2,30,true,2059638,2026-09-30T09:00:00+10:00,Provide CPR (AM),CPR-009,0,12,12,true
has_room,SYDNEY,108302,CPR & PFA (AM),2,30,true,2059660,2026-09-30T09:00:00+10:00,Provide First Aid (AM),PFA-011,2,30,28,true
has_room,SYDNEY,108908,CPR & PFA (AM),0,30,true,2061564,2026-10-01T09:00:00+10:00,Provide CPR (AM),CPR-009,0,12,12,true
has_room,SYDNEY,108908,CPR & PFA (AM),0,30,true,2061586,2026-10-01T09:00:00+10:00,Provide First Aid (AM),PFA-011,0,30,30,true
has_room,SYDNEY,108909,CPR & PFA (AM),0,30,true,2061565,2026-10-02T09:00:00+10:00,Provide CPR (AM),CPR-009,0,12,12,true
has_room,SYDNEY,108909,CPR & PFA (AM),0,30,true,2061587,2026-10-02T09:00:00+10:00,Provide First Aid (AM),PFA-011,0,30,30,true
has_room,SYDNEY,108910,CPR & PFA (AM),0,30,true,2061566,2026-10-05T09:00:00+10:00,Provide CPR (AM),CPR-009,0,12,12,true
has_room,SYDNEY,108910,CPR & PFA (AM),0,30,true,2061588,2026-10-05T09:00:00+10:00,Provide First Aid (AM),PFA-011,0,30,30,true
has_room,SYDNEY,108911,CPR & PFA (AM),0,30,true,2061567,2026-10-06T09:00:00+10:00,Provide CPR (AM),CPR-009,0,12,12,true
has_room,SYDNEY,108911,CPR & PFA (AM),0,30,true,2061589,2026-10-06T09:00:00+10:00,Provide First Aid (AM),PFA-011,0,30,30,true
has_room,SYDNEY,108912,CPR & PFA (AM),0,30,true,2061568,2026-10-07T09:00:00+10:00,Provide CPR (AM),CPR-009,0,12,12,true
has_room,SYDNEY,108912,CPR & PFA (AM),0,30,true,2061590,2026-10-07T09:00:00+10:00,Provide First Aid (AM),PFA-011,0,30,30,true
has_room,SYDNEY,108913,CPR & PFA (AM),0,30,true,2061569,2026-10-08T09:00:00+10:00,Provide CPR (AM),CPR-009,0,12,12,true
has_room,SYDNEY,108913,CPR & PFA (AM),0,30,true,2061591,2026-10-08T09:00:00+10:00,Provide First Aid (AM),PFA-011,0,30,30,true
has_room,SYDNEY,108914,CPR & PFA (AM),1,30,true,2061570,2026-10-09T09:00:00+10:00,Provide CPR (AM),CPR-009,0,12,12,true
has_room,SYDNEY,108914,CPR & PFA (AM),1,30,true,2061592,2026-10-09T09:00:00+10:00,Provide First Aid (AM),PFA-011,1,30,29,true
has_room,SYDNEY,108915,CPR & PFA (AM),0,30,true,2061571,2026-10-12T09:00:00+10:00,Provide CPR (AM),CPR-009,0,12,12,true
has_room,SYDNEY,108915,CPR & PFA (AM),0,30,true,2061593,2026-10-12T09:00:00+10:00,Provide First Aid (AM),PFA-011,0,30,30,true
has_room,SYDNEY,108916,CPR & PFA (AM),0,30,true,2061572,2026-10-13T09:00:00+10:00,Provide CPR (AM),CPR-009,0,12,12,true
has_room,SYDNEY,108916,CPR & PFA (AM),0,30,true,2061594,2026-10-13T09:00:00+10:00,Provide First Aid (AM),PFA-011,0,30,30,true
has_room,SYDNEY,108917,CPR & PFA (AM),0,30,true,2061573,2026-10-14T09:00:00+10:00,Provide CPR (AM),CPR-009,0,12,12,true
has_room,SYDNEY,108917,CPR & PFA (AM),0,30,true,2061595,2026-10-14T09:00:00+10:00,Provide First Aid (AM),PFA-011,0,30,30,true
has_room,SYDNEY,108918,CPR & PFA (AM),0,30,true,2061574,2026-10-15T09:00:00+10:00,Provide CPR (AM),CPR-009,0,12,12,true
has_room,SYDNEY,108918,CPR & PFA (AM),0,30,true,2061596,2026-10-15T09:00:00+10:00,Provide First Aid (AM),PFA-011,0,30,30,true
has_room,SYDNEY,108919,CPR & PFA (AM),0,30,true,2061575,2026-10-16T09:00:00+10:00,Provide CPR (AM),CPR-009,0,12,12,true
has_room,SYDNEY,108919,CPR & PFA (AM),0,30,true,2061597,2026-10-16T09:00:00+10:00,Provide First Aid (AM),PFA-011,0,30,30,true
has_room,SYDNEY,108920,CPR & PFA (AM),0,30,true,2061576,2026-10-19T09:00:00+10:00,Provide CPR (AM),CPR-009,0,12,12,true
has_room,SYDNEY,108920,CPR & PFA (AM),0,30,true,2061598,2026-10-19T09:00:00+10:00,Provide First Aid (AM),PFA-011,0,30,30,true
has_room,SYDNEY,108921,CPR & PFA (AM),0,30,true,2061577,2026-10-20T09:00:00+10:00,Provide CPR (AM),CPR-009,0,12,12,true
has_room,SYDNEY,108921,CPR & PFA (AM),0,30,true,2061599,2026-10-20T09:00:00+10:00,Provide First Aid (AM),PFA-011,0,30,30,true
has_room,SYDNEY,108922,CPR & PFA (AM),0,30,true,2061578,2026-10-21T09:00:00+10:00,Provide CPR (AM),CPR-009,0,12,12,true
has_room,SYDNEY,108922,CPR & PFA (AM),0,30,true,2061600,2026-10-21T09:00:00+10:00,Provide First Aid (AM),PFA-011,0,30,30,true
has_room,SYDNEY,108923,CPR & PFA (AM),0,30,true,2061579,2026-10-22T09:00:00+10:00,Provide CPR (AM),CPR-009,0,12,12,true
has_room,SYDNEY,108923,CPR & PFA (AM),0,30,true,2061601,2026-10-22T09:00:00+10:00,Provide First Aid (AM),PFA-011,0,30,30,true
has_room,SYDNEY,108924,CPR & PFA (AM),1,30,true,2061580,2026-10-23T09:00:00+10:00,Provide CPR (AM),CPR-009,0,12,12,true
has_room,SYDNEY,108924,CPR & PFA (AM),1,30,true,2061602,2026-10-23T09:00:00+10:00,Provide First Aid (AM),PFA-011,1,30,29,true
has_room,SYDNEY,108925,CPR & PFA (AM),0,30,true,2061581,2026-10-26T09:00:00+10:00,Provide CPR (AM),CPR-009,0,12,12,true
has_room,SYDNEY,108925,CPR & PFA (AM),0,30,true,2061603,2026-10-26T09:00:00+10:00,Provide First Aid (AM),PFA-011,0,30,30,true
has_room,SYDNEY,108926,CPR & PFA (AM),0,30,true,2061582,2026-10-27T09:00:00+10:00,Provide CPR (AM),CPR-009,0,12,12,true
has_room,SYDNEY,108926,CPR & PFA (AM),0,30,true,2061604,2026-10-27T09:00:00+10:00,Provide First Aid (AM),PFA-011,0,30,30,true
has_room,SYDNEY,108927,CPR & PFA (AM),0,30,true,2061583,2026-10-28T09:00:00+10:00,Provide CPR (AM),CPR-009,0,12,12,true
has_room,SYDNEY,108927,CPR & PFA (AM),0,30,true,2061605,2026-10-28T09:00:00+10:00,Provide First Aid (AM),PFA-011,0,30,30,true
has_room,SYDNEY,108928,CPR & PFA (AM),0,30,true,2061584,2026-10-29T09:00:00+10:00,Provide CPR (AM),CPR-009,0,12,12,true
has_room,SYDNEY,108928,CPR & PFA (AM),0,30,true,2061606,2026-10-29T09:00:00+10:00,Provide First Aid (AM),PFA-011,0,30,30,true
has_room,SYDNEY,108929,CPR & PFA (AM),0,30,true,2061585,2026-10-30T09:00:00+10:00,Provide CPR (AM),CPR-009,0,12,12,true
has_room,SYDNEY,108929,CPR & PFA (AM),0,30,true,2061607,2026-10-30T09:00:00+10:00,Provide First Aid (AM),PFA-011,0,30,30,true
has_room,SYDNEY,108930,CPR/PFA/EFA,1,30,true,2061608,2026-10-03T09:00:00+10:00,Provide CPR (AM),CPR-009,0,10,10,true
has_room,SYDNEY,108930,CPR/PFA/EFA,1,30,true,2061616,2026-10-03T09:00:00+10:00,Provide First Aid (AM),PFA-011,1,30,29,true
has_room,SYDNEY,108930,CPR/PFA/EFA,1,30,true,2061624,2026-10-03T09:00:00+10:00,Childcare First Aid (AM),EFA-012,0,30,30,true
has_room,SYDNEY,108931,CPR/PFA/EFA,1,30,true,2061609,2026-10-10T09:00:00+10:00,Provide CPR (AM),CPR-009,1,10,9,true
has_room,SYDNEY,108931,CPR/PFA/EFA,1,30,true,2061617,2026-10-10T09:00:00+10:00,Provide First Aid (AM),PFA-011,0,30,30,true
has_room,SYDNEY,108931,CPR/PFA/EFA,1,30,true,2061625,2026-10-10T09:00:00+10:00,Childcare First Aid (AM),EFA-012,0,30,30,true
has_room,SYDNEY,108932,CPR/PFA/EFA,0,30,true,2061610,2026-10-11T09:00:00+10:00,Provide CPR (AM),CPR-009,0,10,10,true
has_room,SYDNEY,108932,CPR/PFA/EFA,0,30,true,2061618,2026-10-11T09:00:00+10:00,Provide First Aid (AM),PFA-011,0,30,30,true
has_room,SYDNEY,108932,CPR/PFA/EFA,0,30,true,2061626,2026-10-11T09:00:00+10:00,Childcare First Aid (AM),EFA-012,0,30,30,true
has_room,SYDNEY,108933,CPR/PFA/EFA,0,30,true,2061611,2026-10-17T09:00:00+10:00,Provide CPR (AM),CPR-009,0,10,10,true
has_room,SYDNEY,108933,CPR/PFA/EFA,0,30,true,2061619,2026-10-17T09:00:00+10:00,Provide First Aid (AM),PFA-011,0,30,30,true
has_room,SYDNEY,108933,CPR/PFA/EFA,0,30,true,2061627,2026-10-17T09:00:00+10:00,Childcare First Aid (AM),EFA-012,0,30,30,true
has_room,SYDNEY,108934,CPR/PFA/EFA,0,30,true,2061612,2026-10-18T09:00:00+10:00,Provide CPR (AM),CPR-009,0,10,10,true
has_room,SYDNEY,108934,CPR/PFA/EFA,0,30,true,2061620,2026-10-18T09:00:00+10:00,Provide First Aid (AM),PFA-011,0,30,30,true
has_room,SYDNEY,108934,CPR/PFA/EFA,0,30,true,2061628,2026-10-18T09:00:00+10:00,Childcare First Aid (AM),EFA-012,0,30,30,true
has_room,SYDNEY,108935,CPR/PFA/EFA,0,30,true,2061613,2026-10-24T09:00:00+10:00,Provide CPR (AM),CPR-009,0,10,10,true
has_room,SYDNEY,108935,CPR/PFA/EFA,0,30,true,2061621,2026-10-24T09:00:00+10:00,Provide First Aid (AM),PFA-011,0,30,30,true
has_room,SYDNEY,108935,CPR/PFA/EFA,0,30,true,2061629,2026-10-24T09:00:00+10:00,Childcare First Aid (AM),EFA-012,0,30,30,true
has_room,SYDNEY,108936,CPR/PFA/EFA,0,30,true,2061614,2026-10-25T09:00:00+10:00,Provide CPR (AM),CPR-009,0,10,10,true
has_room,SYDNEY,108936,CPR/PFA/EFA,0,30,true,2061622,2026-10-25T09:00:00+10:00,Provide First Aid (AM),PFA-011,0,30,30,true
has_room,SYDNEY,108936,CPR/PFA/EFA,0,30,true,2061630,2026-10-25T09:00:00+10:00,Childcare First Aid (AM),EFA-012,0,30,30,true
has_room,SYDNEY,108937,CPR/PFA/EFA,0,30,true,2061615,2026-10-31T09:00:00+10:00,Provide CPR (AM),CPR-009,0,10,10,true
has_room,SYDNEY,108937,CPR/PFA/EFA,0,30,true,2061623,2026-10-31T09:00:00+10:00,Provide First Aid (AM),PFA-011,0,30,30,true
has_room,SYDNEY,108937,CPR/PFA/EFA,0,30,true,2061631,2026-10-31T09:00:00+10:00,Childcare First Aid (AM),EFA-012,0,30,30,true
has_room,TOOWOOMBA,107114,CPR/PFA/EFA,19,30,true,2056120,2026-08-29T09:00:00+10:00,Provide CPR (AM),CPR-009,3,10,7,true
has_room,TOOWOOMBA,107114,CPR/PFA/EFA,19,30,true,2056129,2026-08-29T09:00:00+10:00,Provide First Aid (AM),PFA-011,13,30,17,true
has_room,TOOWOOMBA,107114,CPR/PFA/EFA,19,30,true,2056138,2026-08-29T09:00:00+10:00,Childcare First Aid (AM),EFA-012,3,30,27,true
has_room,TOOWOOMBA,107131,CPR & PFA (AM),16,30,true,2056155,2026-08-28T09:00:00+10:00,Provide CPR (AM),CPR-009,7,10,3,true
has_room,TOOWOOMBA,107131,CPR & PFA (AM),16,30,true,2056172,2026-08-28T09:00:00+10:00,Provide First Aid (AM),PFA-011,9,30,21,true
has_room,TOOWOOMBA,107132,CPR & PFA (AM),8,30,true,2056156,2026-08-31T09:00:00+10:00,Provide CPR (AM),CPR-009,3,10,7,true
has_room,TOOWOOMBA,107132,CPR & PFA (AM),8,30,true,2056173,2026-08-31T09:00:00+10:00,Provide First Aid (AM),PFA-011,5,30,25,true
has_room,TOOWOOMBA,108043,CPR/PFA/EFA,1,30,true,2058904,2026-09-05T09:00:00+10:00,Provide CPR (AM),CPR-009,0,10,10,true
has_room,TOOWOOMBA,108043,CPR/PFA/EFA,1,30,true,2058911,2026-09-05T09:00:00+10:00,Provide First Aid (AM),PFA-011,1,30,29,true
has_room,TOOWOOMBA,108043,CPR/PFA/EFA,1,30,true,2058918,2026-09-05T09:00:00+10:00,Childcare First Aid (AM),EFA-012,0,30,30,true
has_room,TOOWOOMBA,108044,CPR/PFA/EFA,1,30,true,2058905,2026-09-06T09:00:00+10:00,Provide CPR (AM),CPR-009,0,10,10,true
has_room,TOOWOOMBA,108044,CPR/PFA/EFA,1,30,true,2058912,2026-09-06T09:00:00+10:00,Provide First Aid (AM),PFA-011,1,30,29,true
has_room,TOOWOOMBA,108044,CPR/PFA/EFA,1,30,true,2058919,2026-09-06T09:00:00+10:00,Childcare First Aid (AM),EFA-012,0,30,30,true
has_room,TOOWOOMBA,108045,CPR/PFA/EFA,1,30,true,2058906,2026-09-12T09:00:00+10:00,Provide CPR (AM),CPR-009,1,10,9,true
has_room,TOOWOOMBA,108045,CPR/PFA/EFA,1,30,true,2058913,2026-09-12T09:00:00+10:00,Provide First Aid (AM),PFA-011,0,30,30,true
has_room,TOOWOOMBA,108045,CPR/PFA/EFA,1,30,true,2058920,2026-09-12T09:00:00+10:00,Childcare First Aid (AM),EFA-012,0,30,30,true
has_room,TOOWOOMBA,108046,CPR/PFA/EFA,3,30,true,2058907,2026-09-19T09:00:00+10:00,Provide CPR (AM),CPR-009,0,10,10,true
has_room,TOOWOOMBA,108046,CPR/PFA/EFA,3,30,true,2058914,2026-09-19T09:00:00+10:00,Provide First Aid (AM),PFA-011,2,30,28,true
has_room,TOOWOOMBA,108046,CPR/PFA/EFA,3,30,true,2058921,2026-09-19T09:00:00+10:00,Childcare First Aid (AM),EFA-012,1,30,29,true
has_room,TOOWOOMBA,108047,CPR/PFA/EFA,0,30,true,2058908,2026-09-20T09:00:00+10:00,Provide CPR (AM),CPR-009,0,10,10,true
has_room,TOOWOOMBA,108047,CPR/PFA/EFA,0,30,true,2058915,2026-09-20T09:00:00+10:00,Provide First Aid (AM),PFA-011,0,30,30,true
has_room,TOOWOOMBA,108047,CPR/PFA/EFA,0,30,true,2058922,2026-09-20T09:00:00+10:00,Childcare First Aid (AM),EFA-012,0,30,30,true
has_room,TOOWOOMBA,108048,CPR/PFA/EFA,0,30,true,2058909,2026-09-26T09:00:00+10:00,Provide CPR (AM),CPR-009,0,10,10,true
has_room,TOOWOOMBA,108048,CPR/PFA/EFA,0,30,true,2058916,2026-09-26T09:00:00+10:00,Provide First Aid (AM),PFA-011,0,30,30,true
has_room,TOOWOOMBA,108048,CPR/PFA/EFA,0,30,true,2058923,2026-09-26T09:00:00+10:00,Childcare First Aid (AM),EFA-012,0,30,30,true
has_room,TOOWOOMBA,108049,CPR/PFA/EFA,0,30,true,2058910,2026-09-27T09:00:00+10:00,Provide CPR (AM),CPR-009,0,10,10,true
has_room,TOOWOOMBA,108049,CPR/PFA/EFA,0,30,true,2058917,2026-09-27T09:00:00+10:00,Provide First Aid (AM),PFA-011,0,30,30,true
has_room,TOOWOOMBA,108049,CPR/PFA/EFA,0,30,true,2058924,2026-09-27T09:00:00+10:00,Childcare First Aid (AM),EFA-012,0,30,30,true
has_room,TOOWOOMBA,108050,CPR & PFA (AM),6,30,true,2058925,2026-09-01T09:00:00+10:00,Provide CPR (AM),CPR-009,5,10,5,true
has_room,TOOWOOMBA,108050,CPR & PFA (AM),6,30,true,2058943,2026-09-01T09:00:00+10:00,Provide First Aid (AM),PFA-011,1,30,29,true
has_room,TOOWOOMBA,108051,CPR & PFA (AM),11,30,true,2058926,2026-09-02T09:00:00+10:00,Provide CPR (AM),CPR-009,1,10,9,true
has_room,TOOWOOMBA,108051,CPR & PFA (AM),11,30,true,2058944,2026-09-02T09:00:00+10:00,Provide First Aid (AM),PFA-011,10,30,20,true
has_room,TOOWOOMBA,108052,CPR & PFA (AM),8,30,true,2058927,2026-09-04T09:00:00+10:00,Provide CPR (AM),CPR-009,2,10,8,true
has_room,TOOWOOMBA,108052,CPR & PFA (AM),8,30,true,2058945,2026-09-04T09:00:00+10:00,Provide First Aid (AM),PFA-011,6,30,24,true
has_room,TOOWOOMBA,108053,CPR & PFA (AM),4,30,true,2058928,2026-09-07T09:00:00+10:00,Provide CPR (AM),CPR-009,3,10,7,true
has_room,TOOWOOMBA,108053,CPR & PFA (AM),4,30,true,2058946,2026-09-07T09:00:00+10:00,Provide First Aid (AM),PFA-011,1,30,29,true
has_room,TOOWOOMBA,108054,CPR & PFA (AM),3,30,true,2058929,2026-09-08T09:00:00+10:00,Provide CPR (AM),CPR-009,0,10,10,true
has_room,TOOWOOMBA,108054,CPR & PFA (AM),3,30,true,2058947,2026-09-08T09:00:00+10:00,Provide First Aid (AM),PFA-011,3,30,27,true
has_room,TOOWOOMBA,108055,CPR & PFA (AM),3,30,true,2058930,2026-09-10T09:00:00+10:00,Provide CPR (AM),CPR-009,1,10,9,true
has_room,TOOWOOMBA,108055,CPR & PFA (AM),3,30,true,2058948,2026-09-10T09:00:00+10:00,Provide First Aid (AM),PFA-011,2,30,28,true
has_room,TOOWOOMBA,108056,CPR & PFA (AM),2,30,true,2058931,2026-09-11T09:00:00+10:00,Provide CPR (AM),CPR-009,0,10,10,true
has_room,TOOWOOMBA,108056,CPR & PFA (AM),2,30,true,2058949,2026-09-11T09:00:00+10:00,Provide First Aid (AM),PFA-011,2,30,28,true
has_room,TOOWOOMBA,108057,CPR & PFA (AM),0,30,true,2058932,2026-09-14T09:00:00+10:00,Provide CPR (AM),CPR-009,0,10,10,true
has_room,TOOWOOMBA,108057,CPR & PFA (AM),0,30,true,2058950,2026-09-14T09:00:00+10:00,Provide First Aid (AM),PFA-011,0,30,30,true
has_room,TOOWOOMBA,108058,CPR & PFA (AM),2,30,true,2058933,2026-09-15T09:00:00+10:00,Provide CPR (AM),CPR-009,0,10,10,true
has_room,TOOWOOMBA,108058,CPR & PFA (AM),2,30,true,2058951,2026-09-15T09:00:00+10:00,Provide First Aid (AM),PFA-011,2,30,28,true
has_room,TOOWOOMBA,108059,CPR & PFA (AM),3,30,true,2058934,2026-09-17T09:00:00+10:00,Provide CPR (AM),CPR-009,3,10,7,true
has_room,TOOWOOMBA,108059,CPR & PFA (AM),3,30,true,2058952,2026-09-17T09:00:00+10:00,Provide First Aid (AM),PFA-011,0,30,30,true
has_room,TOOWOOMBA,108060,CPR & PFA (AM),2,30,true,2058935,2026-09-18T09:00:00+10:00,Provide CPR (AM),CPR-009,1,10,9,true
has_room,TOOWOOMBA,108060,CPR & PFA (AM),2,30,true,2058953,2026-09-18T09:00:00+10:00,Provide First Aid (AM),PFA-011,1,30,29,true
has_room,TOOWOOMBA,108061,CPR & PFA (AM),0,30,true,2058936,2026-09-21T09:00:00+10:00,Provide CPR (AM),CPR-009,0,10,10,true
has_room,TOOWOOMBA,108061,CPR & PFA (AM),0,30,true,2058954,2026-09-21T09:00:00+10:00,Provide First Aid (AM),PFA-011,0,30,30,true
has_room,TOOWOOMBA,108062,CPR & PFA (AM),0,30,true,2058937,2026-09-22T09:00:00+10:00,Provide CPR (AM),CPR-009,0,10,10,true
has_room,TOOWOOMBA,108062,CPR & PFA (AM),0,30,true,2058955,2026-09-22T09:00:00+10:00,Provide First Aid (AM),PFA-011,0,30,30,true
has_room,TOOWOOMBA,108063,CPR & PFA (AM),2,30,true,2058938,2026-09-23T09:00:00+10:00,Provide CPR (AM),CPR-009,1,10,9,true
has_room,TOOWOOMBA,108063,CPR & PFA (AM),2,30,true,2058956,2026-09-23T09:00:00+10:00,Provide First Aid (AM),PFA-011,1,30,29,true
has_room,TOOWOOMBA,108064,CPR & PFA (AM),0,30,true,2058939,2026-09-25T09:00:00+10:00,Provide CPR (AM),CPR-009,0,10,10,true
has_room,TOOWOOMBA,108064,CPR & PFA (AM),0,30,true,2058957,2026-09-25T09:00:00+10:00,Provide First Aid (AM),PFA-011,0,30,30,true
has_room,TOOWOOMBA,108065,CPR & PFA (AM),0,30,true,2058940,2026-09-28T09:00:00+10:00,Provide CPR (AM),CPR-009,0,10,10,true
has_room,TOOWOOMBA,108065,CPR & PFA (AM),0,30,true,2058958,2026-09-28T09:00:00+10:00,Provide First Aid (AM),PFA-011,0,30,30,true
has_room,TOOWOOMBA,108066,CPR & PFA (AM),0,30,true,2058941,2026-09-29T09:00:00+10:00,Provide CPR (AM),CPR-009,0,10,10,true
has_room,TOOWOOMBA,108066,CPR & PFA (AM),0,30,true,2058959,2026-09-29T09:00:00+10:00,Provide First Aid (AM),PFA-011,0,30,30,true
has_room,TOOWOOMBA,108067,CPR & PFA (AM),1,30,true,2058942,2026-09-30T09:00:00+10:00,Provide CPR (AM),CPR-009,1,10,9,true
has_room,TOOWOOMBA,108067,CPR & PFA (AM),1,30,true,2058960,2026-09-30T09:00:00+10:00,Provide First Aid (AM),PFA-011,0,30,30,true
has_room,TOOWOOMBA,109606,CPR & PFA (AM),0,30,true,2063616,2026-10-02T09:00:00+10:00,Provide CPR (AM),CPR-009,0,10,10,true
has_room,TOOWOOMBA,109606,CPR & PFA (AM),0,30,true,2063633,2026-10-02T09:00:00+10:00,Provide First Aid (AM),PFA-011,0,30,30,true
has_room,TOOWOOMBA,109607,CPR & PFA (AM),0,30,true,2063617,2026-10-05T09:00:00+10:00,Provide CPR (AM),CPR-009,0,10,10,true
has_room,TOOWOOMBA,109607,CPR & PFA (AM),0,30,true,2063634,2026-10-05T09:00:00+10:00,Provide First Aid (AM),PFA-011,0,30,30,true
has_room,TOOWOOMBA,109608,CPR & PFA (AM),0,30,true,2063618,2026-10-06T09:00:00+10:00,Provide CPR (AM),CPR-009,0,10,10,true
has_room,TOOWOOMBA,109608,CPR & PFA (AM),0,30,true,2063635,2026-10-06T09:00:00+10:00,Provide First Aid (AM),PFA-011,0,30,30,true
has_room,TOOWOOMBA,109609,CPR & PFA (AM),0,30,true,2063619,2026-10-08T09:00:00+10:00,Provide CPR (AM),CPR-009,0,10,10,true
has_room,TOOWOOMBA,109609,CPR & PFA (AM),0,30,true,2063636,2026-10-08T09:00:00+10:00,Provide First Aid (AM),PFA-011,0,30,30,true
has_room,TOOWOOMBA,109610,CPR & PFA (AM),0,30,true,2063620,2026-10-09T09:00:00+10:00,Provide CPR (AM),CPR-009,0,10,10,true
has_room,TOOWOOMBA,109610,CPR & PFA (AM),0,30,true,2063637,2026-10-09T09:00:00+10:00,Provide First Aid (AM),PFA-011,0,30,30,true
has_room,TOOWOOMBA,109611,CPR & PFA (AM),0,30,true,2063621,2026-10-12T09:00:00+10:00,Provide CPR (AM),CPR-009,0,10,10,true
has_room,TOOWOOMBA,109611,CPR & PFA (AM),0,30,true,2063638,2026-10-12T09:00:00+10:00,Provide First Aid (AM),PFA-011,0,30,30,true
has_room,TOOWOOMBA,109612,CPR & PFA (AM),0,30,true,2063622,2026-10-13T09:00:00+10:00,Provide CPR (AM),CPR-009,0,10,10,true
has_room,TOOWOOMBA,109612,CPR & PFA (AM),0,30,true,2063639,2026-10-13T09:00:00+10:00,Provide First Aid (AM),PFA-011,0,30,30,true
has_room,TOOWOOMBA,109614,CPR & PFA (AM),0,30,true,2063624,2026-10-16T09:00:00+10:00,Provide CPR (AM),CPR-009,0,10,10,true
has_room,TOOWOOMBA,109614,CPR & PFA (AM),0,30,true,2063641,2026-10-16T09:00:00+10:00,Provide First Aid (AM),PFA-011,0,30,30,true
has_room,TOOWOOMBA,109615,CPR & PFA (AM),0,30,true,2063625,2026-10-19T09:00:00+10:00,Provide CPR (AM),CPR-009,0,10,10,true
has_room,TOOWOOMBA,109615,CPR & PFA (AM),0,30,true,2063642,2026-10-19T09:00:00+10:00,Provide First Aid (AM),PFA-011,0,30,30,true
has_room,TOOWOOMBA,109616,CPR & PFA (AM),0,30,true,2063626,2026-10-20T09:00:00+10:00,Provide CPR (AM),CPR-009,0,10,10,true
has_room,TOOWOOMBA,109616,CPR & PFA (AM),0,30,true,2063643,2026-10-20T09:00:00+10:00,Provide First Aid (AM),PFA-011,0,30,30,true
has_room,TOOWOOMBA,109617,CPR & PFA (AM),0,30,true,2063627,2026-10-21T09:00:00+10:00,Provide CPR (AM),CPR-009,0,10,10,true
has_room,TOOWOOMBA,109617,CPR & PFA (AM),0,30,true,2063644,2026-10-21T09:00:00+10:00,Provide First Aid (AM),PFA-011,0,30,30,true
has_room,TOOWOOMBA,109618,CPR & PFA (AM),1,30,true,2063628,2026-10-23T09:00:00+10:00,Provide CPR (AM),CPR-009,0,10,10,true
has_room,TOOWOOMBA,109618,CPR & PFA (AM),1,30,true,2063645,2026-10-23T09:00:00+10:00,Provide First Aid (AM),PFA-011,1,30,29,true
has_room,TOOWOOMBA,109619,CPR & PFA (AM),0,30,true,2063629,2026-10-26T09:00:00+10:00,Provide CPR (AM),CPR-009,0,10,10,true
has_room,TOOWOOMBA,109619,CPR & PFA (AM),0,30,true,2063646,2026-10-26T09:00:00+10:00,Provide First Aid (AM),PFA-011,0,30,30,true
has_room,TOOWOOMBA,109620,CPR & PFA (AM),0,30,true,2063630,2026-10-27T09:00:00+10:00,Provide CPR (AM),CPR-009,0,10,10,true
has_room,TOOWOOMBA,109620,CPR & PFA (AM),0,30,true,2063647,2026-10-27T09:00:00+10:00,Provide First Aid (AM),PFA-011,0,30,30,true
has_room,TOOWOOMBA,109621,CPR & PFA (AM),0,30,true,2063631,2026-10-28T09:00:00+10:00,Provide CPR (AM),CPR-009,0,10,10,true
has_room,TOOWOOMBA,109621,CPR & PFA (AM),0,30,true,2063648,2026-10-28T09:00:00+10:00,Provide First Aid (AM),PFA-011,0,30,30,true
has_room,TOOWOOMBA,109622,CPR & PFA (AM),0,30,true,2063632,2026-10-30T09:00:00+10:00,Provide CPR (AM),CPR-009,0,10,10,true
has_room,TOOWOOMBA,109622,CPR & PFA (AM),0,30,true,2063649,2026-10-30T09:00:00+10:00,Provide First Aid (AM),PFA-011,0,30,30,true
has_room,TOOWOOMBA,109623,CPR/PFA/EFA,0,30,true,2063667,2026-10-03T09:00:00+10:00,Provide CPR (AM),CPR-009,0,10,10,true
has_room,TOOWOOMBA,109623,CPR/PFA/EFA,0,30,true,2063675,2026-10-03T09:00:00+10:00,Provide First Aid (AM),PFA-011,0,30,30,true
has_room,TOOWOOMBA,109623,CPR/PFA/EFA,0,30,true,2063683,2026-10-03T09:00:00+10:00,Childcare First Aid (AM),EFA-012,0,30,30,true
has_room,TOOWOOMBA,109624,CPR/PFA/EFA,0,30,true,2063668,2026-10-04T09:00:00+10:00,Provide CPR (AM),CPR-009,0,10,10,true
has_room,TOOWOOMBA,109624,CPR/PFA/EFA,0,30,true,2063676,2026-10-04T09:00:00+10:00,Provide First Aid (AM),PFA-011,0,30,30,true
has_room,TOOWOOMBA,109624,CPR/PFA/EFA,0,30,true,2063684,2026-10-04T09:00:00+10:00,Childcare First Aid (AM),EFA-012,0,30,30,true
has_room,TOOWOOMBA,109625,CPR/PFA/EFA,0,30,true,2063669,2026-10-10T09:00:00+10:00,Provide CPR (AM),CPR-009,0,10,10,true
has_room,TOOWOOMBA,109625,CPR/PFA/EFA,0,30,true,2063677,2026-10-10T09:00:00+10:00,Provide First Aid (AM),PFA-011,0,30,30,true
has_room,TOOWOOMBA,109625,CPR/PFA/EFA,0,30,true,2063685,2026-10-10T09:00:00+10:00,Childcare First Aid (AM),EFA-012,0,30,30,true
has_room,TOOWOOMBA,109626,CPR/PFA/EFA,0,30,true,2063670,2026-10-17T09:00:00+10:00,Provide CPR (AM),CPR-009,0,10,10,true
has_room,TOOWOOMBA,109626,CPR/PFA/EFA,0,30,true,2063678,2026-10-17T09:00:00+10:00,Provide First Aid (AM),PFA-011,0,30,30,true
has_room,TOOWOOMBA,109626,CPR/PFA/EFA,0,30,true,2063686,2026-10-17T09:00:00+10:00,Childcare First Aid (AM),EFA-012,0,30,30,true
has_room,TOOWOOMBA,109627,CPR/PFA/EFA,0,30,true,2063671,2026-10-18T09:00:00+10:00,Provide CPR (AM),CPR-009,0,10,10,true
has_room,TOOWOOMBA,109627,CPR/PFA/EFA,0,30,true,2063679,2026-10-18T09:00:00+10:00,Provide First Aid (AM),PFA-011,0,30,30,true
has_room,TOOWOOMBA,109627,CPR/PFA/EFA,0,30,true,2063687,2026-10-18T09:00:00+10:00,Childcare First Aid (AM),EFA-012,0,30,30,true
has_room,TOOWOOMBA,109628,CPR/PFA/EFA,0,30,true,2063672,2026-10-24T09:00:00+10:00,Provide CPR (AM),CPR-009,0,10,10,true
has_room,TOOWOOMBA,109628,CPR/PFA/EFA,0,30,true,2063680,2026-10-24T09:00:00+10:00,Provide First Aid (AM),PFA-011,0,30,30,true
has_room,TOOWOOMBA,109628,CPR/PFA/EFA,0,30,true,2063688,2026-10-24T09:00:00+10:00,Childcare First Aid (AM),EFA-012,0,30,30,true
has_room,TOOWOOMBA,109629,CPR/PFA/EFA,0,30,true,2063673,2026-10-25T09:00:00+10:00,Provide CPR (AM),CPR-009,0,10,10,true
has_room,TOOWOOMBA,109629,CPR/PFA/EFA,0,30,true,2063681,2026-10-25T09:00:00+10:00,Provide First Aid (AM),PFA-011,0,30,30,true
has_room,TOOWOOMBA,109629,CPR/PFA/EFA,0,30,true,2063689,2026-10-25T09:00:00+10:00,Childcare First Aid (AM),EFA-012,0,30,30,true
has_room,TOOWOOMBA,109630,CPR/PFA/EFA,0,30,true,2063674,2026-10-31T09:00:00+10:00,Provide CPR (AM),CPR-009,0,10,10,true
has_room,TOOWOOMBA,109630,CPR/PFA/EFA,0,30,true,2063682,2026-10-31T09:00:00+10:00,Provide First Aid (AM),PFA-011,0,30,30,true
has_room,TOOWOOMBA,109630,CPR/PFA/EFA,0,30,true,2063690,2026-10-31T09:00:00+10:00,Childcare First Aid (AM),EFA-012,0,30,30,true
has_room,TOOWOOMBA,109733,CPR & PFA (AM),0,30,true,2064013,2026-10-14T09:00:00+10:00,Provide CPR (AM),CPR-009,0,10,10,true
has_room,TOOWOOMBA,109733,CPR & PFA (AM),0,30,true,2064014,2026-10-14T09:00:00+10:00,Provide First Aid (AM),PFA-011,0,30,30,true
has_room,TOWNSVILLE,107228,CPR/PFA/EFA,7,24,true,2056456,2026-08-29T09:00:00+10:00,Provide CPR (AM),CPR-009,1,10,9,true
has_room,TOWNSVILLE,107228,CPR/PFA/EFA,7,24,true,2056466,2026-08-29T09:00:00+10:00,Provide First Aid (AM),PFA-011,6,24,18,true
has_room,TOWNSVILLE,107228,CPR/PFA/EFA,7,24,true,2056476,2026-08-29T09:00:00+10:00,Childcare First Aid (AM),EFA-012,0,24,24,true
has_room,TOWNSVILLE,107229,CPR/PFA/EFA,4,24,true,2056457,2026-08-30T09:00:00+10:00,Provide CPR (AM),CPR-009,2,10,8,true
has_room,TOWNSVILLE,107229,CPR/PFA/EFA,4,24,true,2056467,2026-08-30T09:00:00+10:00,Provide First Aid (AM),PFA-011,2,24,22,true
has_room,TOWNSVILLE,107248,CPR & PFA (AM),10,24,true,2056496,2026-08-27T09:00:00+10:00,Provide CPR (AM),CPR-009,3,10,7,true
has_room,TOWNSVILLE,107248,CPR & PFA (AM),10,24,true,2056517,2026-08-27T09:00:00+10:00,Provide First Aid (AM),PFA-011,7,24,17,true
has_room,TOWNSVILLE,107249,CPR & PFA (AM),11,24,true,2056497,2026-08-28T09:30:00+10:00,Provide CPR (AM),CPR-009,6,10,4,true
has_room,TOWNSVILLE,107249,CPR & PFA (AM),11,24,true,2056518,2026-08-28T09:30:00+10:00,Provide First Aid (AM),PFA-011,5,24,19,true
has_room,TOWNSVILLE,107250,CPR & PFA (AM),9,24,true,2056498,2026-08-31T09:00:00+10:00,Provide CPR (AM),CPR-009,0,10,10,true
has_room,TOWNSVILLE,107250,CPR & PFA (AM),9,24,true,2056519,2026-08-31T09:00:00+10:00,Provide First Aid (AM),PFA-011,9,24,15,true
has_room,TOWNSVILLE,108152,CPR/PFA/EFA,3,24,true,2059228,2026-09-05T09:00:00+10:00,Provide CPR (AM),CPR-009,0,10,10,true
has_room,TOWNSVILLE,108152,CPR/PFA/EFA,3,24,true,2059234,2026-09-05T09:00:00+10:00,Provide First Aid (AM),PFA-011,2,24,22,true
has_room,TOWNSVILLE,108152,CPR/PFA/EFA,3,24,true,2059240,2026-09-05T09:00:00+10:00,Childcare First Aid (AM),EFA-012,1,24,23,true
has_room,TOWNSVILLE,108153,CPR/PFA/EFA,1,24,true,2059229,2026-09-12T09:00:00+10:00,Provide CPR (AM),CPR-009,0,10,10,true
has_room,TOWNSVILLE,108153,CPR/PFA/EFA,1,24,true,2059235,2026-09-12T09:00:00+10:00,Provide First Aid (AM),PFA-011,0,24,24,true
has_room,TOWNSVILLE,108153,CPR/PFA/EFA,1,24,true,2059241,2026-09-12T09:00:00+10:00,Childcare First Aid (AM),EFA-012,1,24,23,true
has_room,TOWNSVILLE,108154,CPR/PFA/EFA,1,24,true,2059230,2026-09-13T09:00:00+10:00,Provide CPR (AM),CPR-009,1,10,9,true
has_room,TOWNSVILLE,108154,CPR/PFA/EFA,1,24,true,2059236,2026-09-13T09:00:00+10:00,Provide First Aid (AM),PFA-011,0,24,24,true
has_room,TOWNSVILLE,108154,CPR/PFA/EFA,1,24,true,2059242,2026-09-13T09:00:00+10:00,Childcare First Aid (AM),EFA-012,0,24,24,true
has_room,TOWNSVILLE,108155,CPR/PFA/EFA,0,24,true,2059231,2026-09-19T09:00:00+10:00,Provide CPR (AM),CPR-009,0,10,10,true
has_room,TOWNSVILLE,108155,CPR/PFA/EFA,0,24,true,2059237,2026-09-19T09:00:00+10:00,Provide First Aid (AM),PFA-011,0,24,24,true
has_room,TOWNSVILLE,108155,CPR/PFA/EFA,0,24,true,2059243,2026-09-19T09:00:00+10:00,Childcare First Aid (AM),EFA-012,0,24,24,true
has_room,TOWNSVILLE,108156,CPR/PFA/EFA,0,24,true,2059232,2026-09-20T09:00:00+10:00,Provide CPR (AM),CPR-009,0,10,10,true
has_room,TOWNSVILLE,108156,CPR/PFA/EFA,0,24,true,2059238,2026-09-20T09:00:00+10:00,Provide First Aid (AM),PFA-011,0,24,24,true
has_room,TOWNSVILLE,108156,CPR/PFA/EFA,0,24,true,2059244,2026-09-20T09:00:00+10:00,Childcare First Aid (AM),EFA-012,0,24,24,true
has_room,TOWNSVILLE,108157,CPR/PFA/EFA,1,24,true,2059233,2026-09-26T09:00:00+10:00,Provide CPR (AM),CPR-009,0,10,10,true
has_room,TOWNSVILLE,108157,CPR/PFA/EFA,1,24,true,2059239,2026-09-26T09:00:00+10:00,Provide First Aid (AM),PFA-011,1,24,23,true
has_room,TOWNSVILLE,108157,CPR/PFA/EFA,1,24,true,2059245,2026-09-26T09:00:00+10:00,Childcare First Aid (AM),EFA-012,0,24,24,true
over_cap,TOWNSVILLE,108158,CPR & PFA (AM),25,24,true,2059246,2026-09-01T09:00:00+10:00,Provide CPR (AM),CPR-009,8,10,2,true
over_cap,TOWNSVILLE,108158,CPR & PFA (AM),25,24,true,2059266,2026-09-01T09:00:00+10:00,Provide First Aid (AM),PFA-011,17,24,7,true
has_room,TOWNSVILLE,108159,CPR & PFA (AM),6,24,true,2059247,2026-09-03T09:00:00+10:00,Provide CPR (AM),CPR-009,1,10,9,true
has_room,TOWNSVILLE,108159,CPR & PFA (AM),6,24,true,2059267,2026-09-03T09:00:00+10:00,Provide First Aid (AM),PFA-011,5,24,19,true
has_room,TOWNSVILLE,108160,CPR & PFA (AM),4,24,true,2059248,2026-09-04T09:00:00+10:00,Provide CPR (AM),CPR-009,2,10,8,true
has_room,TOWNSVILLE,108160,CPR & PFA (AM),4,24,true,2059268,2026-09-04T09:00:00+10:00,Provide First Aid (AM),PFA-011,2,24,22,true
has_room,TOWNSVILLE,108161,CPR & PFA (AM),2,24,true,2059249,2026-09-07T09:00:00+10:00,Provide CPR (AM),CPR-009,0,10,10,true
has_room,TOWNSVILLE,108161,CPR & PFA (AM),2,24,true,2059269,2026-09-07T09:00:00+10:00,Provide First Aid (AM),PFA-011,2,24,22,true
has_room,TOWNSVILLE,108162,CPR & PFA (AM),4,24,true,2059250,2026-09-08T09:00:00+10:00,Provide CPR (AM),CPR-009,2,10,8,true
has_room,TOWNSVILLE,108162,CPR & PFA (AM),4,24,true,2059270,2026-09-08T09:00:00+10:00,Provide First Aid (AM),PFA-011,2,24,22,true
has_room,TOWNSVILLE,108163,CPR & PFA (AM),0,24,true,2059251,2026-09-09T09:00:00+10:00,Provide CPR (AM),CPR-009,0,10,10,true
has_room,TOWNSVILLE,108163,CPR & PFA (AM),0,24,true,2059271,2026-09-09T09:00:00+10:00,Provide First Aid (AM),PFA-011,0,24,24,true
has_room,TOWNSVILLE,108164,CPR & PFA (AM),1,24,true,2059252,2026-09-10T09:00:00+10:00,Provide CPR (AM),CPR-009,1,10,9,true
has_room,TOWNSVILLE,108164,CPR & PFA (AM),1,24,true,2059272,2026-09-10T09:00:00+10:00,Provide First Aid (AM),PFA-011,0,24,24,true
has_room,TOWNSVILLE,108165,CPR & PFA (AM),3,24,true,2059253,2026-09-11T09:00:00+10:00,Provide CPR (AM),CPR-009,0,10,10,true
has_room,TOWNSVILLE,108165,CPR & PFA (AM),3,24,true,2059273,2026-09-11T09:00:00+10:00,Provide First Aid (AM),PFA-011,3,24,21,true
has_room,TOWNSVILLE,108166,CPR & PFA (AM),3,24,true,2059254,2026-09-14T09:00:00+10:00,Provide CPR (AM),CPR-009,3,10,7,true
has_room,TOWNSVILLE,108166,CPR & PFA (AM),3,24,true,2059274,2026-09-14T09:00:00+10:00,Provide First Aid (AM),PFA-011,0,24,24,true
has_room,TOWNSVILLE,108167,CPR & PFA (AM),2,24,true,2059255,2026-09-15T09:00:00+10:00,Provide CPR (AM),CPR-009,2,10,8,true
has_room,TOWNSVILLE,108167,CPR & PFA (AM),2,24,true,2059275,2026-09-15T09:00:00+10:00,Provide First Aid (AM),PFA-011,0,24,24,true
has_room,TOWNSVILLE,108168,CPR & PFA (AM),0,24,true,2059256,2026-09-17T09:00:00+10:00,Provide CPR (AM),CPR-009,0,10,10,true
has_room,TOWNSVILLE,108168,CPR & PFA (AM),0,24,true,2059276,2026-09-17T09:00:00+10:00,Provide First Aid (AM),PFA-011,0,24,24,true
has_room,TOWNSVILLE,108169,CPR & PFA (AM),0,24,true,2059257,2026-09-18T09:00:00+10:00,Provide CPR (AM),CPR-009,0,10,10,true
has_room,TOWNSVILLE,108169,CPR & PFA (AM),0,24,true,2059277,2026-09-18T09:00:00+10:00,Provide First Aid (AM),PFA-011,0,24,24,true
has_room,TOWNSVILLE,108170,CPR & PFA (AM),2,24,true,2059258,2026-09-21T09:00:00+10:00,Provide CPR (AM),CPR-009,2,10,8,true
has_room,TOWNSVILLE,108170,CPR & PFA (AM),2,24,true,2059278,2026-09-21T09:00:00+10:00,Provide First Aid (AM),PFA-011,0,24,24,true
has_room,TOWNSVILLE,108171,CPR & PFA (AM),0,24,true,2059259,2026-09-22T09:00:00+10:00,Provide CPR (AM),CPR-009,0,10,10,true
has_room,TOWNSVILLE,108171,CPR & PFA (AM),0,24,true,2059279,2026-09-22T09:00:00+10:00,Provide First Aid (AM),PFA-011,0,24,24,true
has_room,TOWNSVILLE,108172,CPR & PFA (AM),1,24,true,2059260,2026-09-23T09:00:00+10:00,Provide CPR (AM),CPR-009,0,10,10,true
has_room,TOWNSVILLE,108172,CPR & PFA (AM),1,24,true,2059280,2026-09-23T09:00:00+10:00,Provide First Aid (AM),PFA-011,1,24,23,true
has_room,TOWNSVILLE,108173,CPR & PFA (AM),1,24,true,2059261,2026-09-24T09:00:00+10:00,Provide CPR (AM),CPR-009,0,10,10,true
has_room,TOWNSVILLE,108173,CPR & PFA (AM),1,24,true,2059281,2026-09-24T09:00:00+10:00,Provide First Aid (AM),PFA-011,1,24,23,true
has_room,TOWNSVILLE,108174,CPR & PFA (AM),0,24,true,2059262,2026-09-25T09:00:00+10:00,Provide CPR (AM),CPR-009,0,10,10,true
has_room,TOWNSVILLE,108174,CPR & PFA (AM),0,24,true,2059282,2026-09-25T09:00:00+10:00,Provide First Aid (AM),PFA-011,0,24,24,true
has_room,TOWNSVILLE,108175,CPR & PFA (AM),2,24,true,2059263,2026-09-28T09:00:00+10:00,Provide CPR (AM),CPR-009,0,10,10,true
has_room,TOWNSVILLE,108175,CPR & PFA (AM),2,24,true,2059283,2026-09-28T09:00:00+10:00,Provide First Aid (AM),PFA-011,2,24,22,true
has_room,TOWNSVILLE,108176,CPR & PFA (AM),1,24,true,2059264,2026-09-29T09:00:00+10:00,Provide CPR (AM),CPR-009,0,10,10,true
has_room,TOWNSVILLE,108176,CPR & PFA (AM),1,24,true,2059284,2026-09-29T09:00:00+10:00,Provide First Aid (AM),PFA-011,1,24,23,true
has_room,TOWNSVILLE,108177,CPR & PFA (AM),0,24,true,2059265,2026-09-30T09:00:00+10:00,Provide CPR (AM),CPR-009,0,10,10,true
has_room,TOWNSVILLE,108177,CPR & PFA (AM),0,24,true,2059285,2026-09-30T09:00:00+10:00,Provide First Aid (AM),PFA-011,0,24,24,true
has_room,TOWNSVILLE,108824,CPR & PFA (AM),1,24,true,2061290,2026-10-01T09:00:00+10:00,Provide CPR (AM),CPR-009,1,10,9,true
has_room,TOWNSVILLE,108824,CPR & PFA (AM),1,24,true,2061311,2026-10-01T09:00:00+10:00,Provide First Aid (AM),PFA-011,0,24,24,true
has_room,TOWNSVILLE,108825,CPR & PFA (AM),0,24,true,2061291,2026-10-02T09:00:00+10:00,Provide CPR (AM),CPR-009,0,10,10,true
has_room,TOWNSVILLE,108825,CPR & PFA (AM),0,24,true,2061312,2026-10-02T09:00:00+10:00,Provide First Aid (AM),PFA-011,0,24,24,true
has_room,TOWNSVILLE,108826,CPR & PFA (AM),0,24,true,2061292,2026-10-05T09:00:00+10:00,Provide CPR (AM),CPR-009,0,10,10,true
has_room,TOWNSVILLE,108826,CPR & PFA (AM),0,24,true,2061313,2026-10-05T09:00:00+10:00,Provide First Aid (AM),PFA-011,0,24,24,true
has_room,TOWNSVILLE,108827,CPR & PFA (AM),0,24,true,2061293,2026-10-06T09:00:00+10:00,Provide CPR (AM),CPR-009,0,10,10,true
has_room,TOWNSVILLE,108827,CPR & PFA (AM),0,24,true,2061314,2026-10-06T09:00:00+10:00,Provide First Aid (AM),PFA-011,0,24,24,true
has_room,TOWNSVILLE,108828,CPR & PFA (AM),0,24,true,2061294,2026-10-07T09:00:00+10:00,Provide CPR (AM),CPR-009,0,10,10,true
has_room,TOWNSVILLE,108828,CPR & PFA (AM),0,24,true,2061315,2026-10-07T09:00:00+10:00,Provide First Aid (AM),PFA-011,0,24,24,true
has_room,TOWNSVILLE,108829,CPR & PFA (AM),1,24,true,2061295,2026-10-08T09:00:00+10:00,Provide CPR (AM),CPR-009,1,10,9,true
has_room,TOWNSVILLE,108829,CPR & PFA (AM),1,24,true,2061316,2026-10-08T09:00:00+10:00,Provide First Aid (AM),PFA-011,0,24,24,true
has_room,TOWNSVILLE,108830,CPR & PFA (AM),0,24,true,2061296,2026-10-09T09:00:00+10:00,Provide CPR (AM),CPR-009,0,10,10,true
has_room,TOWNSVILLE,108830,CPR & PFA (AM),0,24,true,2061317,2026-10-09T09:00:00+10:00,Provide First Aid (AM),PFA-011,0,24,24,true
has_room,TOWNSVILLE,108831,CPR & PFA (AM),1,24,true,2061297,2026-10-12T09:00:00+10:00,Provide CPR (AM),CPR-009,0,10,10,true
has_room,TOWNSVILLE,108831,CPR & PFA (AM),1,24,true,2061318,2026-10-12T09:00:00+10:00,Provide First Aid (AM),PFA-011,1,24,23,true
has_room,TOWNSVILLE,108832,CPR & PFA (AM),0,24,true,2061298,2026-10-13T09:00:00+10:00,Provide CPR (AM),CPR-009,0,10,10,true
has_room,TOWNSVILLE,108832,CPR & PFA (AM),0,24,true,2061319,2026-10-13T09:00:00+10:00,Provide First Aid (AM),PFA-011,0,24,24,true
has_room,TOWNSVILLE,108833,CPR & PFA (AM),1,24,true,2061299,2026-10-15T09:00:00+10:00,Provide CPR (AM),CPR-009,0,10,10,true
has_room,TOWNSVILLE,108833,CPR & PFA (AM),1,24,true,2061320,2026-10-15T09:00:00+10:00,Provide First Aid (AM),PFA-011,1,24,23,true
has_room,TOWNSVILLE,108834,CPR & PFA (AM),1,24,true,2061300,2026-10-16T09:00:00+10:00,Provide CPR (AM),CPR-009,0,10,10,true
has_room,TOWNSVILLE,108834,CPR & PFA (AM),1,24,true,2061321,2026-10-16T09:00:00+10:00,Provide First Aid (AM),PFA-011,1,24,23,true
has_room,TOWNSVILLE,108835,CPR & PFA (AM),0,24,true,2061301,2026-10-19T09:00:00+10:00,Provide CPR (AM),CPR-009,0,10,10,true
has_room,TOWNSVILLE,108835,CPR & PFA (AM),0,24,true,2061322,2026-10-19T09:00:00+10:00,Provide First Aid (AM),PFA-011,0,24,24,true
has_room,TOWNSVILLE,108836,CPR & PFA (AM),1,24,true,2061302,2026-10-20T09:00:00+10:00,Provide CPR (AM),CPR-009,0,10,10,true
has_room,TOWNSVILLE,108836,CPR & PFA (AM),1,24,true,2061323,2026-10-20T09:00:00+10:00,Provide First Aid (AM),PFA-011,1,24,23,true
has_room,TOWNSVILLE,108837,CPR & PFA (AM),0,24,true,2061303,2026-10-21T09:00:00+10:00,Provide CPR (AM),CPR-009,0,10,10,true
has_room,TOWNSVILLE,108837,CPR & PFA (AM),0,24,true,2061324,2026-10-21T09:00:00+10:00,Provide First Aid (AM),PFA-011,0,24,24,true
has_room,TOWNSVILLE,108838,CPR & PFA (AM),0,24,true,2061304,2026-10-22T09:00:00+10:00,Provide CPR (AM),CPR-009,0,10,10,true
has_room,TOWNSVILLE,108838,CPR & PFA (AM),0,24,true,2061325,2026-10-22T09:00:00+10:00,Provide First Aid (AM),PFA-011,0,24,24,true
has_room,TOWNSVILLE,108839,CPR & PFA (AM),0,24,true,2061305,2026-10-23T09:00:00+10:00,Provide CPR (AM),CPR-009,0,10,10,true
has_room,TOWNSVILLE,108839,CPR & PFA (AM),0,24,true,2061326,2026-10-23T09:00:00+10:00,Provide First Aid (AM),PFA-011,0,24,24,true
has_room,TOWNSVILLE,108840,CPR & PFA (AM),1,24,true,2061306,2026-10-26T09:00:00+10:00,Provide CPR (AM),CPR-009,0,10,10,true
has_room,TOWNSVILLE,108840,CPR & PFA (AM),1,24,true,2061327,2026-10-26T09:00:00+10:00,Provide First Aid (AM),PFA-011,1,24,23,true
has_room,TOWNSVILLE,108841,CPR & PFA (AM),0,24,true,2061307,2026-10-27T09:00:00+10:00,Provide CPR (AM),CPR-009,0,10,10,true
has_room,TOWNSVILLE,108841,CPR & PFA (AM),0,24,true,2061328,2026-10-27T09:00:00+10:00,Provide First Aid (AM),PFA-011,0,24,24,true
has_room,TOWNSVILLE,108842,CPR & PFA (AM),0,24,true,2061308,2026-10-28T09:00:00+10:00,Provide CPR (AM),CPR-009,0,10,10,true
has_room,TOWNSVILLE,108842,CPR & PFA (AM),0,24,true,2061329,2026-10-28T09:00:00+10:00,Provide First Aid (AM),PFA-011,0,24,24,true
has_room,TOWNSVILLE,108843,CPR & PFA (AM),0,24,true,2061309,2026-10-29T09:00:00+10:00,Provide CPR (AM),CPR-009,0,10,10,true
has_room,TOWNSVILLE,108843,CPR & PFA (AM),0,24,true,2061330,2026-10-29T09:00:00+10:00,Provide First Aid (AM),PFA-011,0,24,24,true
has_room,TOWNSVILLE,108844,CPR & PFA (AM),0,24,true,2061310,2026-10-30T09:00:00+10:00,Provide CPR (AM),CPR-009,0,10,10,true
has_room,TOWNSVILLE,108844,CPR & PFA (AM),0,24,true,2061331,2026-10-30T09:00:00+10:00,Provide First Aid (AM),PFA-011,0,24,24,true
has_room,TOWNSVILLE,108845,CPR/PFA/EFA,1,24,true,2061353,2026-10-03T09:00:00+10:00,Provide CPR (AM),CPR-009,0,10,10,true
has_room,TOWNSVILLE,108845,CPR/PFA/EFA,1,24,true,2061360,2026-10-03T09:00:00+10:00,Provide First Aid (AM),PFA-011,1,24,23,true
has_room,TOWNSVILLE,108845,CPR/PFA/EFA,1,24,true,2061367,2026-10-03T09:00:00+10:00,Childcare First Aid (AM),EFA-012,0,24,24,true
has_room,TOWNSVILLE,108846,CPR/PFA/EFA,0,24,true,2061354,2026-10-10T09:00:00+10:00,Provide CPR (AM),CPR-009,0,10,10,true
has_room,TOWNSVILLE,108846,CPR/PFA/EFA,0,24,true,2061361,2026-10-10T09:00:00+10:00,Provide First Aid (AM),PFA-011,0,24,24,true
has_room,TOWNSVILLE,108846,CPR/PFA/EFA,0,24,true,2061368,2026-10-10T09:00:00+10:00,Childcare First Aid (AM),EFA-012,0,24,24,true
has_room,TOWNSVILLE,108847,CPR/PFA/EFA,0,24,true,2061355,2026-10-11T09:00:00+10:00,Provide CPR (AM),CPR-009,0,10,10,true
has_room,TOWNSVILLE,108847,CPR/PFA/EFA,0,24,true,2061362,2026-10-11T09:00:00+10:00,Provide First Aid (AM),PFA-011,0,24,24,true
has_room,TOWNSVILLE,108847,CPR/PFA/EFA,0,24,true,2061369,2026-10-11T09:00:00+10:00,Childcare First Aid (AM),EFA-012,0,24,24,true
has_room,TOWNSVILLE,108848,CPR/PFA/EFA,0,24,true,2061356,2026-10-17T09:00:00+10:00,Provide CPR (AM),CPR-009,0,10,10,true
has_room,TOWNSVILLE,108848,CPR/PFA/EFA,0,24,true,2061363,2026-10-17T09:00:00+10:00,Provide First Aid (AM),PFA-011,0,24,24,true
has_room,TOWNSVILLE,108848,CPR/PFA/EFA,0,24,true,2061370,2026-10-17T09:00:00+10:00,Childcare First Aid (AM),EFA-012,0,24,24,true
has_room,TOWNSVILLE,108849,CPR/PFA/EFA,0,24,true,2061357,2026-10-18T09:00:00+10:00,Provide CPR (AM),CPR-009,0,10,10,true
has_room,TOWNSVILLE,108849,CPR/PFA/EFA,0,24,true,2061364,2026-10-18T09:00:00+10:00,Provide First Aid (AM),PFA-011,0,24,24,true
has_room,TOWNSVILLE,108849,CPR/PFA/EFA,0,24,true,2061371,2026-10-18T09:00:00+10:00,Childcare First Aid (AM),EFA-012,0,24,24,true
has_room,TOWNSVILLE,108850,CPR/PFA/EFA,0,24,true,2061358,2026-10-24T09:00:00+10:00,Provide CPR (AM),CPR-009,0,10,10,true
has_room,TOWNSVILLE,108850,CPR/PFA/EFA,0,24,true,2061365,2026-10-24T09:00:00+10:00,Provide First Aid (AM),PFA-011,0,24,24,true
has_room,TOWNSVILLE,108850,CPR/PFA/EFA,0,24,true,2061372,2026-10-24T09:00:00+10:00,Childcare First Aid (AM),EFA-012,0,24,24,true
has_room,TOWNSVILLE,108851,CPR/PFA/EFA,0,24,true,2061359,2026-10-31T09:00:00+10:00,Provide CPR (AM),CPR-009,0,10,10,true
has_room,TOWNSVILLE,108851,CPR/PFA/EFA,0,24,true,2061366,2026-10-31T09:00:00+10:00,Provide First Aid (AM),PFA-011,0,24,24,true
has_room,TOWNSVILLE,108851,CPR/PFA/EFA,0,24,true,2061373,2026-10-31T09:00:00+10:00,Childcare First Aid (AM),EFA-012,0,24,24,true
over_cap,TUGGERAH,107793,CPR & PFA (AM),14,11,true,2058161,2026-08-28T09:00:00+10:00,Provide CPR (AM),CPR-009,3,3,0,true
over_cap,TUGGERAH,107793,CPR & PFA (AM),14,11,true,2058164,2026-08-28T09:00:00+10:00,Provide First Aid (AM),PFA-011,11,11,0,true
has_room,TUGGERAH,108433,CPR/PFA/EFA,7,14,true,2060065,2026-09-07T09:00:00+10:00,Provide CPR (AM),CPR-009,1,14,13,true
has_room,TUGGERAH,108433,CPR/PFA/EFA,7,14,true,2060066,2026-09-07T09:00:00+10:00,Provide First Aid (AM),PFA-011,3,14,11,true
has_room,TUGGERAH,108433,CPR/PFA/EFA,7,14,true,2060067,2026-09-07T09:00:00+10:00,Childcare First Aid (AM),EFA-012,3,14,11,true
has_room,TUGGERAH,108434,CPR & PFA (AM),10,14,true,2060068,2026-09-04T09:00:00+10:00,Provide CPR (AM),CPR-009,3,14,11,true
has_room,TUGGERAH,108434,CPR & PFA (AM),10,14,true,2060073,2026-09-04T09:00:00+10:00,Provide First Aid (AM),PFA-011,7,14,7,true
has_room,TUGGERAH,108436,CPR & PFA (AM),9,14,true,2060070,2026-09-17T09:00:00+10:00,Provide CPR (AM),CPR-009,1,14,13,true
has_room,TUGGERAH,108436,CPR & PFA (AM),9,14,true,2060075,2026-09-17T09:00:00+10:00,Provide First Aid (AM),PFA-011,8,14,6,true
has_room,TUGGERAH,108437,CPR & PFA (AM),0,14,true,2060071,2026-09-24T09:00:00+10:00,Provide CPR (AM),CPR-009,0,14,14,true
has_room,TUGGERAH,108437,CPR & PFA (AM),0,14,true,2060076,2026-09-24T09:00:00+10:00,Provide First Aid (AM),PFA-011,0,14,14,true
has_room,TUGGERAH,108438,CPR & PFA (AM),2,14,true,2060072,2026-09-28T09:00:00+10:00,Provide CPR (AM),CPR-009,0,14,14,true
has_room,TUGGERAH,108438,CPR & PFA (AM),2,14,true,2060077,2026-09-28T09:00:00+10:00,Provide First Aid (AM),PFA-011,2,14,12,true
has_room,TUGGERAH,109053,CPR & PFA (AM),0,14,true,2061971,2026-10-02T09:00:00+10:00,Provide CPR (AM),CPR-009,0,14,14,true
has_room,TUGGERAH,109053,CPR & PFA (AM),0,14,true,2061976,2026-10-02T09:00:00+10:00,Provide First Aid (AM),PFA-011,0,14,14,true
has_room,TUGGERAH,109054,CPR & PFA (AM),0,14,true,2061972,2026-10-07T09:00:00+10:00,Provide CPR (AM),CPR-009,0,14,14,true
has_room,TUGGERAH,109054,CPR & PFA (AM),0,14,true,2061977,2026-10-07T09:00:00+10:00,Provide First Aid (AM),PFA-011,0,14,14,true
has_room,TUGGERAH,109055,CPR & PFA (AM),0,14,true,2061973,2026-10-22T09:00:00+10:00,Provide CPR (AM),CPR-009,0,14,14,true
has_room,TUGGERAH,109055,CPR & PFA (AM),0,14,true,2061978,2026-10-22T09:00:00+10:00,Provide First Aid (AM),PFA-011,0,14,14,true
has_room,TUGGERAH,109056,CPR & PFA (AM),0,14,true,2061974,2026-10-26T09:00:00+10:00,Provide CPR (AM),CPR-009,0,14,14,true
has_room,TUGGERAH,109056,CPR & PFA (AM),0,14,true,2061979,2026-10-26T09:00:00+10:00,Provide First Aid (AM),PFA-011,0,14,14,true
has_room,TUGGERAH,109057,CPR & PFA (AM),0,14,true,2061975,2026-10-30T09:00:00+10:00,Provide CPR (AM),CPR-009,0,14,14,true
has_room,TUGGERAH,109057,CPR & PFA (AM),0,14,true,2061980,2026-10-30T09:00:00+10:00,Provide First Aid (AM),PFA-011,0,14,14,true
has_room,TUGGERAH,109727,CPR & PFA (AM),0,14,true,2063982,2026-10-12T09:00:00+10:00,Provide CPR (AM),CPR-009,0,14,14,true
has_room,TUGGERAH,109727,CPR & PFA (AM),0,14,true,2063984,2026-10-12T09:00:00+10:00,Provide First Aid (AM),PFA-011,0,14,14,true
has_room,TUGGERAH,109728,CPR & PFA (AM),1,14,true,2063983,2026-10-19T09:00:00+10:00,Provide CPR (AM),CPR-009,0,14,14,true
has_room,TUGGERAH,109728,CPR & PFA (AM),1,14,true,2063985,2026-10-19T09:00:00+10:00,Provide First Aid (AM),PFA-011,1,14,13,true
has_room,Tin Can Bay ,108227,CPR/PFA/EFA,0,24,true,2059458,2026-09-15T09:00:00+10:00,Provide CPR (AM),CPR-009,0,12,12,true
has_room,Tin Can Bay ,108227,CPR/PFA/EFA,0,24,true,2059459,2026-09-15T09:00:00+10:00,Childcare First Aid (AM),EFA-012,0,24,24,true
has_room,Tin Can Bay ,108227,CPR/PFA/EFA,0,24,true,2059460,2026-09-15T09:00:00+10:00,Provide First Aid (AM),PFA-011,0,24,24,true
has_room,Tin Can Bay ,108228,CPR & PFA (AM),3,24,true,2059461,2026-09-03T09:00:00+10:00,Provide CPR (AM),CPR-009,2,12,10,true
has_room,Tin Can Bay ,108228,CPR & PFA (AM),3,24,true,2059462,2026-09-03T09:00:00+10:00,Provide First Aid (AM),PFA-011,1,24,23,true
has_room,Tin Can Bay ,108879,CPR & PFA (AM),0,24,true,2061455,2026-10-01T09:00:00+10:00,Provide CPR (AM),CPR-009,0,12,12,true
has_room,Tin Can Bay ,108879,CPR & PFA (AM),0,24,true,2061456,2026-10-01T09:00:00+10:00,Provide First Aid (AM),PFA-011,0,24,24,true
has_room,Tin Can Bay ,108880,CPR/PFA/EFA,0,24,true,2061458,2026-10-21T09:00:00+10:00,Provide CPR (AM),CPR-009,0,12,12,true
has_room,Tin Can Bay ,108880,CPR/PFA/EFA,0,24,true,2061459,2026-10-21T09:00:00+10:00,Childcare First Aid (AM),EFA-012,0,24,24,true
has_room,Tin Can Bay ,108880,CPR/PFA/EFA,0,24,true,2061460,2026-10-21T09:00:00+10:00,Provide First Aid (AM),PFA-011,0,24,24,true
has_room,VIRGINIA,107181,CPR/PFA/EFA,15,24,true,2056327,2026-08-29T08:00:00+10:00,Provide CPR (AM),CPR-009,5,10,5,true
has_room,VIRGINIA,107181,CPR/PFA/EFA,15,24,true,2056331,2026-08-29T08:00:00+10:00,Provide First Aid (AM),PFA-011,8,24,16,true
has_room,VIRGINIA,107181,CPR/PFA/EFA,15,24,true,2056335,2026-08-29T08:00:00+10:00,Childcare First Aid (AM),EFA-012,2,24,22,true
has_room,VIRGINIA,108110,CPR/PFA/EFA,3,24,true,2059102,2026-09-12T08:00:00+10:00,Provide CPR (AM),CPR-009,1,6,5,true
has_room,VIRGINIA,108110,CPR/PFA/EFA,3,24,true,2059105,2026-09-12T08:00:00+10:00,Provide First Aid (AM),PFA-011,2,24,22,true
has_room,VIRGINIA,108110,CPR/PFA/EFA,3,24,true,2059108,2026-09-12T08:00:00+10:00,Childcare First Aid (AM),EFA-012,0,24,24,true
has_room,VIRGINIA,108111,CPR/PFA/EFA,1,24,true,2059103,2026-09-19T08:00:00+10:00,Provide CPR (AM),CPR-009,0,6,6,true
has_room,VIRGINIA,108111,CPR/PFA/EFA,1,24,true,2059106,2026-09-19T08:00:00+10:00,Provide First Aid (AM),PFA-011,1,24,23,true
has_room,VIRGINIA,108111,CPR/PFA/EFA,1,24,true,2059109,2026-09-19T08:00:00+10:00,Childcare First Aid (AM),EFA-012,0,24,24,true
has_room,VIRGINIA,108112,CPR/PFA/EFA,2,24,true,2059104,2026-09-26T08:00:00+10:00,Provide CPR (AM),CPR-009,1,6,5,true
has_room,VIRGINIA,108112,CPR/PFA/EFA,2,24,true,2059107,2026-09-26T08:00:00+10:00,Provide First Aid (AM),PFA-011,1,24,23,true
has_room,VIRGINIA,108112,CPR/PFA/EFA,2,24,true,2059110,2026-09-26T08:00:00+10:00,Childcare First Aid (AM),EFA-012,0,24,24,true
has_room,VIRGINIA,108114,CPR & PFA (AM),12,24,true,2059112,2026-09-07T08:00:00+10:00,Provide CPR (AM),CPR-009,7,7,0,true
has_room,VIRGINIA,108114,CPR & PFA (AM),12,24,true,2059117,2026-09-07T08:00:00+10:00,Provide First Aid (AM),PFA-011,5,24,19,true
has_room,VIRGINIA,108115,CPR & PFA (AM),6,24,true,2059113,2026-09-14T08:00:00+10:00,Provide CPR (AM),CPR-009,6,10,4,true
has_room,VIRGINIA,108115,CPR & PFA (AM),6,24,true,2059118,2026-09-14T08:00:00+10:00,Provide First Aid (AM),PFA-011,0,24,24,true
has_room,VIRGINIA,108733,CPR & PFA (AM),12,24,true,2060996,2026-09-03T08:00:00+10:00,Provide CPR (AM),CPR-009,5,6,1,true
has_room,VIRGINIA,108733,CPR & PFA (AM),12,24,true,2060999,2026-09-03T08:00:00+10:00,Provide First Aid (AM),PFA-011,7,24,17,true
has_room,VIRGINIA,108734,CPR & PFA (AM),5,24,true,2060997,2026-09-24T08:00:00+10:00,Provide CPR (AM),CPR-009,3,6,3,true
has_room,VIRGINIA,108734,CPR & PFA (AM),5,24,true,2061000,2026-09-24T08:00:00+10:00,Provide First Aid (AM),PFA-011,2,24,22,true
has_room,VIRGINIA,108735,CPR & PFA (AM),6,24,true,2060998,2026-09-29T08:00:00+10:00,Provide CPR (AM),CPR-009,2,6,4,true
has_room,VIRGINIA,108735,CPR & PFA (AM),6,24,true,2061001,2026-09-29T08:00:00+10:00,Provide First Aid (AM),PFA-011,4,24,20,true
has_room,VIRGINIA,109672,CPR & PFA (AM),0,24,true,2063817,2026-10-02T08:00:00+10:00,Provide CPR (AM),CPR-009,0,6,6,true
has_room,VIRGINIA,109672,CPR & PFA (AM),0,24,true,2063823,2026-10-02T08:00:00+10:00,Provide First Aid (AM),PFA-011,0,24,24,true
has_room,VIRGINIA,109673,CPR & PFA (AM),0,24,true,2063818,2026-10-05T08:00:00+10:00,Provide CPR (AM),CPR-009,0,6,6,true
has_room,VIRGINIA,109673,CPR & PFA (AM),0,24,true,2063824,2026-10-05T08:00:00+10:00,Provide First Aid (AM),PFA-011,0,24,24,true
has_room,VIRGINIA,109674,CPR & PFA (AM),0,24,true,2063819,2026-10-12T08:00:00+10:00,Provide CPR (AM),CPR-009,0,6,6,true
has_room,VIRGINIA,109674,CPR & PFA (AM),0,24,true,2063825,2026-10-12T08:00:00+10:00,Provide First Aid (AM),PFA-011,0,24,24,true
has_room,VIRGINIA,109675,CPR & PFA (AM),0,24,true,2063820,2026-10-16T08:00:00+10:00,Provide CPR (AM),CPR-009,0,6,6,true
has_room,VIRGINIA,109675,CPR & PFA (AM),0,24,true,2063826,2026-10-16T08:00:00+10:00,Provide First Aid (AM),PFA-011,0,24,24,true
has_room,VIRGINIA,109676,CPR & PFA (AM),0,24,true,2063821,2026-10-21T08:00:00+10:00,Provide CPR (AM),CPR-009,0,6,6,true
has_room,VIRGINIA,109676,CPR & PFA (AM),0,24,true,2063827,2026-10-21T08:00:00+10:00,Provide First Aid (AM),PFA-011,0,24,24,true
has_room,VIRGINIA,109677,CPR & PFA (AM),0,24,true,2063822,2026-10-28T08:00:00+10:00,Provide CPR (AM),CPR-009,0,6,6,true
has_room,VIRGINIA,109677,CPR & PFA (AM),0,24,true,2063828,2026-10-28T08:00:00+10:00,Provide First Aid (AM),PFA-011,0,24,24,true
has_room,VIRGINIA,109678,CPR/PFA/EFA,0,24,true,2063829,2026-10-10T08:00:00+10:00,Provide CPR (AM),CPR-009,0,6,6,true
has_room,VIRGINIA,109678,CPR/PFA/EFA,0,24,true,2063831,2026-10-10T08:00:00+10:00,Provide First Aid (AM),PFA-011,0,24,24,true
has_room,VIRGINIA,109678,CPR/PFA/EFA,0,24,true,2063833,2026-10-10T08:00:00+10:00,Childcare First Aid (AM),EFA-012,0,24,24,true
has_room,VIRGINIA,109679,CPR/PFA/EFA,0,24,true,2063830,2026-10-24T08:00:00+10:00,Provide CPR (AM),CPR-009,0,6,6,true
has_room,VIRGINIA,109679,CPR/PFA/EFA,0,24,true,2063832,2026-10-24T08:00:00+10:00,Provide First Aid (AM),PFA-011,0,24,24,true
has_room,VIRGINIA,109679,CPR/PFA/EFA,0,24,true,2063834,2026-10-24T08:00:00+10:00,Childcare First Aid (AM),EFA-012,0,24,24,true
over_cap,WERRIBEE,107567,CPR & PFA (AM),20,13,true,2057472,2026-08-28T09:00:00+10:00,Provide CPR (AM),CPR-009,7,7,0,true
over_cap,WERRIBEE,107567,CPR & PFA (AM),20,13,true,2057476,2026-08-28T09:00:00+10:00,Provide First Aid (AM),PFA-011,13,13,0,true
has_room,WERRIBEE,108520,CPR/PFA/EFA,14,20,true,2060344,2026-09-06T09:00:00+10:00,Provide CPR (AM),CPR-009,5,20,15,true
has_room,WERRIBEE,108520,CPR/PFA/EFA,14,20,true,2060345,2026-09-06T09:00:00+10:00,Childcare First Aid (AM),EFA-012,1,20,19,true
has_room,WERRIBEE,108520,CPR/PFA/EFA,14,20,true,2060346,2026-09-06T09:00:00+10:00,Provide First Aid (AM),PFA-011,8,20,12,true
has_room,WERRIBEE,108521,CPR & PFA (AM),5,20,true,2060347,2026-09-10T09:00:00+10:00,Provide CPR (AM),CPR-009,4,20,16,true
has_room,WERRIBEE,108521,CPR & PFA (AM),5,20,true,2060351,2026-09-10T09:00:00+10:00,Provide First Aid (AM),PFA-011,1,20,19,true
has_room,WERRIBEE,108522,CPR & PFA (AM),2,20,true,2060348,2026-09-15T09:00:00+10:00,Provide CPR (AM),CPR-009,1,20,19,true
has_room,WERRIBEE,108522,CPR & PFA (AM),2,20,true,2060352,2026-09-15T09:00:00+10:00,Provide First Aid (AM),PFA-011,1,20,19,true
has_room,WERRIBEE,108523,CPR & PFA (AM),4,20,true,2060349,2026-09-21T09:00:00+10:00,Provide CPR (AM),CPR-009,2,20,18,true
has_room,WERRIBEE,108523,CPR & PFA (AM),4,20,true,2060353,2026-09-21T09:00:00+10:00,Provide First Aid (AM),PFA-011,2,20,18,true
has_room,WERRIBEE,108524,CPR & PFA (AM),0,20,true,2060350,2026-09-29T09:00:00+10:00,Provide CPR (AM),CPR-009,0,20,20,true
has_room,WERRIBEE,108524,CPR & PFA (AM),0,20,true,2060354,2026-09-29T09:00:00+10:00,Provide First Aid (AM),PFA-011,0,20,20,true
has_room,WERRIBEE,109275,CPR & PFA (AM),0,20,true,2062647,2026-10-08T09:00:00+10:00,Provide CPR (AM),CPR-009,0,20,20,true
has_room,WERRIBEE,109275,CPR & PFA (AM),0,20,true,2062651,2026-10-08T09:00:00+10:00,Provide First Aid (AM),PFA-011,0,20,20,true
has_room,WERRIBEE,109276,CPR & PFA (AM),0,20,true,2062648,2026-10-13T09:00:00+10:00,Provide CPR (AM),CPR-009,0,20,20,true
has_room,WERRIBEE,109276,CPR & PFA (AM),0,20,true,2062652,2026-10-13T09:00:00+10:00,Provide First Aid (AM),PFA-011,0,20,20,true
has_room,WERRIBEE,109277,CPR & PFA (AM),0,20,true,2062649,2026-10-19T09:00:00+10:00,Provide CPR (AM),CPR-009,0,20,20,true
has_room,WERRIBEE,109277,CPR & PFA (AM),0,20,true,2062653,2026-10-19T09:00:00+10:00,Provide First Aid (AM),PFA-011,0,20,20,true
has_room,WERRIBEE,109278,CPR & PFA (AM),0,20,true,2062650,2026-10-29T09:00:00+10:00,Provide CPR (AM),CPR-009,0,20,20,true
has_room,WERRIBEE,109278,CPR & PFA (AM),0,20,true,2062654,2026-10-29T09:00:00+10:00,Provide First Aid (AM),PFA-011,0,20,20,true
has_room,WERRIBEE,109279,CPR/PFA/EFA,0,20,true,2062655,2026-10-04T09:00:00+10:00,Provide CPR (AM),CPR-009,0,20,20,true
has_room,WERRIBEE,109279,CPR/PFA/EFA,0,20,true,2062657,2026-10-04T09:00:00+10:00,Childcare First Aid (AM),EFA-012,0,20,20,true
has_room,WERRIBEE,109279,CPR/PFA/EFA,0,20,true,2062659,2026-10-04T09:00:00+10:00,Provide First Aid (AM),PFA-011,0,20,20,true
has_room,WERRIBEE,109280,CPR/PFA/EFA,0,20,true,2062656,2026-10-25T09:00:00+10:00,Provide CPR (AM),CPR-009,0,20,20,true
has_room,WERRIBEE,109280,CPR/PFA/EFA,0,20,true,2062658,2026-10-25T09:00:00+10:00,Childcare First Aid (AM),EFA-012,0,20,20,true
has_room,WERRIBEE,109280,CPR/PFA/EFA,0,20,true,2062660,2026-10-25T09:00:00+10:00,Provide First Aid (AM),PFA-011,0,20,20,true
has_room,WOLLONGONG,107438,CPR & PFA (AM),14,20,true,2057083,2026-08-28T09:00:00+10:00,Provide CPR (AM),CPR-009,3,10,7,true
has_room,WOLLONGONG,107438,CPR & PFA (AM),14,20,true,2057090,2026-08-28T09:00:00+10:00,Provide First Aid (AM),PFA-011,11,20,9,true
has_room,WOLLONGONG,108382,CPR/PFA/EFA,9,28,true,2059913,2026-09-05T09:00:00+10:00,Provide CPR (AM),CPR-009,3,10,7,true
has_room,WOLLONGONG,108382,CPR/PFA/EFA,9,28,true,2059915,2026-09-05T09:00:00+10:00,Provide First Aid (AM),PFA-011,4,28,24,true
has_room,WOLLONGONG,108382,CPR/PFA/EFA,9,28,true,2059917,2026-09-05T09:00:00+10:00,Childcare First Aid (AM),EFA-012,2,28,26,true
has_room,WOLLONGONG,108383,CPR/PFA/EFA,1,28,true,2059914,2026-09-19T09:00:00+10:00,Provide CPR (AM),CPR-009,0,10,10,true
has_room,WOLLONGONG,108383,CPR/PFA/EFA,1,28,true,2059916,2026-09-19T09:00:00+10:00,Provide First Aid (AM),PFA-011,0,28,28,true
has_room,WOLLONGONG,108383,CPR/PFA/EFA,1,28,true,2059918,2026-09-19T09:00:00+10:00,Childcare First Aid (AM),EFA-012,1,28,27,true
has_room,WOLLONGONG,108384,CPR & PFA (AM),7,20,true,2059919,2026-09-04T09:00:00+10:00,Provide CPR (AM),CPR-009,3,10,7,true
has_room,WOLLONGONG,108384,CPR & PFA (AM),7,20,true,2059926,2026-09-04T09:00:00+10:00,Provide First Aid (AM),PFA-011,4,20,16,true
has_room,WOLLONGONG,108385,CPR & PFA (AM),2,20,true,2059920,2026-09-08T09:00:00+10:00,Provide CPR (AM),CPR-009,0,10,10,true
has_room,WOLLONGONG,108385,CPR & PFA (AM),2,20,true,2059927,2026-09-08T09:00:00+10:00,Provide First Aid (AM),PFA-011,2,20,18,true
has_room,WOLLONGONG,108386,CPR & PFA (AM),2,20,true,2059921,2026-09-11T09:00:00+10:00,Provide CPR (AM),CPR-009,0,10,10,true
has_room,WOLLONGONG,108386,CPR & PFA (AM),2,20,true,2059928,2026-09-11T09:00:00+10:00,Provide First Aid (AM),PFA-011,2,20,18,true
has_room,WOLLONGONG,108387,CPR & PFA (AM),4,20,true,2059922,2026-09-16T09:00:00+10:00,Provide CPR (AM),CPR-009,1,10,9,true
has_room,WOLLONGONG,108387,CPR & PFA (AM),4,20,true,2059929,2026-09-16T09:00:00+10:00,Provide First Aid (AM),PFA-011,3,20,17,true
has_room,WOLLONGONG,108388,CPR & PFA (AM),3,20,true,2059923,2026-09-21T09:00:00+10:00,Provide CPR (AM),CPR-009,1,10,9,true
has_room,WOLLONGONG,108388,CPR & PFA (AM),3,20,true,2059930,2026-09-21T09:00:00+10:00,Provide First Aid (AM),PFA-011,2,20,18,true
has_room,WOLLONGONG,108389,CPR & PFA (AM),1,20,true,2059924,2026-09-25T09:00:00+10:00,Provide CPR (AM),CPR-009,0,10,10,true
has_room,WOLLONGONG,108389,CPR & PFA (AM),1,20,true,2059931,2026-09-25T09:00:00+10:00,Provide First Aid (AM),PFA-011,1,20,19,true
has_room,WOLLONGONG,108390,CPR & PFA (AM),0,20,true,2059925,2026-09-28T09:00:00+10:00,Provide CPR (AM),CPR-009,0,10,10,true
has_room,WOLLONGONG,108390,CPR & PFA (AM),0,20,true,2059932,2026-09-28T09:00:00+10:00,Provide First Aid (AM),PFA-011,0,20,20,true
has_room,WOLLONGONG,109007,CPR & PFA (AM),0,20,true,2061835,2026-10-02T09:00:00+10:00,Provide CPR (AM),CPR-009,0,10,10,true
has_room,WOLLONGONG,109007,CPR & PFA (AM),0,20,true,2061843,2026-10-02T09:00:00+10:00,Provide First Aid (AM),PFA-011,0,20,20,true
has_room,WOLLONGONG,109008,CPR & PFA (AM),0,20,true,2061836,2026-10-06T09:00:00+10:00,Provide CPR (AM),CPR-009,0,10,10,true
has_room,WOLLONGONG,109008,CPR & PFA (AM),0,20,true,2061844,2026-10-06T09:00:00+10:00,Provide First Aid (AM),PFA-011,0,20,20,true
has_room,WOLLONGONG,109009,CPR & PFA (AM),0,20,true,2061837,2026-10-09T09:00:00+10:00,Provide CPR (AM),CPR-009,0,10,10,true
has_room,WOLLONGONG,109009,CPR & PFA (AM),0,20,true,2061845,2026-10-09T09:00:00+10:00,Provide First Aid (AM),PFA-011,0,20,20,true
has_room,WOLLONGONG,109010,CPR & PFA (AM),0,20,true,2061838,2026-10-14T09:00:00+10:00,Provide CPR (AM),CPR-009,0,10,10,true
has_room,WOLLONGONG,109010,CPR & PFA (AM),0,20,true,2061846,2026-10-14T09:00:00+10:00,Provide First Aid (AM),PFA-011,0,20,20,true
has_room,WOLLONGONG,109011,CPR & PFA (AM),0,20,true,2061839,2026-10-19T09:00:00+10:00,Provide CPR (AM),CPR-009,0,10,10,true
has_room,WOLLONGONG,109011,CPR & PFA (AM),0,20,true,2061847,2026-10-19T09:00:00+10:00,Provide First Aid (AM),PFA-011,0,20,20,true
has_room,WOLLONGONG,109012,CPR & PFA (AM),0,20,true,2061840,2026-10-23T09:00:00+10:00,Provide CPR (AM),CPR-009,0,10,10,true
has_room,WOLLONGONG,109012,CPR & PFA (AM),0,20,true,2061848,2026-10-23T09:00:00+10:00,Provide First Aid (AM),PFA-011,0,20,20,true
has_room,WOLLONGONG,109013,CPR & PFA (AM),0,20,true,2061841,2026-10-26T09:00:00+10:00,Provide CPR (AM),CPR-009,0,10,10,true
has_room,WOLLONGONG,109013,CPR & PFA (AM),0,20,true,2061849,2026-10-26T09:00:00+10:00,Provide First Aid (AM),PFA-011,0,20,20,true
has_room,WOLLONGONG,109014,CPR & PFA (AM),0,20,true,2061842,2026-10-29T09:00:00+10:00,Provide CPR (AM),CPR-009,0,10,10,true
has_room,WOLLONGONG,109014,CPR & PFA (AM),0,20,true,2061850,2026-10-29T09:00:00+10:00,Provide First Aid (AM),PFA-011,0,20,20,true
has_room,WOLLONGONG,109015,CPR/PFA/EFA,0,28,true,2061859,2026-10-17T09:00:00+10:00,Provide CPR (AM),CPR-009,0,10,10,true
has_room,WOLLONGONG,109015,CPR/PFA/EFA,0,28,true,2061860,2026-10-17T09:00:00+10:00,Provide First Aid (AM),PFA-011,0,28,28,true
has_room,WOLLONGONG,109015,CPR/PFA/EFA,0,28,true,2061861,2026-10-17T09:00:00+10:00,Childcare First Aid (AM),EFA-012,0,28,28,true
has_room,WYNNUM,107971,CPR & PFA (AM),4,24,true,2058692,2026-09-17T09:00:00+10:00,Provide CPR (AM),CPR-009,2,24,22,true
has_room,WYNNUM,107971,CPR & PFA (AM),4,24,true,2058696,2026-09-17T09:00:00+10:00,Provide First Aid (AM),PFA-011,2,24,22,true
has_room,WYNNUM,107972,CPR & PFA (AM),2,24,true,2058693,2026-09-23T09:00:00+10:00,Provide CPR (AM),CPR-009,1,24,23,true
has_room,WYNNUM,107972,CPR & PFA (AM),2,24,true,2058697,2026-09-23T09:00:00+10:00,Provide First Aid (AM),PFA-011,1,24,23,true
has_room,WYNNUM,107973,CPR & PFA (AM),3,24,true,2058694,2026-09-29T09:00:00+10:00,Provide CPR (AM),CPR-009,0,24,24,true
has_room,WYNNUM,107973,CPR & PFA (AM),3,24,true,2058698,2026-09-29T09:00:00+10:00,Provide First Aid (AM),PFA-011,3,24,21,true
has_room,WYNNUM,109533,CPR & PFA (AM),0,24,true,2063405,2026-10-15T09:00:00+10:00,Provide CPR (AM),CPR-009,0,24,24,true
has_room,WYNNUM,109533,CPR & PFA (AM),0,24,true,2063408,2026-10-15T09:00:00+10:00,Provide First Aid (AM),PFA-011,0,24,24,true
has_room,WYNNUM,109534,CPR & PFA (AM),0,24,true,2063406,2026-10-21T09:00:00+10:00,Provide CPR (AM),CPR-009,0,24,24,true
has_room,WYNNUM,109534,CPR & PFA (AM),0,24,true,2063409,2026-10-21T09:00:00+10:00,Provide First Aid (AM),PFA-011,0,24,24,true
has_room,WYNNUM,109535,CPR & PFA (AM),0,24,true,2063407,2026-10-27T09:00:00+10:00,Provide CPR (AM),CPR-009,0,24,24,true
has_room,WYNNUM,109535,CPR & PFA (AM),0,24,true,2063410,2026-10-27T09:00:00+10:00,Provide First Aid (AM),PFA-011,0,24,24,true
has_room,YARRABILBA,107865,CPR/PFA/EFA,8,24,true,2058381,2026-09-08T09:00:00+10:00,Provide CPR (AM),CPR-009,2,8,6,true
has_room,YARRABILBA,107865,CPR/PFA/EFA,8,24,true,2058382,2026-09-08T09:00:00+10:00,Provide First Aid (AM),PFA-011,3,24,21,true
has_room,YARRABILBA,107865,CPR/PFA/EFA,8,24,true,2058383,2026-09-08T09:00:00+10:00,Childcare First Aid (AM),EFA-012,3,24,21,true
has_room,YARRABILBA,107866,CPR & PFA (AM),6,24,true,2058384,2026-09-01T09:00:00+10:00,Provide CPR (AM),CPR-009,3,8,5,true
has_room,YARRABILBA,107866,CPR & PFA (AM),6,24,true,2058388,2026-09-01T09:00:00+10:00,Provide First Aid (AM),PFA-011,3,24,21,true
has_room,YARRABILBA,107867,CPR & PFA (AM),1,24,true,2058385,2026-09-15T09:00:00+10:00,Provide CPR (AM),CPR-009,1,8,7,true
has_room,YARRABILBA,107867,CPR & PFA (AM),1,24,true,2058389,2026-09-15T09:00:00+10:00,Provide First Aid (AM),PFA-011,0,24,24,true
has_room,YARRABILBA,107868,CPR & PFA (AM),3,24,true,2058386,2026-09-22T09:00:00+10:00,Provide CPR (AM),CPR-009,2,8,6,true
has_room,YARRABILBA,107868,CPR & PFA (AM),3,24,true,2058390,2026-09-22T09:00:00+10:00,Provide First Aid (AM),PFA-011,1,24,23,true
has_room,YARRABILBA,107869,CPR & PFA (AM),0,24,true,2058387,2026-09-29T09:00:00+10:00,Provide CPR (AM),CPR-009,0,8,8,true
has_room,YARRABILBA,107869,CPR & PFA (AM),0,24,true,2058391,2026-09-29T09:00:00+10:00,Provide First Aid (AM),PFA-011,0,24,24,true
has_room,YARRABILBA,109426,CPR & PFA (AM),0,24,true,2063098,2026-10-13T09:00:00+10:00,Provide CPR (AM),CPR-009,0,8,8,true
has_room,YARRABILBA,109426,CPR & PFA (AM),0,24,true,2063101,2026-10-13T09:00:00+10:00,Provide First Aid (AM),PFA-011,0,24,24,true
has_room,YARRABILBA,109427,CPR & PFA (AM),0,24,true,2063099,2026-10-20T09:00:00+10:00,Provide CPR (AM),CPR-009,0,8,8,true
has_room,YARRABILBA,109427,CPR & PFA (AM),0,24,true,2063102,2026-10-20T09:00:00+10:00,Provide First Aid (AM),PFA-011,0,24,24,true
has_room,YARRABILBA,109428,CPR & PFA (AM),0,24,true,2063100,2026-10-27T09:00:00+10:00,Provide CPR (AM),CPR-009,0,8,8,true
has_room,YARRABILBA,109428,CPR & PFA (AM),0,24,true,2063103,2026-10-27T09:00:00+10:00,Provide First Aid (AM),PFA-011,0,24,24,true
has_room,YARRABILBA,109429,CPR/PFA/EFA,0,24,true,2063104,2026-10-06T09:00:00+10:00,Provide CPR (AM),CPR-009,0,8,8,true
has_room,YARRABILBA,109429,CPR/PFA/EFA,0,24,true,2063105,2026-10-06T09:00:00+10:00,Provide First Aid (AM),PFA-011,0,24,24,true
has_room,YARRABILBA,109429,CPR/PFA/EFA,0,24,true,2063106,2026-10-06T09:00:00+10:00,Childcare First Aid (AM),EFA-012,0,24,24,true
has_room,YATALA,106936,CPR & PFA (AM),20,24,true,2055606,2026-08-27T11:30:00+10:00,Provide CPR (AM),CPR-009,6,12,6,true
has_room,YATALA,106936,CPR & PFA (AM),20,24,true,2055616,2026-08-27T11:30:00+10:00,Provide First Aid (AM),PFA-011,14,24,10,true
has_room,YATALA,106937,CPR & PFA (AM),11,24,true,2055607,2026-08-31T11:30:00+10:00,Provide CPR (AM),CPR-009,3,12,9,true
has_room,YATALA,106937,CPR & PFA (AM),11,24,true,2055617,2026-08-31T11:30:00+10:00,Provide First Aid (AM),PFA-011,8,24,16,true
has_room,YATALA,107870,CPR & PFA (AM),21,24,true,2058396,2026-09-03T11:30:00+10:00,Provide CPR (AM),CPR-009,6,12,6,true
has_room,YATALA,107870,CPR & PFA (AM),21,24,true,2058405,2026-09-03T11:30:00+10:00,Provide First Aid (AM),PFA-011,15,24,9,true
has_room,YATALA,107871,CPR & PFA (AM),8,24,true,2058397,2026-09-05T11:30:00+10:00,Provide CPR (AM),CPR-009,2,12,10,true
has_room,YATALA,107871,CPR & PFA (AM),8,24,true,2058406,2026-09-05T11:30:00+10:00,Provide First Aid (AM),PFA-011,6,24,18,true
has_room,YATALA,107872,CPR & PFA (AM),8,24,true,2058398,2026-09-08T11:30:00+10:00,Provide CPR (AM),CPR-009,1,12,11,true
has_room,YATALA,107872,CPR & PFA (AM),8,24,true,2058407,2026-09-08T11:30:00+10:00,Provide First Aid (AM),PFA-011,7,24,17,true
has_room,YATALA,107873,CPR & PFA (AM),9,24,true,2058399,2026-09-11T11:30:00+10:00,Provide CPR (AM),CPR-009,7,12,5,true
has_room,YATALA,107873,CPR & PFA (AM),9,24,true,2058408,2026-09-11T11:30:00+10:00,Provide First Aid (AM),PFA-011,2,24,22,true
has_room,YATALA,107874,CPR & PFA (AM),5,24,true,2058400,2026-09-14T11:30:00+10:00,Provide CPR (AM),CPR-009,1,12,11,true
has_room,YATALA,107874,CPR & PFA (AM),5,24,true,2058409,2026-09-14T11:30:00+10:00,Provide First Aid (AM),PFA-011,4,24,20,true
has_room,YATALA,107875,CPR & PFA (AM),0,24,true,2058401,2026-09-18T11:30:00+10:00,Provide CPR (AM),CPR-009,0,12,12,true
has_room,YATALA,107875,CPR & PFA (AM),0,24,true,2058410,2026-09-18T11:30:00+10:00,Provide First Aid (AM),PFA-011,0,24,24,true
has_room,YATALA,107876,CPR & PFA (AM),3,24,true,2058402,2026-09-21T11:30:00+10:00,Provide CPR (AM),CPR-009,0,12,12,true
has_room,YATALA,107876,CPR & PFA (AM),3,24,true,2058411,2026-09-21T11:30:00+10:00,Provide First Aid (AM),PFA-011,3,24,21,true
has_room,YATALA,107877,CPR & PFA (AM),6,24,true,2058403,2026-09-24T11:30:00+10:00,Provide CPR (AM),CPR-009,6,12,6,true
has_room,YATALA,107877,CPR & PFA (AM),6,24,true,2058412,2026-09-24T11:30:00+10:00,Provide First Aid (AM),PFA-011,0,24,24,true
has_room,YATALA,107878,CPR & PFA (AM),6,24,true,2058404,2026-09-28T11:30:00+10:00,Provide CPR (AM),CPR-009,5,12,7,true
has_room,YATALA,107878,CPR & PFA (AM),6,24,true,2058413,2026-09-28T11:30:00+10:00,Provide First Aid (AM),PFA-011,1,24,23,true
has_room,YATALA,109430,CPR & PFA (AM),1,24,true,2063107,2026-10-01T11:30:00+10:00,Provide CPR (AM),CPR-009,0,12,12,true
has_room,YATALA,109430,CPR & PFA (AM),1,24,true,2063118,2026-10-01T11:30:00+10:00,Provide First Aid (AM),PFA-011,1,24,23,true
has_room,YATALA,109431,CPR & PFA (AM),0,24,true,2063108,2026-10-03T11:30:00+10:00,Provide CPR (AM),CPR-009,0,12,12,true
has_room,YATALA,109431,CPR & PFA (AM),0,24,true,2063119,2026-10-03T11:30:00+10:00,Provide First Aid (AM),PFA-011,0,24,24,true
has_room,YATALA,109432,CPR & PFA (AM),0,24,true,2063109,2026-10-06T11:30:00+10:00,Provide CPR (AM),CPR-009,0,12,12,true
has_room,YATALA,109432,CPR & PFA (AM),0,24,true,2063120,2026-10-06T11:30:00+10:00,Provide First Aid (AM),PFA-011,0,24,24,true
has_room,YATALA,109433,CPR & PFA (AM),0,24,true,2063110,2026-10-09T11:30:00+10:00,Provide CPR (AM),CPR-009,0,12,12,true
has_room,YATALA,109433,CPR & PFA (AM),0,24,true,2063121,2026-10-09T11:30:00+10:00,Provide First Aid (AM),PFA-011,0,24,24,true
has_room,YATALA,109434,CPR & PFA (AM),0,24,true,2063111,2026-10-12T11:30:00+10:00,Provide CPR (AM),CPR-009,0,12,12,true
has_room,YATALA,109434,CPR & PFA (AM),0,24,true,2063122,2026-10-12T11:30:00+10:00,Provide First Aid (AM),PFA-011,0,24,24,true
has_room,YATALA,109435,CPR & PFA (AM),0,24,true,2063112,2026-10-16T11:30:00+10:00,Provide CPR (AM),CPR-009,0,12,12,true
has_room,YATALA,109435,CPR & PFA (AM),0,24,true,2063123,2026-10-16T11:30:00+10:00,Provide First Aid (AM),PFA-011,0,24,24,true
has_room,YATALA,109436,CPR & PFA (AM),0,24,true,2063113,2026-10-19T11:30:00+10:00,Provide CPR (AM),CPR-009,0,12,12,true
has_room,YATALA,109436,CPR & PFA (AM),0,24,true,2063124,2026-10-19T11:30:00+10:00,Provide First Aid (AM),PFA-011,0,24,24,true
has_room,YATALA,109437,CPR & PFA (AM),0,24,true,2063114,2026-10-22T11:30:00+10:00,Provide CPR (AM),CPR-009,0,12,12,true
has_room,YATALA,109437,CPR & PFA (AM),0,24,true,2063125,2026-10-22T11:30:00+10:00,Provide First Aid (AM),PFA-011,0,24,24,true
has_room,YATALA,109438,CPR & PFA (AM),1,24,true,2063115,2026-10-26T11:30:00+10:00,Provide CPR (AM),CPR-009,1,12,11,true
has_room,YATALA,109438,CPR & PFA (AM),1,24,true,2063126,2026-10-26T11:30:00+10:00,Provide First Aid (AM),PFA-011,0,24,24,true
has_room,YATALA,109439,CPR & PFA (AM),0,24,true,2063116,2026-10-29T11:30:00+10:00,Provide CPR (AM),CPR-009,0,12,12,true
has_room,YATALA,109439,CPR & PFA (AM),0,24,true,2063127,2026-10-29T11:30:00+10:00,Provide First Aid (AM),PFA-011,0,24,24,true
has_room,YATALA,109440,CPR & PFA (AM),0,24,true,2063117,2026-10-31T11:30:00+10:00,Provide CPR (AM),CPR-009,0,12,12,true
has_room,YATALA,109440,CPR & PFA (AM),0,24,true,2063128,2026-10-31T11:30:00+10:00,Provide First Aid (AM),PFA-011,0,24,24,true
has_room,YEPPOON,108253,CPR/PFA/EFA,16,20,true,2059536,2026-09-11T09:00:00+10:00,Provide CPR (AM),CPR-009,9,20,11,true
has_room,YEPPOON,108253,CPR/PFA/EFA,16,20,true,2059537,2026-09-11T09:00:00+10:00,Provide First Aid (AM),PFA-011,5,20,15,true
has_room,YEPPOON,108253,CPR/PFA/EFA,16,20,true,2059538,2026-09-11T09:00:00+10:00,Childcare First Aid (AM),EFA-012,2,20,18,true
has_room,YEPPOON,108255,CPR & PFA (AM),10,20,true,2059540,2026-09-28T09:00:00+10:00,Provide CPR (AM),CPR-009,5,20,15,true
has_room,YEPPOON,108255,CPR & PFA (AM),10,20,true,2059542,2026-09-28T09:00:00+10:00,Provide First Aid (AM),PFA-011,5,20,15,true
has_room,YEPPOON,108801,CPR/PFA/EFA,0,20,true,2061223,2026-10-09T09:00:00+10:00,Provide CPR (AM),CPR-009,0,20,20,true
has_room,YEPPOON,108801,CPR/PFA/EFA,0,20,true,2061224,2026-10-09T09:00:00+10:00,Provide First Aid (AM),PFA-011,0,20,20,true
has_room,YEPPOON,108801,CPR/PFA/EFA,0,20,true,2061225,2026-10-09T09:00:00+10:00,Childcare First Aid (AM),EFA-012,0,20,20,true
has_room,YEPPOON,108802,CPR & PFA (AM),1,20,true,2061226,2026-10-19T09:00:00+10:00,Provide CPR (AM),CPR-009,0,20,20,true
has_room,YEPPOON,108802,CPR & PFA (AM),1,20,true,2061228,2026-10-19T09:00:00+10:00,Provide First Aid (AM),PFA-011,1,20,19,true
has_room,YEPPOON,108803,CPR & PFA (AM),0,20,true,2061227,2026-10-26T09:00:00+10:00,Provide CPR (AM),CPR-009,0,20,20,true
has_room,YEPPOON,108803,CPR & PFA (AM),0,20,true,2061229,2026-10-26T09:00:00+10:00,Provide First Aid (AM),PFA-011,0,20,20,true
